request_id,patient,doctor_id,procedure_type,acceptable_room_type,requested_start,duration_min
A1,Patient 1,D26,Crown,General Operatory,14:20,56
A2,Patient 2,D527,Root Canal,Endodontic Operatory,11:05,74
A3,Patient 3,D304,Crown,General Operatory,11:45,36
A4,Patient 4,D85,Crown,General Operatory,11:45,35
A5,Patient 5,D547,Checkup/Cleaning,General Operatory,11:25,32
A6,Patient 6,D219,Crown,General Operatory,15:15,43
A7,Patient 7,D211,Filling,General Operatory,12:40,47
A8,Patient 8,D703,Checkup/Cleaning,General Operatory,13:00,44
A9,Patient 9,D39,Checkup/Cleaning,General Operatory,11:05,31
A10,Patient 10,D572,Checkup/Cleaning,General Operatory,11:00,56
A11,Patient 11,D418,Filling,General Operatory,11:35,60
A12,Patient 12,D324,Checkup/Cleaning,General Operatory,11:20,51
A13,Patient 13,D7,Extraction,General Operatory,10:25,39
A14,Patient 14,D47,Extraction,General Operatory,12:50,22
A15,Patient 15,D109,Checkup/Cleaning,General Operatory,11:50,51
A16,Patient 16,D89,Checkup/Cleaning,General Operatory,10:05,59
A17,Patient 17,D405,Root Canal,Endodontic Operatory,11:15,60
A18,Patient 18,D547,Checkup/Cleaning,General Operatory,12:45,53
A19,Patient 19,D303,X-ray/Imaging,Imaging Room,10:25,11
A20,Patient 20,D12,Filling,General Operatory,09:15,55
A21,Patient 21,D43,Checkup/Cleaning,General Operatory,11:45,49
A22,Patient 22,D561,Crown,General Operatory,11:10,39
A23,Patient 23,D217,Filling,General Operatory,09:20,52
A24,Patient 24,D189,Checkup/Cleaning,General Operatory,11:20,56
A25,Patient 25,D118,Checkup/Cleaning,General Operatory,12:35,55
A26,Patient 26,D563,Filling,General Operatory,09:25,55
A27,Patient 27,D688,Checkup/Cleaning,General Operatory,09:50,33
A28,Patient 28,D499,X-ray/Imaging,Imaging Room,10:05,12
A29,Patient 29,D103,Checkup/Cleaning,General Operatory,09:30,32
A30,Patient 30,D498,Filling,General Operatory,13:50,59
A31,Patient 31,D711,Filling,General Operatory,12:55,56
A32,Patient 32,D324,X-ray/Imaging,Imaging Room,11:10,11
A33,Patient 33,D253,Root Canal,Endodontic Operatory,13:45,82
A34,Patient 34,D284,Root Canal,Endodontic Operatory,12:50,64
A35,Patient 35,D492,Filling,General Operatory,11:25,42
A36,Patient 36,D499,Filling,General Operatory,13:25,31
A37,Patient 37,D84,Root Canal,Endodontic Operatory,13:40,87
A38,Patient 38,D552,Checkup/Cleaning,General Operatory,10:25,53
A39,Patient 39,D745,Checkup/Cleaning,General Operatory,15:50,30
A40,Patient 40,D647,Checkup/Cleaning,General Operatory,13:00,48
A41,Patient 41,D605,Checkup/Cleaning,General Operatory,10:50,31
A42,Patient 42,D557,Crown,General Operatory,09:55,47
A43,Patient 43,D375,Filling,General Operatory,12:50,57
A44,Patient 44,D138,Filling,General Operatory,10:10,52
A45,Patient 45,D373,Filling,General Operatory,15:50,35
A46,Patient 46,D701,Checkup/Cleaning,General Operatory,10:15,46
A47,Patient 47,D164,Checkup/Cleaning,General Operatory,10:30,60
A48,Patient 48,D750,Filling,General Operatory,11:00,42
A49,Patient 49,D500,Checkup/Cleaning,General Operatory,10:05,38
A50,Patient 50,D44,Extraction,General Operatory,15:35,36
A51,Patient 51,D398,Filling,General Operatory,10:45,49
A52,Patient 52,D665,Checkup/Cleaning,General Operatory,14:15,52
A53,Patient 53,D281,Root Canal,Endodontic Operatory,10:50,68
A54,Patient 54,D584,Checkup/Cleaning,General Operatory,12:35,50
A55,Patient 55,D602,Extraction,General Operatory,14:05,22
A56,Patient 56,D386,X-ray/Imaging,Imaging Room,14:20,11
A57,Patient 57,D362,Root Canal,Endodontic Operatory,11:35,71
A58,Patient 58,D619,Checkup/Cleaning,General Operatory,10:10,58
A59,Patient 59,D170,Checkup/Cleaning,General Operatory,13:55,46
A60,Patient 60,D217,Checkup/Cleaning,General Operatory,10:30,35
A61,Patient 61,D735,Root Canal,Endodontic Operatory,11:05,81
A62,Patient 62,D339,Extraction,General Operatory,11:00,35
A63,Patient 63,D491,Checkup/Cleaning,General Operatory,13:10,35
A64,Patient 64,D23,Checkup/Cleaning,General Operatory,11:10,34
A65,Patient 65,D165,Checkup/Cleaning,General Operatory,11:20,46
A66,Patient 66,D151,Checkup/Cleaning,General Operatory,10:20,38
A67,Patient 67,D416,Filling,General Operatory,13:35,56
A68,Patient 68,D737,Extraction,General Operatory,10:00,29
A69,Patient 69,D460,Extraction,General Operatory,11:45,35
A70,Patient 70,D175,Checkup/Cleaning,General Operatory,10:35,43
A71,Patient 71,D597,Root Canal,Endodontic Operatory,14:00,65
A72,Patient 72,D271,Checkup/Cleaning,General Operatory,11:40,51
A73,Patient 73,D611,Filling,General Operatory,10:15,34
A74,Patient 74,D136,Checkup/Cleaning,General Operatory,14:15,36
A75,Patient 75,D701,Filling,General Operatory,12:55,29
A76,Patient 76,D182,Filling,General Operatory,13:35,59
A77,Patient 77,D545,Filling,General Operatory,09:40,27
A78,Patient 78,D676,Checkup/Cleaning,General Operatory,13:35,49
A79,Patient 79,D695,Extraction,General Operatory,11:40,36
A80,Patient 80,D45,Extraction,General Operatory,10:15,33
A81,Patient 81,D391,Filling,General Operatory,09:35,56
A82,Patient 82,D138,Checkup/Cleaning,General Operatory,09:50,54
A83,Patient 83,D291,Filling,General Operatory,11:25,54
A84,Patient 84,D194,Checkup/Cleaning,General Operatory,15:00,53
A85,Patient 85,D592,Filling,General Operatory,09:30,53
A86,Patient 86,D671,Checkup/Cleaning,General Operatory,10:10,55
A87,Patient 87,D371,Checkup/Cleaning,General Operatory,11:05,43
A88,Patient 88,D260,Checkup/Cleaning,General Operatory,11:45,47
A89,Patient 89,D375,Extraction,General Operatory,14:30,32
A90,Patient 90,D424,Filling,General Operatory,09:55,55
A91,Patient 91,D380,Filling,General Operatory,12:30,50
A92,Patient 92,D592,Checkup/Cleaning,General Operatory,09:55,52
A93,Patient 93,D676,Checkup/Cleaning,General Operatory,12:25,37
A94,Patient 94,D103,Checkup/Cleaning,General Operatory,11:30,42
A95,Patient 95,D564,Extraction,General Operatory,11:10,21
A96,Patient 96,D652,Checkup/Cleaning,General Operatory,11:25,32
A97,Patient 97,D483,Crown,General Operatory,09:15,43
A98,Patient 98,D270,Checkup/Cleaning,General Operatory,12:50,32
A99,Patient 99,D742,Filling,General Operatory,14:10,45
A100,Patient 100,D294,Extraction,General Operatory,10:55,39
A101,Patient 101,D656,Filling,General Operatory,10:20,20
A102,Patient 102,D293,Checkup/Cleaning,General Operatory,10:55,55
A103,Patient 103,D529,Extraction,General Operatory,10:50,39
A104,Patient 104,D369,Checkup/Cleaning,General Operatory,09:15,30
A105,Patient 105,D283,Root Canal,Endodontic Operatory,10:35,71
A106,Patient 106,D416,Filling,General Operatory,10:50,53
A107,Patient 107,D93,Filling,General Operatory,12:55,55
A108,Patient 108,D356,X-ray/Imaging,Imaging Room,10:30,12
A109,Patient 109,D200,Filling,General Operatory,12:40,45
A110,Patient 110,D268,Checkup/Cleaning,General Operatory,11:20,46
A111,Patient 111,D75,Filling,General Operatory,10:15,41
A112,Patient 112,D264,Crown,General Operatory,11:35,56
A113,Patient 113,D257,Extraction,General Operatory,14:15,32
A114,Patient 114,D250,Root Canal,Endodontic Operatory,14:00,90
A115,Patient 115,D698,Filling,General Operatory,14:00,57
A116,Patient 116,D494,Checkup/Cleaning,General Operatory,12:55,32
A117,Patient 117,D226,Extraction,General Operatory,15:40,27
A118,Patient 118,D423,X-ray/Imaging,Imaging Room,10:45,14
A119,Patient 119,D718,Root Canal,Endodontic Operatory,09:45,67
A120,Patient 120,D409,Extraction,General Operatory,11:20,30
A121,Patient 121,D183,Filling,General Operatory,09:45,42
A122,Patient 122,D276,Checkup/Cleaning,General Operatory,13:45,53
A123,Patient 123,D511,Extraction,General Operatory,13:05,27
A124,Patient 124,D272,Checkup/Cleaning,General Operatory,14:30,36
A125,Patient 125,D634,Filling,General Operatory,09:15,26
A126,Patient 126,D693,X-ray/Imaging,Imaging Room,13:55,13
A127,Patient 127,D555,X-ray/Imaging,Imaging Room,10:40,13
A128,Patient 128,D323,Filling,General Operatory,15:15,56
A129,Patient 129,D503,Checkup/Cleaning,General Operatory,12:50,54
A130,Patient 130,D408,Checkup/Cleaning,General Operatory,09:10,48
A131,Patient 131,D539,Root Canal,Endodontic Operatory,13:25,75
A132,Patient 132,D515,Checkup/Cleaning,General Operatory,13:45,57
A133,Patient 133,D469,X-ray/Imaging,Imaging Room,13:25,15
A134,Patient 134,D324,Extraction,General Operatory,14:05,20
A135,Patient 135,D389,Filling,General Operatory,11:55,40
A136,Patient 136,D266,Checkup/Cleaning,General Operatory,11:05,38
A137,Patient 137,D483,X-ray/Imaging,Imaging Room,10:10,12
A138,Patient 138,D511,Filling,General Operatory,13:00,46
A139,Patient 139,D374,Crown,General Operatory,12:25,38
A140,Patient 140,D586,Checkup/Cleaning,General Operatory,10:40,48
A141,Patient 141,D103,Extraction,General Operatory,11:05,27
A142,Patient 142,D391,Checkup/Cleaning,General Operatory,10:30,55
A143,Patient 143,D485,Root Canal,Endodontic Operatory,11:35,65
A144,Patient 144,D138,X-ray/Imaging,Imaging Room,13:30,15
A145,Patient 145,D738,Checkup/Cleaning,General Operatory,12:30,45
A146,Patient 146,D576,Crown,General Operatory,12:25,31
A147,Patient 147,D708,Checkup/Cleaning,General Operatory,11:30,36
A148,Patient 148,D488,Root Canal,Endodontic Operatory,11:25,63
A149,Patient 149,D267,Filling,General Operatory,12:50,55
A150,Patient 150,D353,Checkup/Cleaning,General Operatory,11:55,33
A151,Patient 151,D204,Filling,General Operatory,10:00,54
A152,Patient 152,D364,Checkup/Cleaning,General Operatory,10:15,46
A153,Patient 153,D81,Filling,General Operatory,11:55,38
A154,Patient 154,D149,Crown,General Operatory,15:25,50
A155,Patient 155,D432,Extraction,General Operatory,11:20,38
A156,Patient 156,D82,Checkup/Cleaning,General Operatory,12:35,37
A157,Patient 157,D669,Checkup/Cleaning,General Operatory,10:55,38
A158,Patient 158,D278,Crown,General Operatory,15:20,54
A159,Patient 159,D602,Filling,General Operatory,12:20,48
A160,Patient 160,D189,Crown,General Operatory,13:00,34
A161,Patient 161,D678,Checkup/Cleaning,General Operatory,12:40,53
A162,Patient 162,D216,Checkup/Cleaning,General Operatory,10:50,33
A163,Patient 163,D485,Filling,General Operatory,14:50,21
A164,Patient 164,D537,Root Canal,Endodontic Operatory,11:00,62
A165,Patient 165,D633,Checkup/Cleaning,General Operatory,12:30,50
A166,Patient 166,D235,Checkup/Cleaning,General Operatory,11:55,39
A167,Patient 167,D130,Checkup/Cleaning,General Operatory,09:10,56
A168,Patient 168,D36,Extraction,General Operatory,14:45,30
A169,Patient 169,D479,X-ray/Imaging,Imaging Room,12:00,14
A170,Patient 170,D456,Checkup/Cleaning,General Operatory,10:55,60
A171,Patient 171,D182,Filling,General Operatory,14:15,49
A172,Patient 172,D578,Filling,General Operatory,14:05,60
A173,Patient 173,D318,Crown,General Operatory,12:55,45
A174,Patient 174,D92,Filling,General Operatory,10:05,43
A175,Patient 175,D160,Checkup/Cleaning,General Operatory,10:45,30
A176,Patient 176,D353,Checkup/Cleaning,General Operatory,10:15,47
A177,Patient 177,D489,Checkup/Cleaning,General Operatory,12:25,54
A178,Patient 178,D612,Checkup/Cleaning,General Operatory,13:10,30
A179,Patient 179,D194,Filling,General Operatory,12:35,55
A180,Patient 180,D256,Checkup/Cleaning,General Operatory,13:00,53
A181,Patient 181,D388,Checkup/Cleaning,General Operatory,11:55,32
A182,Patient 182,D246,Filling,General Operatory,14:10,59
A183,Patient 183,D292,Extraction,General Operatory,14:30,37
A184,Patient 184,D423,Checkup/Cleaning,General Operatory,09:20,32
A185,Patient 185,D297,Checkup/Cleaning,General Operatory,13:05,44
A186,Patient 186,D279,Extraction,General Operatory,09:30,35
A187,Patient 187,D20,Checkup/Cleaning,General Operatory,09:55,47
A188,Patient 188,D105,Checkup/Cleaning,General Operatory,11:00,34
A189,Patient 189,D745,Checkup/Cleaning,General Operatory,10:45,32
A190,Patient 190,D506,Checkup/Cleaning,General Operatory,11:45,43
A191,Patient 191,D381,Filling,General Operatory,12:25,22
A192,Patient 192,D150,Checkup/Cleaning,General Operatory,09:50,54
A193,Patient 193,D557,Filling,General Operatory,11:30,32
A194,Patient 194,D391,Root Canal,Endodontic Operatory,11:05,63
A195,Patient 195,D395,Root Canal,Endodontic Operatory,09:05,74
A196,Patient 196,D204,Filling,General Operatory,13:00,26
A197,Patient 197,D485,Filling,General Operatory,11:25,39
A198,Patient 198,D645,Extraction,General Operatory,10:40,37
A199,Patient 199,D260,Filling,General Operatory,10:10,39
A200,Patient 200,D54,Crown,General Operatory,09:25,36
A201,Patient 201,D649,Filling,General Operatory,10:05,20
A202,Patient 202,D599,Checkup/Cleaning,General Operatory,09:05,55
A203,Patient 203,D44,Filling,General Operatory,14:15,50
A204,Patient 204,D159,Filling,General Operatory,10:00,25
A205,Patient 205,D512,Checkup/Cleaning,General Operatory,11:50,49
A206,Patient 206,D62,Checkup/Cleaning,General Operatory,09:40,50
A207,Patient 207,D110,Checkup/Cleaning,General Operatory,12:50,37
A208,Patient 208,D661,Root Canal,Endodontic Operatory,09:45,85
A209,Patient 209,D22,Extraction,General Operatory,10:40,31
A210,Patient 210,D257,Crown,General Operatory,14:05,45
A211,Patient 211,D573,Checkup/Cleaning,General Operatory,09:55,52
A212,Patient 212,D581,Checkup/Cleaning,General Operatory,11:40,41
A213,Patient 213,D282,Crown,General Operatory,11:40,49
A214,Patient 214,D165,Checkup/Cleaning,General Operatory,12:35,34
A215,Patient 215,D270,Filling,General Operatory,10:25,49
A216,Patient 216,D519,Filling,General Operatory,11:25,31
A217,Patient 217,D373,Root Canal,Endodontic Operatory,12:10,67
A218,Patient 218,D675,X-ray/Imaging,Imaging Room,11:25,13
A219,Patient 219,D700,Filling,General Operatory,09:45,55
A220,Patient 220,D290,Checkup/Cleaning,General Operatory,11:15,50
A221,Patient 221,D99,Filling,General Operatory,10:55,24
A222,Patient 222,D183,Crown,General Operatory,09:40,36
A223,Patient 223,D197,Checkup/Cleaning,General Operatory,13:00,48
A224,Patient 224,D674,Filling,General Operatory,10:55,59
A225,Patient 225,D263,Checkup/Cleaning,General Operatory,10:35,37
A226,Patient 226,D14,Crown,General Operatory,13:15,36
A227,Patient 227,D82,Filling,General Operatory,11:05,60
A228,Patient 228,D572,Extraction,General Operatory,15:40,33
A229,Patient 229,D726,Checkup/Cleaning,General Operatory,10:20,49
A230,Patient 230,D42,Extraction,General Operatory,10:00,29
A231,Patient 231,D532,Checkup/Cleaning,General Operatory,11:20,53
A232,Patient 232,D395,Checkup/Cleaning,General Operatory,10:40,46
A233,Patient 233,D584,Extraction,General Operatory,14:25,25
A234,Patient 234,D426,Extraction,General Operatory,14:05,40
A235,Patient 235,D691,Filling,General Operatory,10:55,47
A236,Patient 236,D185,Filling,General Operatory,09:55,52
A237,Patient 237,D547,X-ray/Imaging,Imaging Room,12:45,13
A238,Patient 238,D564,X-ray/Imaging,Imaging Room,15:55,12
A239,Patient 239,D423,Root Canal,Endodontic Operatory,11:05,73
A240,Patient 240,D624,Checkup/Cleaning,General Operatory,10:10,47
A241,Patient 241,D564,Crown,General Operatory,12:40,38
A242,Patient 242,D459,X-ray/Imaging,Imaging Room,13:00,10
A243,Patient 243,D292,Filling,General Operatory,10:05,53
A244,Patient 244,D7,Checkup/Cleaning,General Operatory,10:05,37
A245,Patient 245,D23,Root Canal,Endodontic Operatory,10:20,90
A246,Patient 246,D567,Filling,General Operatory,10:30,56
A247,Patient 247,D97,Checkup/Cleaning,General Operatory,09:55,41
A248,Patient 248,D272,Filling,General Operatory,09:55,57
A249,Patient 249,D263,Root Canal,Endodontic Operatory,10:40,62
A250,Patient 250,D583,Crown,General Operatory,09:30,53
A251,Patient 251,D495,Checkup/Cleaning,General Operatory,10:55,56
A252,Patient 252,D98,Filling,General Operatory,11:20,39
A253,Patient 253,D391,Checkup/Cleaning,General Operatory,11:35,31
A254,Patient 254,D357,Crown,General Operatory,09:55,43
A255,Patient 255,D233,Extraction,General Operatory,11:25,39
A256,Patient 256,D648,Filling,General Operatory,13:45,39
A257,Patient 257,D327,Filling,General Operatory,10:25,29
A258,Patient 258,D715,Checkup/Cleaning,General Operatory,11:00,31
A259,Patient 259,D457,Root Canal,Endodontic Operatory,12:25,78
A260,Patient 260,D228,Filling,General Operatory,09:15,45
A261,Patient 261,D345,Checkup/Cleaning,General Operatory,10:30,48
A262,Patient 262,D562,Filling,General Operatory,11:50,25
A263,Patient 263,D445,Root Canal,Endodontic Operatory,14:00,64
A264,Patient 264,D493,Filling,General Operatory,12:45,51
A265,Patient 265,D201,Filling,General Operatory,10:00,53
A266,Patient 266,D74,Checkup/Cleaning,General Operatory,11:50,43
A267,Patient 267,D92,Checkup/Cleaning,General Operatory,10:10,43
A268,Patient 268,D357,Checkup/Cleaning,General Operatory,10:30,41
A269,Patient 269,D313,Checkup/Cleaning,General Operatory,14:10,41
A270,Patient 270,D639,Checkup/Cleaning,General Operatory,15:30,31
A271,Patient 271,D205,Extraction,General Operatory,14:25,24
A272,Patient 272,D116,Extraction,General Operatory,10:45,27
A273,Patient 273,D295,Checkup/Cleaning,General Operatory,14:10,52
A274,Patient 274,D313,Filling,General Operatory,12:35,21
A275,Patient 275,D551,Checkup/Cleaning,General Operatory,12:55,47
A276,Patient 276,D562,Filling,General Operatory,12:50,29
A277,Patient 277,D386,Filling,General Operatory,11:00,53
A278,Patient 278,D175,Checkup/Cleaning,General Operatory,11:50,36
A279,Patient 279,D278,Checkup/Cleaning,General Operatory,10:50,50
A280,Patient 280,D398,Extraction,General Operatory,15:20,31
A281,Patient 281,D20,Checkup/Cleaning,General Operatory,12:55,58
A282,Patient 282,D237,X-ray/Imaging,Imaging Room,13:00,14
A283,Patient 283,D324,Filling,General Operatory,13:35,58
A284,Patient 284,D191,Checkup/Cleaning,General Operatory,10:15,60
A285,Patient 285,D730,Checkup/Cleaning,General Operatory,10:50,37
A286,Patient 286,D342,Filling,General Operatory,11:10,30
A287,Patient 287,D701,Filling,General Operatory,11:20,60
A288,Patient 288,D514,Checkup/Cleaning,General Operatory,13:00,31
A289,Patient 289,D397,Crown,General Operatory,09:40,56
A290,Patient 290,D287,Checkup/Cleaning,General Operatory,10:00,40
A291,Patient 291,D90,Extraction,General Operatory,13:25,36
A292,Patient 292,D641,Extraction,General Operatory,11:25,33
A293,Patient 293,D157,Filling,General Operatory,14:05,39
A294,Patient 294,D460,Filling,General Operatory,10:40,33
A295,Patient 295,D595,Filling,General Operatory,15:25,32
A296,Patient 296,D317,Extraction,General Operatory,10:15,36
A297,Patient 297,D149,Extraction,General Operatory,11:05,38
A298,Patient 298,D70,Filling,General Operatory,09:30,27
A299,Patient 299,D150,Extraction,General Operatory,10:20,30
A300,Patient 300,D311,Filling,General Operatory,12:50,60
A301,Patient 301,D156,Root Canal,Endodontic Operatory,09:15,63
A302,Patient 302,D27,Root Canal,Endodontic Operatory,10:25,79
A303,Patient 303,D621,Filling,General Operatory,10:45,34
A304,Patient 304,D237,Extraction,General Operatory,10:15,31
A305,Patient 305,D138,Filling,General Operatory,11:30,58
A306,Patient 306,D189,Crown,General Operatory,11:20,45
A307,Patient 307,D168,Checkup/Cleaning,General Operatory,11:15,31
A308,Patient 308,D277,X-ray/Imaging,Imaging Room,14:10,11
A309,Patient 309,D210,Checkup/Cleaning,General Operatory,11:45,59
A310,Patient 310,D502,Extraction,General Operatory,11:15,34
A311,Patient 311,D415,Root Canal,Endodontic Operatory,10:30,79
A312,Patient 312,D738,Checkup/Cleaning,General Operatory,14:15,49
A313,Patient 313,D609,Filling,General Operatory,10:45,22
A314,Patient 314,D463,Filling,General Operatory,10:20,22
A315,Patient 315,D551,Filling,General Operatory,13:15,22
A316,Patient 316,D529,Root Canal,Endodontic Operatory,10:50,90
A317,Patient 317,D299,Filling,General Operatory,15:30,39
A318,Patient 318,D473,Checkup/Cleaning,General Operatory,12:45,39
A319,Patient 319,D707,Filling,General Operatory,12:45,29
A320,Patient 320,D93,Extraction,General Operatory,10:25,23
A321,Patient 321,D713,Filling,General Operatory,12:30,45
A322,Patient 322,D462,Checkup/Cleaning,General Operatory,10:40,44
A323,Patient 323,D466,Checkup/Cleaning,General Operatory,10:40,40
A324,Patient 324,D736,Extraction,General Operatory,11:15,22
A325,Patient 325,D650,Filling,General Operatory,13:00,53
A326,Patient 326,D745,Root Canal,Endodontic Operatory,13:30,76
A327,Patient 327,D388,Filling,General Operatory,14:35,22
A328,Patient 328,D344,Filling,General Operatory,09:55,29
A329,Patient 329,D184,Root Canal,Endodontic Operatory,10:00,61
A330,Patient 330,D317,Extraction,General Operatory,11:55,34
A331,Patient 331,D186,Checkup/Cleaning,General Operatory,09:45,34
A332,Patient 332,D638,Root Canal,Endodontic Operatory,10:15,60
A333,Patient 333,D511,Filling,General Operatory,13:25,20
A334,Patient 334,D244,Checkup/Cleaning,General Operatory,11:40,51
A335,Patient 335,D420,Filling,General Operatory,13:30,58
A336,Patient 336,D251,Crown,General Operatory,13:25,38
A337,Patient 337,D571,Root Canal,Endodontic Operatory,09:15,66
A338,Patient 338,D152,Checkup/Cleaning,General Operatory,10:55,41
A339,Patient 339,D34,Extraction,General Operatory,10:10,39
A340,Patient 340,D90,Checkup/Cleaning,General Operatory,09:55,43
A341,Patient 341,D689,Checkup/Cleaning,General Operatory,14:15,51
A342,Patient 342,D587,Root Canal,Endodontic Operatory,11:40,65
A343,Patient 343,D369,Crown,General Operatory,11:35,32
A344,Patient 344,D331,Filling,General Operatory,15:10,44
A345,Patient 345,D438,Root Canal,Endodontic Operatory,12:35,62
A346,Patient 346,D138,Checkup/Cleaning,General Operatory,11:30,57
A347,Patient 347,D540,Filling,General Operatory,14:00,33
A348,Patient 348,D627,Checkup/Cleaning,General Operatory,13:15,48
A349,Patient 349,D542,X-ray/Imaging,Imaging Room,11:20,13
A350,Patient 350,D724,Checkup/Cleaning,General Operatory,15:25,49
A351,Patient 351,D266,Filling,General Operatory,12:15,59
A352,Patient 352,D630,Filling,General Operatory,11:00,53
A353,Patient 353,D510,Filling,General Operatory,13:00,31
A354,Patient 354,D726,Checkup/Cleaning,General Operatory,09:15,36
A355,Patient 355,D25,Filling,General Operatory,10:50,27
A356,Patient 356,D631,X-ray/Imaging,Imaging Room,10:10,13
A357,Patient 357,D359,Filling,General Operatory,10:45,60
A358,Patient 358,D656,Checkup/Cleaning,General Operatory,11:20,39
A359,Patient 359,D316,Checkup/Cleaning,General Operatory,12:10,47
A360,Patient 360,D117,Extraction,General Operatory,12:55,30
A361,Patient 361,D631,X-ray/Imaging,Imaging Room,10:10,11
A362,Patient 362,D347,Crown,General Operatory,09:50,45
A363,Patient 363,D662,Checkup/Cleaning,General Operatory,11:00,34
A364,Patient 364,D550,Crown,General Operatory,15:35,44
A365,Patient 365,D58,Root Canal,Endodontic Operatory,13:45,69
A366,Patient 366,D569,Filling,General Operatory,10:55,33
A367,Patient 367,D363,Checkup/Cleaning,General Operatory,09:55,34
A368,Patient 368,D348,X-ray/Imaging,Imaging Room,10:55,15
A369,Patient 369,D585,Extraction,General Operatory,10:45,25
A370,Patient 370,D316,Extraction,General Operatory,13:50,30
A371,Patient 371,D279,Filling,General Operatory,09:30,51
A372,Patient 372,D463,Root Canal,Endodontic Operatory,10:15,69
A373,Patient 373,D310,Checkup/Cleaning,General Operatory,14:10,41
A374,Patient 374,D207,Crown,General Operatory,13:40,44
A375,Patient 375,D495,Crown,General Operatory,09:30,34
A376,Patient 376,D496,Extraction,General Operatory,10:10,36
A377,Patient 377,D147,Root Canal,Endodontic Operatory,14:25,63
A378,Patient 378,D693,X-ray/Imaging,Imaging Room,14:00,11
A379,Patient 379,D471,Filling,General Operatory,10:45,53
A380,Patient 380,D319,Crown,General Operatory,15:40,51
A381,Patient 381,D90,Checkup/Cleaning,General Operatory,09:50,58
A382,Patient 382,D534,Root Canal,Endodontic Operatory,11:00,83
A383,Patient 383,D592,Root Canal,Endodontic Operatory,09:25,80
A384,Patient 384,D206,Checkup/Cleaning,General Operatory,10:50,38
A385,Patient 385,D452,Extraction,General Operatory,10:55,28
A386,Patient 386,D281,Checkup/Cleaning,General Operatory,10:55,60
A387,Patient 387,D527,Checkup/Cleaning,General Operatory,11:45,47
A388,Patient 388,D327,Checkup/Cleaning,General Operatory,10:35,60
A389,Patient 389,D588,Checkup/Cleaning,General Operatory,10:30,32
A390,Patient 390,D347,Filling,General Operatory,09:15,23
A391,Patient 391,D483,Crown,General Operatory,09:35,31
A392,Patient 392,D56,Checkup/Cleaning,General Operatory,09:45,42
A393,Patient 393,D607,Extraction,General Operatory,10:55,34
A394,Patient 394,D320,Checkup/Cleaning,General Operatory,13:20,36
A395,Patient 395,D81,X-ray/Imaging,Imaging Room,13:05,13
A396,Patient 396,D96,Root Canal,Endodontic Operatory,12:45,89
A397,Patient 397,D100,Filling,General Operatory,12:25,49
A398,Patient 398,D230,Checkup/Cleaning,General Operatory,13:50,58
A399,Patient 399,D373,Filling,General Operatory,15:30,41
A400,Patient 400,D465,Filling,General Operatory,10:00,24
A401,Patient 401,D360,Filling,General Operatory,11:40,30
A402,Patient 402,D619,Filling,General Operatory,10:10,52
A403,Patient 403,D732,Root Canal,Endodontic Operatory,13:30,70
A404,Patient 404,D310,Filling,General Operatory,13:05,45
A405,Patient 405,D245,Extraction,General Operatory,10:15,37
A406,Patient 406,D394,Checkup/Cleaning,General Operatory,14:50,36
A407,Patient 407,D442,Root Canal,Endodontic Operatory,13:45,73
A408,Patient 408,D558,Extraction,General Operatory,10:40,25
A409,Patient 409,D729,Filling,General Operatory,09:45,51
A410,Patient 410,D611,Filling,General Operatory,09:35,55
A411,Patient 411,D181,Checkup/Cleaning,General Operatory,09:45,42
A412,Patient 412,D112,Extraction,General Operatory,15:35,39
A413,Patient 413,D336,Filling,General Operatory,10:00,23
A414,Patient 414,D143,Crown,General Operatory,14:35,58
A415,Patient 415,D1,Root Canal,Endodontic Operatory,09:30,81
A416,Patient 416,D545,Checkup/Cleaning,General Operatory,10:55,49
A417,Patient 417,D201,Checkup/Cleaning,General Operatory,11:25,58
A418,Patient 418,D584,Root Canal,Endodontic Operatory,12:25,81
A419,Patient 419,D736,X-ray/Imaging,Imaging Room,11:25,12
A420,Patient 420,D9,Extraction,General Operatory,10:00,36
A421,Patient 421,D302,Checkup/Cleaning,General Operatory,13:35,58
A422,Patient 422,D1,Extraction,General Operatory,09:30,31
A423,Patient 423,D32,Checkup/Cleaning,General Operatory,13:00,52
A424,Patient 424,D641,Checkup/Cleaning,General Operatory,12:35,42
A425,Patient 425,D446,Filling,General Operatory,12:25,31
A426,Patient 426,D193,Filling,General Operatory,11:35,43
A427,Patient 427,D158,Checkup/Cleaning,General Operatory,10:30,57
A428,Patient 428,D138,Checkup/Cleaning,General Operatory,09:55,50
A429,Patient 429,D739,Crown,General Operatory,12:20,51
A430,Patient 430,D87,Checkup/Cleaning,General Operatory,10:15,55
A431,Patient 431,D713,Extraction,General Operatory,13:55,33
A432,Patient 432,D466,Filling,General Operatory,11:25,55
A433,Patient 433,D394,Filling,General Operatory,11:55,31
A434,Patient 434,D8,Filling,General Operatory,13:15,35
A435,Patient 435,D276,Filling,General Operatory,13:55,54
A436,Patient 436,D35,X-ray/Imaging,Imaging Room,12:45,14
A437,Patient 437,D116,Filling,General Operatory,09:45,25
A438,Patient 438,D287,Filling,General Operatory,11:15,25
A439,Patient 439,D91,Checkup/Cleaning,General Operatory,10:30,50
A440,Patient 440,D701,Extraction,General Operatory,11:55,38
A441,Patient 441,D55,Crown,General Operatory,15:05,47
A442,Patient 442,D481,Filling,General Operatory,10:45,50
A443,Patient 443,D432,Filling,General Operatory,11:25,38
A444,Patient 444,D37,Extraction,General Operatory,13:00,39
A445,Patient 445,D745,Root Canal,Endodontic Operatory,11:20,68
A446,Patient 446,D485,Filling,General Operatory,10:00,56
A447,Patient 447,D640,Checkup/Cleaning,General Operatory,10:55,45
A448,Patient 448,D518,Checkup/Cleaning,General Operatory,11:25,55
A449,Patient 449,D136,Extraction,General Operatory,15:35,28
A450,Patient 450,D15,Extraction,General Operatory,09:45,39
A451,Patient 451,D155,Extraction,General Operatory,15:25,31
A452,Patient 452,D268,Root Canal,Endodontic Operatory,12:15,67
A453,Patient 453,D541,Crown,General Operatory,09:20,40
A454,Patient 454,D610,Crown,General Operatory,14:45,34
A455,Patient 455,D423,Root Canal,Endodontic Operatory,10:45,67
A456,Patient 456,D744,Extraction,General Operatory,13:10,26
A457,Patient 457,D56,Extraction,General Operatory,09:20,23
A458,Patient 458,D476,Filling,General Operatory,10:25,39
A459,Patient 459,D240,Filling,General Operatory,10:05,44
A460,Patient 460,D149,Filling,General Operatory,11:00,47
A461,Patient 461,D460,Filling,General Operatory,10:30,40
A462,Patient 462,D100,Crown,General Operatory,12:35,50
A463,Patient 463,D626,Crown,General Operatory,11:30,57
A464,Patient 464,D277,Checkup/Cleaning,General Operatory,12:55,33
A465,Patient 465,D401,Filling,General Operatory,13:20,35
A466,Patient 466,D200,Filling,General Operatory,11:50,31
A467,Patient 467,D11,Extraction,General Operatory,09:40,22
A468,Patient 468,D101,Filling,General Operatory,10:00,48
A469,Patient 469,D743,Checkup/Cleaning,General Operatory,09:10,36
A470,Patient 470,D635,Checkup/Cleaning,General Operatory,10:30,60
A471,Patient 471,D614,Extraction,General Operatory,09:50,23
A472,Patient 472,D134,Filling,General Operatory,15:10,56
A473,Patient 473,D114,Extraction,General Operatory,11:45,28
A474,Patient 474,D677,Crown,General Operatory,12:25,50
A475,Patient 475,D438,Extraction,General Operatory,12:25,30
A476,Patient 476,D76,Checkup/Cleaning,General Operatory,12:40,31
A477,Patient 477,D341,X-ray/Imaging,Imaging Room,11:45,12
A478,Patient 478,D183,Filling,General Operatory,09:45,51
A479,Patient 479,D403,Checkup/Cleaning,General Operatory,10:55,45
A480,Patient 480,D554,Root Canal,Endodontic Operatory,10:20,66
A481,Patient 481,D453,Extraction,General Operatory,09:15,23
A482,Patient 482,D73,Filling,General Operatory,14:40,36
A483,Patient 483,D20,Crown,General Operatory,13:25,34
A484,Patient 484,D1,Crown,General Operatory,10:05,51
A485,Patient 485,D156,Extraction,General Operatory,10:35,32
A486,Patient 486,D528,Extraction,General Operatory,11:40,35
A487,Patient 487,D414,Root Canal,Endodontic Operatory,10:40,84
A488,Patient 488,D554,Checkup/Cleaning,General Operatory,11:00,42
A489,Patient 489,D125,Filling,General Operatory,12:30,42
A490,Patient 490,D411,Checkup/Cleaning,General Operatory,10:25,60
A491,Patient 491,D375,Filling,General Operatory,10:15,41
A492,Patient 492,D297,Extraction,General Operatory,12:50,25
A493,Patient 493,D394,Extraction,General Operatory,13:10,29
A494,Patient 494,D110,Extraction,General Operatory,12:20,31
A495,Patient 495,D648,Filling,General Operatory,10:50,32
A496,Patient 496,D198,Checkup/Cleaning,General Operatory,11:15,48
A497,Patient 497,D399,Checkup/Cleaning,General Operatory,12:55,47
A498,Patient 498,D512,Filling,General Operatory,09:45,48
A499,Patient 499,D348,Checkup/Cleaning,General Operatory,10:25,55
A500,Patient 500,D416,Checkup/Cleaning,General Operatory,14:05,55
A501,Patient 501,D470,Crown,General Operatory,14:30,57
A502,Patient 502,D153,Extraction,General Operatory,10:50,27
A503,Patient 503,D145,Filling,General Operatory,12:00,21
A504,Patient 504,D47,Checkup/Cleaning,General Operatory,10:45,50
A505,Patient 505,D177,Extraction,General Operatory,11:25,29
A506,Patient 506,D468,Extraction,General Operatory,10:50,38
A507,Patient 507,D117,Filling,General Operatory,10:45,59
A508,Patient 508,D208,Filling,General Operatory,11:20,45
A509,Patient 509,D701,Filling,General Operatory,11:30,28
A510,Patient 510,D47,Filling,General Operatory,10:50,41
A511,Patient 511,D281,Checkup/Cleaning,General Operatory,09:30,43
A512,Patient 512,D567,Checkup/Cleaning,General Operatory,10:35,37
A513,Patient 513,D137,Checkup/Cleaning,General Operatory,14:10,57
A514,Patient 514,D386,Root Canal,Endodontic Operatory,12:10,60
A515,Patient 515,D7,Checkup/Cleaning,General Operatory,10:20,59
A516,Patient 516,D291,Filling,General Operatory,12:45,50
A517,Patient 517,D212,Checkup/Cleaning,General Operatory,11:00,38
A518,Patient 518,D422,Checkup/Cleaning,General Operatory,12:45,35
A519,Patient 519,D611,Checkup/Cleaning,General Operatory,10:30,45
A520,Patient 520,D643,Root Canal,Endodontic Operatory,11:30,69
A521,Patient 521,D5,Filling,General Operatory,11:20,32
A522,Patient 522,D98,Extraction,General Operatory,13:55,37
A523,Patient 523,D476,Root Canal,Endodontic Operatory,09:20,81
A524,Patient 524,D55,Checkup/Cleaning,General Operatory,11:15,55
A525,Patient 525,D510,Checkup/Cleaning,General Operatory,09:45,51
A526,Patient 526,D661,Filling,General Operatory,10:10,33
A527,Patient 527,D343,Extraction,General Operatory,09:50,34
A528,Patient 528,D54,Crown,General Operatory,09:10,35
A529,Patient 529,D497,Filling,General Operatory,10:15,24
A530,Patient 530,D607,Filling,General Operatory,09:30,46
A531,Patient 531,D236,Root Canal,Endodontic Operatory,09:45,70
A532,Patient 532,D243,Extraction,General Operatory,10:10,26
A533,Patient 533,D76,Filling,General Operatory,11:10,51
A534,Patient 534,D149,Checkup/Cleaning,General Operatory,12:20,49
A535,Patient 535,D397,Filling,General Operatory,10:35,49
A536,Patient 536,D648,Filling,General Operatory,11:05,37
A537,Patient 537,D131,Checkup/Cleaning,General Operatory,11:00,48
A538,Patient 538,D140,Checkup/Cleaning,General Operatory,10:15,44
A539,Patient 539,D176,Root Canal,Endodontic Operatory,12:40,67
A540,Patient 540,D161,Root Canal,Endodontic Operatory,10:20,80
A541,Patient 541,D592,X-ray/Imaging,Imaging Room,09:40,11
A542,Patient 542,D535,Filling,General Operatory,11:05,33
A543,Patient 543,D474,Checkup/Cleaning,General Operatory,12:25,53
A544,Patient 544,D254,Checkup/Cleaning,General Operatory,10:20,48
A545,Patient 545,D153,Crown,General Operatory,11:10,58
A546,Patient 546,D46,Checkup/Cleaning,General Operatory,13:10,45
A547,Patient 547,D35,Filling,General Operatory,12:20,45
A548,Patient 548,D464,Filling,General Operatory,13:50,25
A549,Patient 549,D710,Extraction,General Operatory,11:10,26
A550,Patient 550,D303,Checkup/Cleaning,General Operatory,09:40,32
A551,Patient 551,D686,Checkup/Cleaning,General Operatory,12:45,52
A552,Patient 552,D598,Checkup/Cleaning,General Operatory,09:55,44
A553,Patient 553,D721,Filling,General Operatory,13:10,43
A554,Patient 554,D721,Extraction,General Operatory,10:10,40
A555,Patient 555,D708,Checkup/Cleaning,General Operatory,10:20,31
A556,Patient 556,D277,Extraction,General Operatory,14:20,39
A557,Patient 557,D213,Root Canal,Endodontic Operatory,13:50,62
A558,Patient 558,D57,Filling,General Operatory,09:50,43
A559,Patient 559,D393,Filling,General Operatory,10:05,59
A560,Patient 560,D376,Checkup/Cleaning,General Operatory,10:30,47
A561,Patient 561,D575,Extraction,General Operatory,11:10,26
A562,Patient 562,D245,Filling,General Operatory,13:15,50
A563,Patient 563,D720,Checkup/Cleaning,General Operatory,15:15,53
A564,Patient 564,D329,Filling,General Operatory,11:00,37
A565,Patient 565,D284,Checkup/Cleaning,General Operatory,11:40,41
A566,Patient 566,D498,Filling,General Operatory,12:50,27
A567,Patient 567,D695,Root Canal,Endodontic Operatory,11:25,88
A568,Patient 568,D636,Filling,General Operatory,10:15,24
A569,Patient 569,D90,Checkup/Cleaning,General Operatory,10:00,58
A570,Patient 570,D79,Checkup/Cleaning,General Operatory,09:20,38
A571,Patient 571,D509,Checkup/Cleaning,General Operatory,14:25,36
A572,Patient 572,D24,Checkup/Cleaning,General Operatory,12:45,51
A573,Patient 573,D486,Checkup/Cleaning,General Operatory,12:40,44
A574,Patient 574,D299,Checkup/Cleaning,General Operatory,15:30,30
A575,Patient 575,D533,Extraction,General Operatory,13:05,33
A576,Patient 576,D672,Extraction,General Operatory,12:55,30
A577,Patient 577,D682,Extraction,General Operatory,12:45,37
A578,Patient 578,D312,Filling,General Operatory,11:00,39
A579,Patient 579,D233,Filling,General Operatory,15:15,38
A580,Patient 580,D152,Filling,General Operatory,11:25,49
A581,Patient 581,D165,Extraction,General Operatory,11:00,29
A582,Patient 582,D726,Extraction,General Operatory,09:25,24
A583,Patient 583,D120,Checkup/Cleaning,General Operatory,13:50,40
A584,Patient 584,D452,Checkup/Cleaning,General Operatory,11:20,35
A585,Patient 585,D725,Checkup/Cleaning,General Operatory,12:25,40
A586,Patient 586,D382,Filling,General Operatory,13:05,30
A587,Patient 587,D125,Crown,General Operatory,12:20,42
A588,Patient 588,D470,Crown,General Operatory,10:20,34
A589,Patient 589,D520,Checkup/Cleaning,General Operatory,12:40,52
A590,Patient 590,D297,X-ray/Imaging,Imaging Room,13:05,14
A591,Patient 591,D579,Extraction,General Operatory,10:00,34
A592,Patient 592,D750,Filling,General Operatory,11:25,22
A593,Patient 593,D120,Checkup/Cleaning,General Operatory,13:55,42
A594,Patient 594,D457,Filling,General Operatory,10:25,40
A595,Patient 595,D657,Checkup/Cleaning,General Operatory,10:00,46
A596,Patient 596,D201,Checkup/Cleaning,General Operatory,14:30,47
A597,Patient 597,D694,Extraction,General Operatory,11:05,22
A598,Patient 598,D200,Filling,General Operatory,13:05,58
A599,Patient 599,D58,Crown,General Operatory,12:20,41
A600,Patient 600,D734,Crown,General Operatory,12:35,41
A601,Patient 601,D13,Checkup/Cleaning,General Operatory,10:15,41
A602,Patient 602,D575,Checkup/Cleaning,General Operatory,12:35,53
A603,Patient 603,D454,Checkup/Cleaning,General Operatory,10:50,55
A604,Patient 604,D747,Crown,General Operatory,11:50,34
A605,Patient 605,D613,Checkup/Cleaning,General Operatory,12:45,36
A606,Patient 606,D538,X-ray/Imaging,Imaging Room,11:10,10
A607,Patient 607,D91,Checkup/Cleaning,General Operatory,10:10,50
A608,Patient 608,D180,Filling,General Operatory,14:05,56
A609,Patient 609,D205,Checkup/Cleaning,General Operatory,11:50,42
A610,Patient 610,D503,Checkup/Cleaning,General Operatory,11:45,56
A611,Patient 611,D312,Filling,General Operatory,10:45,49
A612,Patient 612,D3,Checkup/Cleaning,General Operatory,13:20,39
A613,Patient 613,D484,Checkup/Cleaning,General Operatory,10:10,51
A614,Patient 614,D184,Filling,General Operatory,09:15,35
A615,Patient 615,D284,Filling,General Operatory,13:15,24
A616,Patient 616,D596,Filling,General Operatory,14:20,47
A617,Patient 617,D644,Extraction,General Operatory,10:25,23
A618,Patient 618,D590,Checkup/Cleaning,General Operatory,11:25,38
A619,Patient 619,D60,Checkup/Cleaning,General Operatory,10:35,44
A620,Patient 620,D366,Checkup/Cleaning,General Operatory,10:15,38
A621,Patient 621,D652,Crown,General Operatory,09:25,41
A622,Patient 622,D299,Filling,General Operatory,14:00,24
A623,Patient 623,D644,Checkup/Cleaning,General Operatory,10:45,33
A624,Patient 624,D557,Checkup/Cleaning,General Operatory,11:30,40
A625,Patient 625,D278,Extraction,General Operatory,11:20,31
A626,Patient 626,D594,Filling,General Operatory,10:55,29
A627,Patient 627,D531,Checkup/Cleaning,General Operatory,10:10,54
A628,Patient 628,D349,Crown,General Operatory,10:00,35
A629,Patient 629,D159,Filling,General Operatory,14:50,32
A630,Patient 630,D629,Extraction,General Operatory,15:45,36
A631,Patient 631,D730,Filling,General Operatory,10:25,27
A632,Patient 632,D79,Checkup/Cleaning,General Operatory,09:40,34
A633,Patient 633,D357,Checkup/Cleaning,General Operatory,09:35,41
A634,Patient 634,D612,Filling,General Operatory,10:05,41
A635,Patient 635,D30,Extraction,General Operatory,09:20,23
A636,Patient 636,D711,Checkup/Cleaning,General Operatory,11:25,37
A637,Patient 637,D215,Checkup/Cleaning,General Operatory,11:25,32
A638,Patient 638,D80,Checkup/Cleaning,General Operatory,15:35,45
A639,Patient 639,D44,Checkup/Cleaning,General Operatory,15:50,31
A640,Patient 640,D608,Checkup/Cleaning,General Operatory,12:20,33
A641,Patient 641,D68,Checkup/Cleaning,General Operatory,14:25,30
A642,Patient 642,D127,Crown,General Operatory,12:55,36
A643,Patient 643,D190,Extraction,General Operatory,09:20,20
A644,Patient 644,D285,Crown,General Operatory,11:25,41
A645,Patient 645,D513,Root Canal,Endodontic Operatory,09:35,79
A646,Patient 646,D584,Checkup/Cleaning,General Operatory,13:35,56
A647,Patient 647,D542,Checkup/Cleaning,General Operatory,10:00,36
A648,Patient 648,D551,Checkup/Cleaning,General Operatory,09:55,53
A649,Patient 649,D517,Crown,General Operatory,12:50,45
A650,Patient 650,D190,Filling,General Operatory,09:35,26
A651,Patient 651,D389,Filling,General Operatory,10:10,52
A652,Patient 652,D116,Root Canal,Endodontic Operatory,09:35,70
A653,Patient 653,D113,Filling,General Operatory,14:25,51
A654,Patient 654,D722,Checkup/Cleaning,General Operatory,10:50,53
A655,Patient 655,D336,Filling,General Operatory,11:40,44
A656,Patient 656,D615,Extraction,General Operatory,09:45,34
A657,Patient 657,D418,Checkup/Cleaning,General Operatory,11:20,57
A658,Patient 658,D72,Crown,General Operatory,12:30,55
A659,Patient 659,D184,Checkup/Cleaning,General Operatory,09:50,51
A660,Patient 660,D406,Filling,General Operatory,10:55,25
A661,Patient 661,D405,Filling,General Operatory,09:55,57
A662,Patient 662,D67,Filling,General Operatory,10:05,32
A663,Patient 663,D610,Root Canal,Endodontic Operatory,09:55,72
A664,Patient 664,D435,Extraction,General Operatory,15:55,28
A665,Patient 665,D608,Checkup/Cleaning,General Operatory,15:25,55
A666,Patient 666,D365,Filling,General Operatory,11:40,58
A667,Patient 667,D524,Checkup/Cleaning,General Operatory,09:50,54
A668,Patient 668,D126,Checkup/Cleaning,General Operatory,10:25,45
A669,Patient 669,D138,Checkup/Cleaning,General Operatory,09:50,53
A670,Patient 670,D511,Extraction,General Operatory,11:55,25
A671,Patient 671,D696,Checkup/Cleaning,General Operatory,13:20,39
A672,Patient 672,D99,Root Canal,Endodontic Operatory,15:10,81
A673,Patient 673,D505,Root Canal,Endodontic Operatory,11:35,66
A674,Patient 674,D503,Filling,General Operatory,11:45,54
A675,Patient 675,D560,Checkup/Cleaning,General Operatory,11:10,54
A676,Patient 676,D122,Filling,General Operatory,11:35,40
A677,Patient 677,D454,Filling,General Operatory,09:45,22
A678,Patient 678,D676,Crown,General Operatory,13:50,39
A679,Patient 679,D504,Filling,General Operatory,14:05,39
A680,Patient 680,D500,Root Canal,Endodontic Operatory,10:40,78
A681,Patient 681,D676,Filling,General Operatory,14:05,54
A682,Patient 682,D488,Filling,General Operatory,12:50,30
A683,Patient 683,D401,Checkup/Cleaning,General Operatory,11:50,48
A684,Patient 684,D693,Filling,General Operatory,12:15,38
A685,Patient 685,D29,Filling,General Operatory,11:40,28
A686,Patient 686,D358,Root Canal,Endodontic Operatory,10:20,78
A687,Patient 687,D350,Filling,General Operatory,11:35,47
A688,Patient 688,D422,Filling,General Operatory,10:00,35
A689,Patient 689,D664,Checkup/Cleaning,General Operatory,10:40,32
A690,Patient 690,D313,Checkup/Cleaning,General Operatory,11:20,35
A691,Patient 691,D334,Checkup/Cleaning,General Operatory,15:30,51
A692,Patient 692,D582,Filling,General Operatory,12:10,46
A693,Patient 693,D713,Filling,General Operatory,12:45,21
A694,Patient 694,D585,Filling,General Operatory,09:40,56
A695,Patient 695,D103,Extraction,General Operatory,10:25,26
A696,Patient 696,D515,Root Canal,Endodontic Operatory,12:10,81
A697,Patient 697,D630,Checkup/Cleaning,General Operatory,09:40,43
A698,Patient 698,D651,Root Canal,Endodontic Operatory,09:35,85
A699,Patient 699,D220,Checkup/Cleaning,General Operatory,11:55,31
A700,Patient 700,D412,Root Canal,Endodontic Operatory,10:15,79
A701,Patient 701,D735,Root Canal,Endodontic Operatory,13:50,63
A702,Patient 702,D280,Checkup/Cleaning,General Operatory,13:05,55
A703,Patient 703,D438,Checkup/Cleaning,General Operatory,11:00,55
A704,Patient 704,D517,Root Canal,Endodontic Operatory,13:55,73
A705,Patient 705,D321,Checkup/Cleaning,General Operatory,12:50,42
A706,Patient 706,D528,Filling,General Operatory,09:45,55
A707,Patient 707,D643,Extraction,General Operatory,13:20,25
A708,Patient 708,D219,Extraction,General Operatory,12:55,34
A709,Patient 709,D546,Root Canal,Endodontic Operatory,14:00,87
A710,Patient 710,D580,Extraction,General Operatory,13:05,21
A711,Patient 711,D374,Filling,General Operatory,11:05,35
A712,Patient 712,D446,Filling,General Operatory,14:05,24
A713,Patient 713,D423,Checkup/Cleaning,General Operatory,10:40,39
A714,Patient 714,D263,Extraction,General Operatory,10:10,27
A715,Patient 715,D117,Checkup/Cleaning,General Operatory,11:05,30
A716,Patient 716,D476,Filling,General Operatory,09:50,47
A717,Patient 717,D207,Checkup/Cleaning,General Operatory,11:00,34
A718,Patient 718,D285,Extraction,General Operatory,12:50,25
A719,Patient 719,D740,Filling,General Operatory,09:15,21
A720,Patient 720,D322,Extraction,General Operatory,12:45,22
A721,Patient 721,D688,Extraction,General Operatory,10:05,22
A722,Patient 722,D242,Checkup/Cleaning,General Operatory,12:40,53
A723,Patient 723,D535,Extraction,General Operatory,11:45,38
A724,Patient 724,D258,Filling,General Operatory,09:50,25
A725,Patient 725,D126,Root Canal,Endodontic Operatory,11:40,70
A726,Patient 726,D400,Root Canal,Endodontic Operatory,11:05,83
A727,Patient 727,D224,Checkup/Cleaning,General Operatory,10:05,35
A728,Patient 728,D451,Filling,General Operatory,09:40,57
A729,Patient 729,D547,Filling,General Operatory,12:50,27
A730,Patient 730,D434,Filling,General Operatory,10:00,35
A731,Patient 731,D372,Filling,General Operatory,11:25,43
A732,Patient 732,D22,Extraction,General Operatory,09:15,39
A733,Patient 733,D708,Crown,General Operatory,09:25,51
A734,Patient 734,D566,Filling,General Operatory,13:55,60
A735,Patient 735,D702,Checkup/Cleaning,General Operatory,09:35,57
A736,Patient 736,D398,Checkup/Cleaning,General Operatory,12:25,60
A737,Patient 737,D309,Checkup/Cleaning,General Operatory,14:15,56
A738,Patient 738,D305,Checkup/Cleaning,General Operatory,10:10,58
A739,Patient 739,D647,Checkup/Cleaning,General Operatory,14:25,55
A740,Patient 740,D35,Checkup/Cleaning,General Operatory,15:45,32
A741,Patient 741,D483,Extraction,General Operatory,11:00,30
A742,Patient 742,D103,Root Canal,Endodontic Operatory,10:05,82
A743,Patient 743,D68,Filling,General Operatory,13:05,58
A744,Patient 744,D335,Filling,General Operatory,14:25,21
A745,Patient 745,D657,Extraction,General Operatory,11:20,40
A746,Patient 746,D4,Filling,General Operatory,10:00,60
A747,Patient 747,D590,Checkup/Cleaning,General Operatory,11:20,35
A748,Patient 748,D731,X-ray/Imaging,Imaging Room,14:35,15
A749,Patient 749,D609,Extraction,General Operatory,10:25,30
A750,Patient 750,D137,Checkup/Cleaning,General Operatory,13:55,51
A751,Patient 751,D289,Checkup/Cleaning,General Operatory,11:25,43
A752,Patient 752,D403,Crown,General Operatory,15:30,60
A753,Patient 753,D230,Checkup/Cleaning,General Operatory,14:25,30
A754,Patient 754,D642,Checkup/Cleaning,General Operatory,11:30,32
A755,Patient 755,D269,Extraction,General Operatory,11:15,25
A756,Patient 756,D633,Filling,General Operatory,10:50,36
A757,Patient 757,D377,Checkup/Cleaning,General Operatory,09:10,48
A758,Patient 758,D736,Filling,General Operatory,15:35,49
A759,Patient 759,D122,Checkup/Cleaning,General Operatory,09:25,36
A760,Patient 760,D295,Extraction,General Operatory,10:15,32
A761,Patient 761,D212,Extraction,General Operatory,10:50,29
A762,Patient 762,D429,Checkup/Cleaning,General Operatory,09:45,55
A763,Patient 763,D298,X-ray/Imaging,Imaging Room,14:25,11
A764,Patient 764,D255,Filling,General Operatory,09:10,49
A765,Patient 765,D481,Checkup/Cleaning,General Operatory,10:55,40
A766,Patient 766,D704,Checkup/Cleaning,General Operatory,13:05,42
A767,Patient 767,D612,Checkup/Cleaning,General Operatory,12:50,33
A768,Patient 768,D54,Checkup/Cleaning,General Operatory,10:15,37
A769,Patient 769,D621,Crown,General Operatory,11:35,60
A770,Patient 770,D727,Extraction,General Operatory,09:30,21
A771,Patient 771,D517,Extraction,General Operatory,12:40,29
A772,Patient 772,D136,X-ray/Imaging,Imaging Room,11:25,14
A773,Patient 773,D184,Checkup/Cleaning,General Operatory,10:10,46
A774,Patient 774,D480,Checkup/Cleaning,General Operatory,14:15,40
A775,Patient 775,D444,Checkup/Cleaning,General Operatory,11:20,33
A776,Patient 776,D131,Filling,General Operatory,14:05,37
A777,Patient 777,D441,Checkup/Cleaning,General Operatory,10:20,58
A778,Patient 778,D271,Filling,General Operatory,10:05,47
A779,Patient 779,D504,Root Canal,Endodontic Operatory,14:10,64
A780,Patient 780,D451,Checkup/Cleaning,General Operatory,09:25,34
A781,Patient 781,D188,Checkup/Cleaning,General Operatory,11:15,38
A782,Patient 782,D447,Checkup/Cleaning,General Operatory,11:10,58
A783,Patient 783,D453,Filling,General Operatory,10:15,55
A784,Patient 784,D505,Checkup/Cleaning,General Operatory,14:10,53
A785,Patient 785,D127,Checkup/Cleaning,General Operatory,14:30,36
A786,Patient 786,D185,Root Canal,Endodontic Operatory,10:25,83
A787,Patient 787,D577,Crown,General Operatory,09:45,48
A788,Patient 788,D5,Filling,General Operatory,11:10,56
A789,Patient 789,D79,Checkup/Cleaning,General Operatory,10:35,45
A790,Patient 790,D337,Checkup/Cleaning,General Operatory,10:30,51
A791,Patient 791,D404,Filling,General Operatory,15:40,26
A792,Patient 792,D158,Checkup/Cleaning,General Operatory,11:35,44
A793,Patient 793,D465,Extraction,General Operatory,10:35,28
A794,Patient 794,D338,X-ray/Imaging,Imaging Room,11:10,15
A795,Patient 795,D333,Crown,General Operatory,14:35,53
A796,Patient 796,D133,Checkup/Cleaning,General Operatory,11:35,31
A797,Patient 797,D331,Root Canal,Endodontic Operatory,11:15,83
A798,Patient 798,D617,Filling,General Operatory,10:00,45
A799,Patient 799,D246,X-ray/Imaging,Imaging Room,09:50,13
A800,Patient 800,D214,Checkup/Cleaning,General Operatory,10:05,54
A801,Patient 801,D663,Root Canal,Endodontic Operatory,09:10,80
A802,Patient 802,D306,Filling,General Operatory,10:45,47
A803,Patient 803,D702,Extraction,General Operatory,10:40,31
A804,Patient 804,D377,Filling,General Operatory,10:10,51
A805,Patient 805,D488,Checkup/Cleaning,General Operatory,11:15,49
A806,Patient 806,D433,Root Canal,Endodontic Operatory,09:30,79
A807,Patient 807,D646,Filling,General Operatory,13:10,22
A808,Patient 808,D475,Extraction,General Operatory,12:50,40
A809,Patient 809,D508,Filling,General Operatory,11:00,53
A810,Patient 810,D480,Filling,General Operatory,12:20,50
A811,Patient 811,D131,Extraction,General Operatory,15:35,29
A812,Patient 812,D536,Filling,General Operatory,11:20,56
A813,Patient 813,D79,Crown,General Operatory,09:40,46
A814,Patient 814,D436,Filling,General Operatory,11:00,49
A815,Patient 815,D260,Filling,General Operatory,10:15,57
A816,Patient 816,D17,Checkup/Cleaning,General Operatory,11:20,51
A817,Patient 817,D187,Root Canal,Endodontic Operatory,10:10,61
A818,Patient 818,D722,Checkup/Cleaning,General Operatory,14:05,48
A819,Patient 819,D687,Filling,General Operatory,11:25,36
A820,Patient 820,D217,Checkup/Cleaning,General Operatory,10:40,53
A821,Patient 821,D690,Checkup/Cleaning,General Operatory,09:45,47
A822,Patient 822,D405,Checkup/Cleaning,General Operatory,13:15,35
A823,Patient 823,D472,Extraction,General Operatory,14:15,39
A824,Patient 824,D311,Extraction,General Operatory,11:40,39
A825,Patient 825,D310,Checkup/Cleaning,General Operatory,10:00,34
A826,Patient 826,D115,Root Canal,Endodontic Operatory,09:05,82
A827,Patient 827,D215,Filling,General Operatory,13:05,29
A828,Patient 828,D447,Root Canal,Endodontic Operatory,14:10,87
A829,Patient 829,D196,Checkup/Cleaning,General Operatory,11:20,54
A830,Patient 830,D486,Filling,General Operatory,09:55,27
A831,Patient 831,D720,Filling,General Operatory,12:10,51
A832,Patient 832,D461,Filling,General Operatory,11:50,32
A833,Patient 833,D402,Checkup/Cleaning,General Operatory,10:25,30
A834,Patient 834,D731,Filling,General Operatory,14:35,46
A835,Patient 835,D593,Filling,General Operatory,11:10,55
A836,Patient 836,D500,Filling,General Operatory,11:00,52
A837,Patient 837,D695,Crown,General Operatory,11:20,57
A838,Patient 838,D732,Checkup/Cleaning,General Operatory,12:55,30
A839,Patient 839,D324,Filling,General Operatory,14:10,37
A840,Patient 840,D485,Checkup/Cleaning,General Operatory,13:00,49
A841,Patient 841,D460,Extraction,General Operatory,09:30,20
A842,Patient 842,D744,Checkup/Cleaning,General Operatory,11:25,41
A843,Patient 843,D520,Checkup/Cleaning,General Operatory,13:50,59
A844,Patient 844,D617,Crown,General Operatory,10:50,52
A845,Patient 845,D135,Crown,General Operatory,10:45,53
A846,Patient 846,D427,Root Canal,Endodontic Operatory,13:40,81
A847,Patient 847,D484,Root Canal,Endodontic Operatory,09:40,87
A848,Patient 848,D213,Checkup/Cleaning,General Operatory,11:15,53
A849,Patient 849,D133,Checkup/Cleaning,General Operatory,11:05,35
A850,Patient 850,D104,Root Canal,Endodontic Operatory,11:15,90
A851,Patient 851,D241,Checkup/Cleaning,General Operatory,09:35,31
A852,Patient 852,D268,Filling,General Operatory,11:20,30
A853,Patient 853,D33,Root Canal,Endodontic Operatory,12:10,70
A854,Patient 854,D633,Checkup/Cleaning,General Operatory,11:15,47
A855,Patient 855,D265,X-ray/Imaging,Imaging Room,11:35,12
A856,Patient 856,D571,Checkup/Cleaning,General Operatory,11:45,34
A857,Patient 857,D619,Extraction,General Operatory,11:50,21
A858,Patient 858,D114,X-ray/Imaging,Imaging Room,13:00,14
A859,Patient 859,D576,Checkup/Cleaning,General Operatory,11:25,33
A860,Patient 860,D121,Crown,General Operatory,12:15,59
A861,Patient 861,D746,Checkup/Cleaning,General Operatory,14:40,44
A862,Patient 862,D511,Extraction,General Operatory,10:10,23
A863,Patient 863,D343,Root Canal,Endodontic Operatory,14:05,63
A864,Patient 864,D450,X-ray/Imaging,Imaging Room,10:20,10
A865,Patient 865,D350,Checkup/Cleaning,General Operatory,10:05,35
A866,Patient 866,D382,Extraction,General Operatory,11:55,33
A867,Patient 867,D681,Checkup/Cleaning,General Operatory,11:30,54
A868,Patient 868,D432,Root Canal,Endodontic Operatory,14:20,64
A869,Patient 869,D424,Crown,General Operatory,10:15,58
A870,Patient 870,D699,Filling,General Operatory,12:30,21
A871,Patient 871,D11,Extraction,General Operatory,09:15,36
A872,Patient 872,D347,Checkup/Cleaning,General Operatory,09:35,54
A873,Patient 873,D63,Filling,General Operatory,10:50,22
A874,Patient 874,D589,Checkup/Cleaning,General Operatory,10:55,50
A875,Patient 875,D303,Filling,General Operatory,11:15,55
A876,Patient 876,D739,Extraction,General Operatory,11:05,31
A877,Patient 877,D541,Extraction,General Operatory,11:05,24
A878,Patient 878,D457,Extraction,General Operatory,13:20,37
A879,Patient 879,D668,Filling,General Operatory,11:35,42
A880,Patient 880,D203,Crown,General Operatory,09:45,32
A881,Patient 881,D343,Filling,General Operatory,13:20,28
A882,Patient 882,D291,Checkup/Cleaning,General Operatory,12:55,46
A883,Patient 883,D534,Checkup/Cleaning,General Operatory,09:45,50
A884,Patient 884,D29,Crown,General Operatory,10:40,47
A885,Patient 885,D248,Root Canal,Endodontic Operatory,10:40,69
A886,Patient 886,D518,Checkup/Cleaning,General Operatory,14:40,31
A887,Patient 887,D266,Extraction,General Operatory,10:50,31
A888,Patient 888,D667,Crown,General Operatory,10:25,44
A889,Patient 889,D6,Filling,General Operatory,14:50,35
A890,Patient 890,D580,Extraction,General Operatory,13:15,40
A891,Patient 891,D610,Checkup/Cleaning,General Operatory,11:50,39
A892,Patient 892,D689,Checkup/Cleaning,General Operatory,13:55,42
A893,Patient 893,D108,Checkup/Cleaning,General Operatory,10:05,48
A894,Patient 894,D466,Checkup/Cleaning,General Operatory,10:10,52
A895,Patient 895,D84,Checkup/Cleaning,General Operatory,10:15,43
A896,Patient 896,D220,Filling,General Operatory,13:15,43
A897,Patient 897,D413,Filling,General Operatory,14:25,53
A898,Patient 898,D271,Filling,General Operatory,11:35,60
A899,Patient 899,D706,Crown,General Operatory,14:05,45
A900,Patient 900,D167,Checkup/Cleaning,General Operatory,12:45,34
A901,Patient 901,D133,X-ray/Imaging,Imaging Room,12:00,14
A902,Patient 902,D121,Extraction,General Operatory,12:20,34
A903,Patient 903,D161,Crown,General Operatory,09:45,41
A904,Patient 904,D419,Checkup/Cleaning,General Operatory,13:00,41
A905,Patient 905,D42,Filling,General Operatory,11:35,27
A906,Patient 906,D384,Checkup/Cleaning,General Operatory,09:20,45
A907,Patient 907,D146,Root Canal,Endodontic Operatory,09:25,73
A908,Patient 908,D291,Checkup/Cleaning,General Operatory,13:05,56
A909,Patient 909,D3,Checkup/Cleaning,General Operatory,09:45,41
A910,Patient 910,D428,Filling,General Operatory,11:00,39
A911,Patient 911,D346,Root Canal,Endodontic Operatory,15:20,75
A912,Patient 912,D136,Root Canal,Endodontic Operatory,13:50,76
A913,Patient 913,D461,Extraction,General Operatory,14:40,24
A914,Patient 914,D92,Root Canal,Endodontic Operatory,10:35,81
A915,Patient 915,D397,Checkup/Cleaning,General Operatory,10:25,42
A916,Patient 916,D47,X-ray/Imaging,Imaging Room,14:15,13
A917,Patient 917,D662,Checkup/Cleaning,General Operatory,10:35,35
A918,Patient 918,D586,Extraction,General Operatory,10:45,29
A919,Patient 919,D660,Filling,General Operatory,14:20,32
A920,Patient 920,D591,Root Canal,Endodontic Operatory,13:45,90
A921,Patient 921,D194,Root Canal,Endodontic Operatory,10:45,76
A922,Patient 922,D675,Crown,General Operatory,11:05,35
A923,Patient 923,D211,Checkup/Cleaning,General Operatory,14:40,52
A924,Patient 924,D455,Checkup/Cleaning,General Operatory,14:00,47
A925,Patient 925,D412,Filling,General Operatory,11:00,51
A926,Patient 926,D349,Filling,General Operatory,10:20,46
A927,Patient 927,D325,Filling,General Operatory,10:55,25
A928,Patient 928,D555,Checkup/Cleaning,General Operatory,09:25,34
A929,Patient 929,D92,Checkup/Cleaning,General Operatory,09:50,60
A930,Patient 930,D61,Extraction,General Operatory,10:50,30
A931,Patient 931,D731,Checkup/Cleaning,General Operatory,10:05,42
A932,Patient 932,D146,Filling,General Operatory,10:15,40
A933,Patient 933,D124,Checkup/Cleaning,General Operatory,14:50,37
A934,Patient 934,D601,Checkup/Cleaning,General Operatory,15:35,46
A935,Patient 935,D395,Crown,General Operatory,09:30,38
A936,Patient 936,D476,Filling,General Operatory,09:55,24
A937,Patient 937,D418,Extraction,General Operatory,11:55,20
A938,Patient 938,D601,Extraction,General Operatory,15:55,27
A939,Patient 939,D668,Root Canal,Endodontic Operatory,10:40,69
A940,Patient 940,D457,Checkup/Cleaning,General Operatory,12:50,50
A941,Patient 941,D146,Filling,General Operatory,11:30,30
A942,Patient 942,D551,X-ray/Imaging,Imaging Room,11:25,14
A943,Patient 943,D2,Root Canal,Endodontic Operatory,14:10,90
A944,Patient 944,D297,Extraction,General Operatory,09:50,25
A945,Patient 945,D494,Checkup/Cleaning,General Operatory,15:35,38
A946,Patient 946,D360,Root Canal,Endodontic Operatory,13:00,66
A947,Patient 947,D289,Checkup/Cleaning,General Operatory,13:10,53
A948,Patient 948,D72,Checkup/Cleaning,General Operatory,13:45,42
A949,Patient 949,D144,Extraction,General Operatory,11:30,28
A950,Patient 950,D626,Filling,General Operatory,13:05,40
A951,Patient 951,D651,Checkup/Cleaning,General Operatory,10:50,54
A952,Patient 952,D280,Checkup/Cleaning,General Operatory,11:25,40
A953,Patient 953,D471,X-ray/Imaging,Imaging Room,11:00,12
A954,Patient 954,D662,Crown,General Operatory,09:45,49
A955,Patient 955,D10,Extraction,General Operatory,13:15,33
A956,Patient 956,D403,Filling,General Operatory,13:50,24
A957,Patient 957,D688,Filling,General Operatory,10:20,27
A958,Patient 958,D616,Filling,General Operatory,11:15,31
A959,Patient 959,D128,Filling,General Operatory,09:50,32
A960,Patient 960,D227,Extraction,General Operatory,14:10,28
A961,Patient 961,D197,Checkup/Cleaning,General Operatory,12:55,49
A962,Patient 962,D736,Checkup/Cleaning,General Operatory,12:15,45
A963,Patient 963,D288,Filling,General Operatory,10:45,58
A964,Patient 964,D201,X-ray/Imaging,Imaging Room,11:30,15
A965,Patient 965,D285,Filling,General Operatory,10:20,51
A966,Patient 966,D199,Extraction,General Operatory,14:20,38
A967,Patient 967,D579,Checkup/Cleaning,General Operatory,09:10,48
A968,Patient 968,D131,Checkup/Cleaning,General Operatory,15:20,48
A969,Patient 969,D536,Extraction,General Operatory,10:50,28
A970,Patient 970,D710,Extraction,General Operatory,12:50,39
A971,Patient 971,D465,Checkup/Cleaning,General Operatory,10:30,43
A972,Patient 972,D331,Filling,General Operatory,12:20,46
A973,Patient 973,D697,Filling,General Operatory,11:45,51
A974,Patient 974,D45,Crown,General Operatory,10:05,37
A975,Patient 975,D431,Filling,General Operatory,11:10,40
A976,Patient 976,D200,Checkup/Cleaning,General Operatory,12:35,58
A977,Patient 977,D232,X-ray/Imaging,Imaging Room,09:30,13
A978,Patient 978,D202,Checkup/Cleaning,General Operatory,10:25,39
A979,Patient 979,D641,Checkup/Cleaning,General Operatory,12:15,45
A980,Patient 980,D607,Root Canal,Endodontic Operatory,09:50,89
A981,Patient 981,D254,Checkup/Cleaning,General Operatory,11:20,37
A982,Patient 982,D342,Filling,General Operatory,11:25,35
A983,Patient 983,D635,Filling,General Operatory,11:05,26
A984,Patient 984,D593,Checkup/Cleaning,General Operatory,10:10,31
A985,Patient 985,D321,Crown,General Operatory,10:50,52
A986,Patient 986,D64,Crown,General Operatory,11:05,44
A987,Patient 987,D626,Extraction,General Operatory,09:50,22
A988,Patient 988,D573,Checkup/Cleaning,General Operatory,10:10,57
A989,Patient 989,D99,Extraction,General Operatory,11:25,33
A990,Patient 990,D676,Extraction,General Operatory,12:45,34
A991,Patient 991,D439,Crown,General Operatory,10:05,49
A992,Patient 992,D667,Crown,General Operatory,09:35,55
A993,Patient 993,D530,Checkup/Cleaning,General Operatory,09:50,36
A994,Patient 994,D13,Filling,General Operatory,10:50,24
A995,Patient 995,D587,Checkup/Cleaning,General Operatory,11:35,46
A996,Patient 996,D432,Filling,General Operatory,11:20,59
A997,Patient 997,D249,Checkup/Cleaning,General Operatory,09:55,31
A998,Patient 998,D320,Filling,General Operatory,12:55,52
A999,Patient 999,D319,Filling,General Operatory,15:10,54
A1000,Patient 1000,D151,Filling,General Operatory,11:25,58
A1001,Patient 1001,D378,X-ray/Imaging,Imaging Room,14:05,14
A1002,Patient 1002,D59,Checkup/Cleaning,General Operatory,14:35,56
A1003,Patient 1003,D56,Filling,General Operatory,09:50,32
A1004,Patient 1004,D207,Root Canal,Endodontic Operatory,11:10,70
A1005,Patient 1005,D712,Extraction,General Operatory,13:05,34
A1006,Patient 1006,D593,Filling,General Operatory,13:00,41
A1007,Patient 1007,D429,Checkup/Cleaning,General Operatory,11:20,33
A1008,Patient 1008,D508,Checkup/Cleaning,General Operatory,14:00,30
A1009,Patient 1009,D710,Checkup/Cleaning,General Operatory,11:00,49
A1010,Patient 1010,D493,Extraction,General Operatory,15:40,30
A1011,Patient 1011,D211,Filling,General Operatory,11:20,20
A1012,Patient 1012,D76,Filling,General Operatory,10:50,55
A1013,Patient 1013,D298,Filling,General Operatory,13:55,60
A1014,Patient 1014,D45,X-ray/Imaging,Imaging Room,10:10,11
A1015,Patient 1015,D179,Checkup/Cleaning,General Operatory,10:40,38
A1016,Patient 1016,D348,Root Canal,Endodontic Operatory,09:15,67
A1017,Patient 1017,D23,Checkup/Cleaning,General Operatory,09:10,38
A1018,Patient 1018,D694,Checkup/Cleaning,General Operatory,11:10,50
A1019,Patient 1019,D347,Crown,General Operatory,10:05,39
A1020,Patient 1020,D379,Root Canal,Endodontic Operatory,10:10,81
A1021,Patient 1021,D639,Crown,General Operatory,13:35,58
A1022,Patient 1022,D122,Checkup/Cleaning,General Operatory,09:20,59
A1023,Patient 1023,D197,Filling,General Operatory,11:50,43
A1024,Patient 1024,D440,X-ray/Imaging,Imaging Room,10:30,11
A1025,Patient 1025,D602,Checkup/Cleaning,General Operatory,12:20,47
A1026,Patient 1026,D336,Checkup/Cleaning,General Operatory,14:20,50
A1027,Patient 1027,D130,Crown,General Operatory,10:50,60
A1028,Patient 1028,D215,Extraction,General Operatory,14:50,35
A1029,Patient 1029,D67,Checkup/Cleaning,General Operatory,11:40,42
A1030,Patient 1030,D384,Filling,General Operatory,09:30,49
A1031,Patient 1031,D730,Filling,General Operatory,10:55,50
A1032,Patient 1032,D486,Checkup/Cleaning,General Operatory,13:15,42
A1033,Patient 1033,D666,Checkup/Cleaning,General Operatory,11:15,37
A1034,Patient 1034,D241,Filling,General Operatory,10:15,39
A1035,Patient 1035,D586,Checkup/Cleaning,General Operatory,10:00,56
A1036,Patient 1036,D564,Checkup/Cleaning,General Operatory,11:00,54
A1037,Patient 1037,D456,Filling,General Operatory,10:35,34
A1038,Patient 1038,D477,Filling,General Operatory,11:40,41
A1039,Patient 1039,D479,Filling,General Operatory,14:40,43
A1040,Patient 1040,D325,Checkup/Cleaning,General Operatory,11:15,30
A1041,Patient 1041,D240,Checkup/Cleaning,General Operatory,09:55,32
A1042,Patient 1042,D302,Root Canal,Endodontic Operatory,13:25,76
A1043,Patient 1043,D284,Crown,General Operatory,09:50,33
A1044,Patient 1044,D369,Checkup/Cleaning,General Operatory,10:05,36
A1045,Patient 1045,D692,Checkup/Cleaning,General Operatory,14:00,39
A1046,Patient 1046,D196,Extraction,General Operatory,14:55,24
A1047,Patient 1047,D268,Checkup/Cleaning,General Operatory,12:35,39
A1048,Patient 1048,D414,Crown,General Operatory,10:20,56
A1049,Patient 1049,D484,Extraction,General Operatory,11:45,24
A1050,Patient 1050,D234,Checkup/Cleaning,General Operatory,10:15,53
A1051,Patient 1051,D240,Filling,General Operatory,11:25,55
A1052,Patient 1052,D740,Root Canal,Endodontic Operatory,10:50,70
A1053,Patient 1053,D321,Root Canal,Endodontic Operatory,15:10,73
A1054,Patient 1054,D215,Filling,General Operatory,10:05,55
A1055,Patient 1055,D143,Filling,General Operatory,11:20,28
A1056,Patient 1056,D512,Root Canal,Endodontic Operatory,11:20,86
A1057,Patient 1057,D231,Filling,General Operatory,15:40,45
A1058,Patient 1058,D307,Checkup/Cleaning,General Operatory,10:35,30
A1059,Patient 1059,D143,Checkup/Cleaning,General Operatory,11:45,60
A1060,Patient 1060,D645,Root Canal,Endodontic Operatory,10:40,89
A1061,Patient 1061,D401,X-ray/Imaging,Imaging Room,11:30,11
A1062,Patient 1062,D548,Filling,General Operatory,10:05,50
A1063,Patient 1063,D584,X-ray/Imaging,Imaging Room,12:25,15
A1064,Patient 1064,D176,Checkup/Cleaning,General Operatory,10:45,47
A1065,Patient 1065,D706,Extraction,General Operatory,11:00,20
A1066,Patient 1066,D72,Crown,General Operatory,12:25,42
A1067,Patient 1067,D239,Checkup/Cleaning,General Operatory,10:15,46
A1068,Patient 1068,D59,Filling,General Operatory,10:10,20
A1069,Patient 1069,D421,Filling,General Operatory,10:20,27
A1070,Patient 1070,D429,Filling,General Operatory,11:30,24
A1071,Patient 1071,D134,Crown,General Operatory,12:45,39
A1072,Patient 1072,D163,Extraction,General Operatory,10:50,29
A1073,Patient 1073,D515,Extraction,General Operatory,12:30,34
A1074,Patient 1074,D8,X-ray/Imaging,Imaging Room,10:15,13
A1075,Patient 1075,D620,Root Canal,Endodontic Operatory,11:35,76
A1076,Patient 1076,D503,Filling,General Operatory,09:50,56
A1077,Patient 1077,D295,Extraction,General Operatory,11:35,34
A1078,Patient 1078,D401,Extraction,General Operatory,11:35,25
A1079,Patient 1079,D184,Crown,General Operatory,10:15,53
A1080,Patient 1080,D394,Crown,General Operatory,13:20,35
A1081,Patient 1081,D98,Filling,General Operatory,11:00,22
A1082,Patient 1082,D281,Crown,General Operatory,09:50,47
A1083,Patient 1083,D715,Extraction,General Operatory,10:20,26
A1084,Patient 1084,D567,Checkup/Cleaning,General Operatory,09:15,41
A1085,Patient 1085,D517,Root Canal,Endodontic Operatory,12:30,70
A1086,Patient 1086,D169,Checkup/Cleaning,General Operatory,11:15,46
A1087,Patient 1087,D28,Checkup/Cleaning,General Operatory,10:50,52
A1088,Patient 1088,D391,Checkup/Cleaning,General Operatory,11:20,42
A1089,Patient 1089,D407,Checkup/Cleaning,General Operatory,09:20,38
A1090,Patient 1090,D335,Extraction,General Operatory,11:45,34
A1091,Patient 1091,D70,Checkup/Cleaning,General Operatory,09:35,51
A1092,Patient 1092,D144,Filling,General Operatory,14:20,37
A1093,Patient 1093,D175,Root Canal,Endodontic Operatory,09:15,79
A1094,Patient 1094,D302,Checkup/Cleaning,General Operatory,12:20,53
A1095,Patient 1095,D80,Extraction,General Operatory,14:10,20
A1096,Patient 1096,D158,Filling,General Operatory,09:15,31
A1097,Patient 1097,D692,Filling,General Operatory,13:40,48
A1098,Patient 1098,D651,Root Canal,Endodontic Operatory,10:15,80
A1099,Patient 1099,D400,Extraction,General Operatory,11:25,34
A1100,Patient 1100,D5,Checkup/Cleaning,General Operatory,15:20,42
A1101,Patient 1101,D256,Filling,General Operatory,09:50,35
A1102,Patient 1102,D17,Filling,General Operatory,11:35,20
A1103,Patient 1103,D697,Extraction,General Operatory,09:55,27
A1104,Patient 1104,D742,Checkup/Cleaning,General Operatory,13:45,43
A1105,Patient 1105,D335,Checkup/Cleaning,General Operatory,10:25,50
A1106,Patient 1106,D213,Crown,General Operatory,12:20,42
A1107,Patient 1107,D238,Checkup/Cleaning,General Operatory,12:25,41
A1108,Patient 1108,D16,Filling,General Operatory,11:10,40
A1109,Patient 1109,D218,Filling,General Operatory,10:55,24
A1110,Patient 1110,D666,Extraction,General Operatory,11:00,21
A1111,Patient 1111,D421,Checkup/Cleaning,General Operatory,11:15,49
A1112,Patient 1112,D730,Filling,General Operatory,09:25,56
A1113,Patient 1113,D98,Filling,General Operatory,13:55,60
A1114,Patient 1114,D695,Crown,General Operatory,12:40,54
A1115,Patient 1115,D341,Checkup/Cleaning,General Operatory,10:40,54
A1116,Patient 1116,D683,Filling,General Operatory,09:45,41
A1117,Patient 1117,D600,Filling,General Operatory,10:35,52
A1118,Patient 1118,D516,Filling,General Operatory,10:50,20
A1119,Patient 1119,D632,Root Canal,Endodontic Operatory,12:20,63
A1120,Patient 1120,D439,Root Canal,Endodontic Operatory,09:45,79
A1121,Patient 1121,D141,Filling,General Operatory,10:55,38
A1122,Patient 1122,D385,Checkup/Cleaning,General Operatory,11:25,31
A1123,Patient 1123,D455,Extraction,General Operatory,11:05,30
A1124,Patient 1124,D326,Extraction,General Operatory,11:05,21
A1125,Patient 1125,D664,Root Canal,Endodontic Operatory,09:15,84
A1126,Patient 1126,D340,Checkup/Cleaning,General Operatory,12:45,36
A1127,Patient 1127,D681,X-ray/Imaging,Imaging Room,10:55,15
A1128,Patient 1128,D623,Crown,General Operatory,11:20,46
A1129,Patient 1129,D453,Extraction,General Operatory,11:55,22
A1130,Patient 1130,D72,X-ray/Imaging,Imaging Room,14:05,10
A1131,Patient 1131,D210,Checkup/Cleaning,General Operatory,13:20,35
A1132,Patient 1132,D210,Checkup/Cleaning,General Operatory,11:45,32
A1133,Patient 1133,D319,Checkup/Cleaning,General Operatory,11:15,36
A1134,Patient 1134,D181,Extraction,General Operatory,10:30,29
A1135,Patient 1135,D460,X-ray/Imaging,Imaging Room,10:30,11
A1136,Patient 1136,D82,X-ray/Imaging,Imaging Room,12:45,12
A1137,Patient 1137,D172,Filling,General Operatory,14:15,47
A1138,Patient 1138,D444,Root Canal,Endodontic Operatory,14:05,86
A1139,Patient 1139,D21,Root Canal,Endodontic Operatory,13:50,73
A1140,Patient 1140,D308,Filling,General Operatory,13:00,29
A1141,Patient 1141,D264,Filling,General Operatory,10:10,39
A1142,Patient 1142,D385,Filling,General Operatory,11:05,50
A1143,Patient 1143,D140,Extraction,General Operatory,09:25,26
A1144,Patient 1144,D5,Checkup/Cleaning,General Operatory,14:00,46
A1145,Patient 1145,D504,Filling,General Operatory,12:35,46
A1146,Patient 1146,D394,Filling,General Operatory,10:10,57
A1147,Patient 1147,D40,X-ray/Imaging,Imaging Room,13:00,10
A1148,Patient 1148,D167,Checkup/Cleaning,General Operatory,12:35,43
A1149,Patient 1149,D522,Extraction,General Operatory,10:55,40
A1150,Patient 1150,D714,Checkup/Cleaning,General Operatory,12:30,42
A1151,Patient 1151,D249,Filling,General Operatory,12:40,43
A1152,Patient 1152,D715,Extraction,General Operatory,10:35,24
A1153,Patient 1153,D467,Crown,General Operatory,11:30,34
A1154,Patient 1154,D617,Filling,General Operatory,09:20,30
A1155,Patient 1155,D95,Extraction,General Operatory,10:30,32
A1156,Patient 1156,D83,Filling,General Operatory,12:25,32
A1157,Patient 1157,D438,Checkup/Cleaning,General Operatory,14:15,39
A1158,Patient 1158,D675,Crown,General Operatory,12:35,48
A1159,Patient 1159,D746,Crown,General Operatory,13:20,33
A1160,Patient 1160,D353,Root Canal,Endodontic Operatory,12:40,68
A1161,Patient 1161,D408,Extraction,General Operatory,09:45,20
A1162,Patient 1162,D2,Checkup/Cleaning,General Operatory,13:00,54
A1163,Patient 1163,D538,Filling,General Operatory,11:00,38
A1164,Patient 1164,D175,Checkup/Cleaning,General Operatory,10:40,35
A1165,Patient 1165,D203,Filling,General Operatory,09:35,52
A1166,Patient 1166,D581,Root Canal,Endodontic Operatory,09:45,65
A1167,Patient 1167,D188,Root Canal,Endodontic Operatory,12:30,66
A1168,Patient 1168,D452,Extraction,General Operatory,11:25,39
A1169,Patient 1169,D171,Checkup/Cleaning,General Operatory,11:25,32
A1170,Patient 1170,D284,Checkup/Cleaning,General Operatory,13:00,30
A1171,Patient 1171,D490,Filling,General Operatory,09:50,26
A1172,Patient 1172,D273,Root Canal,Endodontic Operatory,10:55,60
A1173,Patient 1173,D43,Checkup/Cleaning,General Operatory,14:05,46
A1174,Patient 1174,D385,Extraction,General Operatory,12:50,28
A1175,Patient 1175,D346,Extraction,General Operatory,12:40,30
A1176,Patient 1176,D323,Root Canal,Endodontic Operatory,12:20,90
A1177,Patient 1177,D388,Extraction,General Operatory,14:35,31
A1178,Patient 1178,D103,Checkup/Cleaning,General Operatory,10:45,57
A1179,Patient 1179,D743,Root Canal,Endodontic Operatory,09:05,89
A1180,Patient 1180,D617,Checkup/Cleaning,General Operatory,10:00,46
A1181,Patient 1181,D378,Filling,General Operatory,14:00,50
A1182,Patient 1182,D677,Checkup/Cleaning,General Operatory,15:20,50
A1183,Patient 1183,D18,Extraction,General Operatory,14:45,21
A1184,Patient 1184,D695,Filling,General Operatory,11:30,58
A1185,Patient 1185,D628,Root Canal,Endodontic Operatory,11:35,71
A1186,Patient 1186,D675,Crown,General Operatory,11:05,58
A1187,Patient 1187,D301,Extraction,General Operatory,14:55,24
A1188,Patient 1188,D586,Root Canal,Endodontic Operatory,10:10,82
A1189,Patient 1189,D131,Filling,General Operatory,12:55,25
A1190,Patient 1190,D479,Checkup/Cleaning,General Operatory,10:15,44
A1191,Patient 1191,D679,Filling,General Operatory,09:20,35
A1192,Patient 1192,D676,Extraction,General Operatory,12:20,23
A1193,Patient 1193,D165,Crown,General Operatory,12:30,40
A1194,Patient 1194,D226,Extraction,General Operatory,13:50,35
A1195,Patient 1195,D682,Checkup/Cleaning,General Operatory,14:10,47
A1196,Patient 1196,D93,Root Canal,Endodontic Operatory,14:00,70
A1197,Patient 1197,D590,Root Canal,Endodontic Operatory,11:00,79
A1198,Patient 1198,D387,Crown,General Operatory,14:00,53
A1199,Patient 1199,D670,Extraction,General Operatory,15:40,37
A1200,Patient 1200,D239,Checkup/Cleaning,General Operatory,11:20,33
A1201,Patient 1201,D115,Checkup/Cleaning,General Operatory,10:35,53
A1202,Patient 1202,D119,Filling,General Operatory,11:40,28
A1203,Patient 1203,D390,Filling,General Operatory,12:25,20
A1204,Patient 1204,D605,Filling,General Operatory,10:10,44
A1205,Patient 1205,D374,Root Canal,Endodontic Operatory,14:40,89
A1206,Patient 1206,D533,Extraction,General Operatory,09:50,38
A1207,Patient 1207,D405,Checkup/Cleaning,General Operatory,11:30,57
A1208,Patient 1208,D149,Root Canal,Endodontic Operatory,15:00,69
A1209,Patient 1209,D512,Extraction,General Operatory,13:10,24
A1210,Patient 1210,D150,Extraction,General Operatory,11:00,21
A1211,Patient 1211,D317,Filling,General Operatory,11:55,27
A1212,Patient 1212,D490,Extraction,General Operatory,11:35,26
A1213,Patient 1213,D722,X-ray/Imaging,Imaging Room,15:55,10
A1214,Patient 1214,D157,Root Canal,Endodontic Operatory,15:05,66
A1215,Patient 1215,D718,Extraction,General Operatory,11:50,25
A1216,Patient 1216,D745,Filling,General Operatory,11:20,30
A1217,Patient 1217,D402,Checkup/Cleaning,General Operatory,11:30,51
A1218,Patient 1218,D401,Filling,General Operatory,12:50,53
A1219,Patient 1219,D290,Extraction,General Operatory,13:25,26
A1220,Patient 1220,D404,Checkup/Cleaning,General Operatory,15:45,40
A1221,Patient 1221,D56,Root Canal,Endodontic Operatory,10:05,82
A1222,Patient 1222,D671,Checkup/Cleaning,General Operatory,10:20,34
A1223,Patient 1223,D299,Crown,General Operatory,11:00,36
A1224,Patient 1224,D667,Checkup/Cleaning,General Operatory,11:35,53
A1225,Patient 1225,D105,Extraction,General Operatory,10:20,24
A1226,Patient 1226,D696,Root Canal,Endodontic Operatory,09:45,89
A1227,Patient 1227,D365,X-ray/Imaging,Imaging Room,09:55,11
A1228,Patient 1228,D528,Extraction,General Operatory,11:25,38
A1229,Patient 1229,D643,Extraction,General Operatory,09:55,27
A1230,Patient 1230,D247,Filling,General Operatory,11:10,39
A1231,Patient 1231,D177,Extraction,General Operatory,11:20,32
A1232,Patient 1232,D475,Crown,General Operatory,11:25,50
A1233,Patient 1233,D648,Extraction,General Operatory,10:55,31
A1234,Patient 1234,D120,Checkup/Cleaning,General Operatory,14:10,45
A1235,Patient 1235,D231,Checkup/Cleaning,General Operatory,14:05,48
A1236,Patient 1236,D281,Extraction,General Operatory,12:00,23
A1237,Patient 1237,D186,Filling,General Operatory,11:45,47
A1238,Patient 1238,D129,Checkup/Cleaning,General Operatory,11:10,32
A1239,Patient 1239,D190,Filling,General Operatory,10:30,21
A1240,Patient 1240,D550,Root Canal,Endodontic Operatory,12:05,76
A1241,Patient 1241,D532,Root Canal,Endodontic Operatory,13:30,77
A1242,Patient 1242,D213,X-ray/Imaging,Imaging Room,11:30,10
A1243,Patient 1243,D712,Checkup/Cleaning,General Operatory,11:30,47
A1244,Patient 1244,D126,Checkup/Cleaning,General Operatory,09:55,48
A1245,Patient 1245,D90,Filling,General Operatory,09:55,22
A1246,Patient 1246,D519,Checkup/Cleaning,General Operatory,13:40,60
A1247,Patient 1247,D434,X-ray/Imaging,Imaging Room,09:30,15
A1248,Patient 1248,D308,Checkup/Cleaning,General Operatory,12:50,60
A1249,Patient 1249,D675,Filling,General Operatory,14:20,28
A1250,Patient 1250,D712,Checkup/Cleaning,General Operatory,11:45,59
A1251,Patient 1251,D552,Filling,General Operatory,10:40,26
A1252,Patient 1252,D243,Checkup/Cleaning,General Operatory,10:05,34
A1253,Patient 1253,D138,Extraction,General Operatory,13:10,26
A1254,Patient 1254,D285,Checkup/Cleaning,General Operatory,11:15,49
A1255,Patient 1255,D564,Checkup/Cleaning,General Operatory,13:50,42
A1256,Patient 1256,D410,Filling,General Operatory,11:00,36
A1257,Patient 1257,D712,Checkup/Cleaning,General Operatory,10:25,36
A1258,Patient 1258,D276,X-ray/Imaging,Imaging Room,14:05,15
A1259,Patient 1259,D732,Filling,General Operatory,13:45,52
A1260,Patient 1260,D430,Root Canal,Endodontic Operatory,11:15,70
A1261,Patient 1261,D389,Checkup/Cleaning,General Operatory,09:50,49
A1262,Patient 1262,D277,Checkup/Cleaning,General Operatory,14:20,33
A1263,Patient 1263,D417,Checkup/Cleaning,General Operatory,09:30,50
A1264,Patient 1264,D342,Root Canal,Endodontic Operatory,15:05,64
A1265,Patient 1265,D281,Checkup/Cleaning,General Operatory,09:35,42
A1266,Patient 1266,D108,Root Canal,Endodontic Operatory,10:15,63
A1267,Patient 1267,D746,Crown,General Operatory,14:35,48
A1268,Patient 1268,D98,Filling,General Operatory,15:15,56
A1269,Patient 1269,D565,Checkup/Cleaning,General Operatory,09:20,33
A1270,Patient 1270,D326,Crown,General Operatory,09:30,42
A1271,Patient 1271,D695,X-ray/Imaging,Imaging Room,13:35,14
A1272,Patient 1272,D413,Filling,General Operatory,11:20,28
A1273,Patient 1273,D704,Filling,General Operatory,12:55,29
A1274,Patient 1274,D147,Filling,General Operatory,10:25,37
A1275,Patient 1275,D380,Extraction,General Operatory,14:25,27
A1276,Patient 1276,D429,Extraction,General Operatory,11:40,25
A1277,Patient 1277,D480,Filling,General Operatory,12:50,37
A1278,Patient 1278,D736,Crown,General Operatory,11:00,56
A1279,Patient 1279,D651,Crown,General Operatory,10:10,60
A1280,Patient 1280,D321,Root Canal,Endodontic Operatory,10:45,80
A1281,Patient 1281,D748,Checkup/Cleaning,General Operatory,09:45,32
A1282,Patient 1282,D59,Checkup/Cleaning,General Operatory,13:15,39
A1283,Patient 1283,D11,X-ray/Imaging,Imaging Room,11:15,13
A1284,Patient 1284,D749,Checkup/Cleaning,General Operatory,13:15,45
A1285,Patient 1285,D715,Checkup/Cleaning,General Operatory,10:45,30
A1286,Patient 1286,D8,Extraction,General Operatory,13:05,37
A1287,Patient 1287,D251,X-ray/Imaging,Imaging Room,15:00,15
A1288,Patient 1288,D701,Extraction,General Operatory,11:25,39
A1289,Patient 1289,D691,Crown,General Operatory,13:50,54
A1290,Patient 1290,D180,Checkup/Cleaning,General Operatory,10:15,56
A1291,Patient 1291,D362,X-ray/Imaging,Imaging Room,11:45,13
A1292,Patient 1292,D175,Filling,General Operatory,10:10,27
A1293,Patient 1293,D553,Crown,General Operatory,09:25,57
A1294,Patient 1294,D307,Filling,General Operatory,09:10,36
A1295,Patient 1295,D647,Filling,General Operatory,11:50,33
A1296,Patient 1296,D37,Crown,General Operatory,13:05,58
A1297,Patient 1297,D59,Filling,General Operatory,11:30,59
A1298,Patient 1298,D306,Filling,General Operatory,10:10,20
A1299,Patient 1299,D412,Filling,General Operatory,10:25,26
A1300,Patient 1300,D203,Checkup/Cleaning,General Operatory,09:35,46
A1301,Patient 1301,D127,Crown,General Operatory,10:05,30
A1302,Patient 1302,D232,Filling,General Operatory,10:10,43
A1303,Patient 1303,D439,Crown,General Operatory,14:20,47
A1304,Patient 1304,D112,X-ray/Imaging,Imaging Room,15:55,15
A1305,Patient 1305,D166,Checkup/Cleaning,General Operatory,09:45,53
A1306,Patient 1306,D368,Crown,General Operatory,10:50,52
A1307,Patient 1307,D195,Checkup/Cleaning,General Operatory,12:40,34
A1308,Patient 1308,D340,Crown,General Operatory,12:55,35
A1309,Patient 1309,D491,X-ray/Imaging,Imaging Room,10:15,12
A1310,Patient 1310,D501,Filling,General Operatory,11:45,28
A1311,Patient 1311,D514,Extraction,General Operatory,09:55,32
A1312,Patient 1312,D111,Root Canal,Endodontic Operatory,11:05,64
A1313,Patient 1313,D513,Checkup/Cleaning,General Operatory,09:10,51
A1314,Patient 1314,D695,Root Canal,Endodontic Operatory,12:25,73
A1315,Patient 1315,D445,Filling,General Operatory,11:20,38
A1316,Patient 1316,D440,Checkup/Cleaning,General Operatory,13:15,34
A1317,Patient 1317,D192,Checkup/Cleaning,General Operatory,10:00,54
A1318,Patient 1318,D718,Checkup/Cleaning,General Operatory,09:55,56
A1319,Patient 1319,D486,Extraction,General Operatory,13:25,23
A1320,Patient 1320,D626,Checkup/Cleaning,General Operatory,13:10,57
A1321,Patient 1321,D650,Checkup/Cleaning,General Operatory,10:10,33
A1322,Patient 1322,D40,Checkup/Cleaning,General Operatory,11:15,36
A1323,Patient 1323,D19,Extraction,General Operatory,14:25,22
A1324,Patient 1324,D390,Filling,General Operatory,14:20,39
A1325,Patient 1325,D237,Checkup/Cleaning,General Operatory,11:15,43
A1326,Patient 1326,D523,Filling,General Operatory,12:25,23
A1327,Patient 1327,D276,Filling,General Operatory,14:05,42
A1328,Patient 1328,D253,Checkup/Cleaning,General Operatory,10:50,31
A1329,Patient 1329,D1,Checkup/Cleaning,General Operatory,10:00,53
A1330,Patient 1330,D293,Filling,General Operatory,09:35,58
A1331,Patient 1331,D190,Checkup/Cleaning,General Operatory,10:10,45
A1332,Patient 1332,D312,Checkup/Cleaning,General Operatory,11:20,51
A1333,Patient 1333,D134,Checkup/Cleaning,General Operatory,15:25,53
A1334,Patient 1334,D604,Filling,General Operatory,11:00,43
A1335,Patient 1335,D216,Filling,General Operatory,10:55,25
A1336,Patient 1336,D645,Extraction,General Operatory,09:50,23
A1337,Patient 1337,D671,Root Canal,Endodontic Operatory,10:45,66
A1338,Patient 1338,D102,Checkup/Cleaning,General Operatory,10:45,47
A1339,Patient 1339,D309,Extraction,General Operatory,13:00,26
A1340,Patient 1340,D45,Checkup/Cleaning,General Operatory,12:55,43
A1341,Patient 1341,D574,X-ray/Imaging,Imaging Room,13:05,12
A1342,Patient 1342,D735,Checkup/Cleaning,General Operatory,11:15,43
A1343,Patient 1343,D430,Filling,General Operatory,11:00,52
A1344,Patient 1344,D171,Filling,General Operatory,11:20,28
A1345,Patient 1345,D580,Checkup/Cleaning,General Operatory,10:10,52
A1346,Patient 1346,D507,Extraction,General Operatory,10:55,36
A1347,Patient 1347,D449,Root Canal,Endodontic Operatory,13:50,72
A1348,Patient 1348,D411,Extraction,General Operatory,09:10,26
A1349,Patient 1349,D164,Filling,General Operatory,10:20,57
A1350,Patient 1350,D526,Filling,General Operatory,12:30,53
A1351,Patient 1351,D226,Checkup/Cleaning,General Operatory,13:50,38
A1352,Patient 1352,D176,Checkup/Cleaning,General Operatory,11:00,47
A1353,Patient 1353,D41,Extraction,General Operatory,11:05,28
A1354,Patient 1354,D53,Extraction,General Operatory,14:30,27
A1355,Patient 1355,D548,Checkup/Cleaning,General Operatory,11:50,50
A1356,Patient 1356,D620,X-ray/Imaging,Imaging Room,10:25,12
A1357,Patient 1357,D271,Extraction,General Operatory,13:05,33
A1358,Patient 1358,D333,X-ray/Imaging,Imaging Room,14:30,15
A1359,Patient 1359,D365,Checkup/Cleaning,General Operatory,11:20,60
A1360,Patient 1360,D263,X-ray/Imaging,Imaging Room,11:20,14
A1361,Patient 1361,D109,Extraction,General Operatory,13:00,32
A1362,Patient 1362,D642,Extraction,General Operatory,10:15,37
A1363,Patient 1363,D226,Checkup/Cleaning,General Operatory,14:25,36
A1364,Patient 1364,D405,Checkup/Cleaning,General Operatory,13:10,37
A1365,Patient 1365,D378,Checkup/Cleaning,General Operatory,11:15,45
A1366,Patient 1366,D186,Filling,General Operatory,10:25,31
A1367,Patient 1367,D503,Crown,General Operatory,13:00,35
A1368,Patient 1368,D22,Checkup/Cleaning,General Operatory,09:30,58
A1369,Patient 1369,D704,Extraction,General Operatory,09:50,22
A1370,Patient 1370,D437,Checkup/Cleaning,General Operatory,13:55,59
A1371,Patient 1371,D103,Extraction,General Operatory,10:40,24
A1372,Patient 1372,D618,Checkup/Cleaning,General Operatory,10:50,42
A1373,Patient 1373,D14,Root Canal,Endodontic Operatory,09:50,80
A1374,Patient 1374,D255,Root Canal,Endodontic Operatory,09:45,68
A1375,Patient 1375,D615,Checkup/Cleaning,General Operatory,09:15,60
A1376,Patient 1376,D556,Extraction,General Operatory,11:20,30
A1377,Patient 1377,D208,Checkup/Cleaning,General Operatory,13:00,54
A1378,Patient 1378,D168,Checkup/Cleaning,General Operatory,10:00,45
A1379,Patient 1379,D58,Filling,General Operatory,14:15,37
A1380,Patient 1380,D127,Checkup/Cleaning,General Operatory,10:20,31
A1381,Patient 1381,D304,Checkup/Cleaning,General Operatory,14:20,58
A1382,Patient 1382,D146,Checkup/Cleaning,General Operatory,09:25,37
A1383,Patient 1383,D438,Filling,General Operatory,14:00,42
A1384,Patient 1384,D232,Crown,General Operatory,09:55,51
A1385,Patient 1385,D504,Checkup/Cleaning,General Operatory,10:55,33
A1386,Patient 1386,D289,Filling,General Operatory,11:15,59
A1387,Patient 1387,D370,Crown,General Operatory,09:10,59
A1388,Patient 1388,D620,Checkup/Cleaning,General Operatory,13:00,43
A1389,Patient 1389,D615,Checkup/Cleaning,General Operatory,09:30,43
A1390,Patient 1390,D640,Root Canal,Endodontic Operatory,11:00,71
A1391,Patient 1391,D512,Extraction,General Operatory,14:25,28
A1392,Patient 1392,D3,Crown,General Operatory,14:25,34
A1393,Patient 1393,D328,Checkup/Cleaning,General Operatory,10:55,44
A1394,Patient 1394,D69,Checkup/Cleaning,General Operatory,12:55,43
A1395,Patient 1395,D149,Checkup/Cleaning,General Operatory,11:10,34
A1396,Patient 1396,D362,Checkup/Cleaning,General Operatory,11:40,43
A1397,Patient 1397,D617,Root Canal,Endodontic Operatory,09:20,70
A1398,Patient 1398,D393,Filling,General Operatory,13:10,51
A1399,Patient 1399,D505,Filling,General Operatory,11:20,34
A1400,Patient 1400,D595,Extraction,General Operatory,14:00,36
A1401,Patient 1401,D720,Checkup/Cleaning,General Operatory,11:00,41
A1402,Patient 1402,D18,Filling,General Operatory,09:50,50
A1403,Patient 1403,D62,Crown,General Operatory,11:15,41
A1404,Patient 1404,D302,Filling,General Operatory,12:25,55
A1405,Patient 1405,D216,Root Canal,Endodontic Operatory,13:40,61
A1406,Patient 1406,D121,X-ray/Imaging,Imaging Room,11:15,15
A1407,Patient 1407,D27,Extraction,General Operatory,09:55,33
A1408,Patient 1408,D719,Checkup/Cleaning,General Operatory,11:15,48
A1409,Patient 1409,D609,Crown,General Operatory,09:35,30
A1410,Patient 1410,D145,Checkup/Cleaning,General Operatory,10:25,32
A1411,Patient 1411,D427,Checkup/Cleaning,General Operatory,12:25,35
A1412,Patient 1412,D541,Extraction,General Operatory,10:20,29
A1413,Patient 1413,D740,Checkup/Cleaning,General Operatory,10:20,55
A1414,Patient 1414,D294,Checkup/Cleaning,General Operatory,13:50,31
A1415,Patient 1415,D619,Root Canal,Endodontic Operatory,09:40,76
A1416,Patient 1416,D406,Root Canal,Endodontic Operatory,12:35,81
A1417,Patient 1417,D729,Root Canal,Endodontic Operatory,10:35,89
A1418,Patient 1418,D314,Extraction,General Operatory,11:05,33
A1419,Patient 1419,D95,Filling,General Operatory,10:50,28
A1420,Patient 1420,D411,Extraction,General Operatory,10:05,27
A1421,Patient 1421,D573,Extraction,General Operatory,11:50,22
A1422,Patient 1422,D489,Checkup/Cleaning,General Operatory,12:35,50
A1423,Patient 1423,D169,Checkup/Cleaning,General Operatory,14:10,41
A1424,Patient 1424,D200,Checkup/Cleaning,General Operatory,10:10,33
A1425,Patient 1425,D618,Root Canal,Endodontic Operatory,10:55,70
A1426,Patient 1426,D289,Checkup/Cleaning,General Operatory,10:00,33
A1427,Patient 1427,D612,Checkup/Cleaning,General Operatory,11:20,59
A1428,Patient 1428,D565,Checkup/Cleaning,General Operatory,09:20,59
A1429,Patient 1429,D276,Checkup/Cleaning,General Operatory,13:40,48
A1430,Patient 1430,D578,X-ray/Imaging,Imaging Room,10:55,13
A1431,Patient 1431,D323,Checkup/Cleaning,General Operatory,11:10,39
A1432,Patient 1432,D290,X-ray/Imaging,Imaging Room,10:10,14
A1433,Patient 1433,D401,Extraction,General Operatory,12:55,24
A1434,Patient 1434,D340,Filling,General Operatory,10:15,52
A1435,Patient 1435,D154,Checkup/Cleaning,General Operatory,10:15,55
A1436,Patient 1436,D601,Crown,General Operatory,12:25,31
A1437,Patient 1437,D156,Extraction,General Operatory,10:45,22
A1438,Patient 1438,D736,Checkup/Cleaning,General Operatory,15:20,36
A1439,Patient 1439,D736,Checkup/Cleaning,General Operatory,14:05,60
A1440,Patient 1440,D747,Extraction,General Operatory,11:35,36
A1441,Patient 1441,D459,Root Canal,Endodontic Operatory,11:25,70
A1442,Patient 1442,D639,Crown,General Operatory,11:10,43
A1443,Patient 1443,D245,Checkup/Cleaning,General Operatory,12:40,49
A1444,Patient 1444,D157,Filling,General Operatory,10:45,51
A1445,Patient 1445,D147,Root Canal,Endodontic Operatory,12:30,69
A1446,Patient 1446,D511,Checkup/Cleaning,General Operatory,10:05,40
A1447,Patient 1447,D166,Checkup/Cleaning,General Operatory,10:10,48
A1448,Patient 1448,D92,Checkup/Cleaning,General Operatory,11:30,52
A1449,Patient 1449,D265,X-ray/Imaging,Imaging Room,12:00,12
A1450,Patient 1450,D666,Crown,General Operatory,11:20,60
A1451,Patient 1451,D500,Checkup/Cleaning,General Operatory,10:10,57
A1452,Patient 1452,D419,Crown,General Operatory,12:40,59
A1453,Patient 1453,D452,Filling,General Operatory,12:30,59
A1454,Patient 1454,D86,Extraction,General Operatory,12:30,36
A1455,Patient 1455,D699,Checkup/Cleaning,General Operatory,11:00,50
A1456,Patient 1456,D717,Root Canal,Endodontic Operatory,09:50,60
A1457,Patient 1457,D298,Filling,General Operatory,12:10,56
A1458,Patient 1458,D229,Filling,General Operatory,10:30,49
A1459,Patient 1459,D358,Filling,General Operatory,14:30,54
A1460,Patient 1460,D112,Checkup/Cleaning,General Operatory,11:10,53
A1461,Patient 1461,D444,Checkup/Cleaning,General Operatory,10:05,40
A1462,Patient 1462,D351,X-ray/Imaging,Imaging Room,09:45,13
A1463,Patient 1463,D118,Checkup/Cleaning,General Operatory,12:55,31
A1464,Patient 1464,D482,Checkup/Cleaning,General Operatory,12:50,36
A1465,Patient 1465,D33,X-ray/Imaging,Imaging Room,11:15,13
A1466,Patient 1466,D441,X-ray/Imaging,Imaging Room,09:25,11
A1467,Patient 1467,D24,X-ray/Imaging,Imaging Room,11:40,15
A1468,Patient 1468,D259,Extraction,General Operatory,10:50,22
A1469,Patient 1469,D281,Filling,General Operatory,11:40,39
A1470,Patient 1470,D430,Filling,General Operatory,09:15,36
A1471,Patient 1471,D95,Crown,General Operatory,10:05,43
A1472,Patient 1472,D169,Checkup/Cleaning,General Operatory,12:35,60
A1473,Patient 1473,D487,Filling,General Operatory,13:15,30
A1474,Patient 1474,D364,Crown,General Operatory,09:45,48
A1475,Patient 1475,D575,Root Canal,Endodontic Operatory,10:45,79
A1476,Patient 1476,D741,Extraction,General Operatory,09:30,39
A1477,Patient 1477,D681,X-ray/Imaging,Imaging Room,11:05,15
A1478,Patient 1478,D15,Checkup/Cleaning,General Operatory,09:40,44
A1479,Patient 1479,D325,Checkup/Cleaning,General Operatory,12:25,51
A1480,Patient 1480,D534,Extraction,General Operatory,14:20,34
A1481,Patient 1481,D650,Filling,General Operatory,09:45,57
A1482,Patient 1482,D224,Extraction,General Operatory,11:50,26
A1483,Patient 1483,D171,Extraction,General Operatory,11:30,26
A1484,Patient 1484,D196,X-ray/Imaging,Imaging Room,10:10,14
A1485,Patient 1485,D373,Checkup/Cleaning,General Operatory,12:40,58
A1486,Patient 1486,D128,Extraction,General Operatory,10:15,40
A1487,Patient 1487,D421,Filling,General Operatory,11:40,54
A1488,Patient 1488,D344,Checkup/Cleaning,General Operatory,11:40,35
A1489,Patient 1489,D383,Checkup/Cleaning,General Operatory,09:40,49
A1490,Patient 1490,D447,Filling,General Operatory,12:55,47
A1491,Patient 1491,D719,Extraction,General Operatory,10:55,23
A1492,Patient 1492,D92,Extraction,General Operatory,09:55,39
A1493,Patient 1493,D509,Extraction,General Operatory,13:50,39
A1494,Patient 1494,D649,Filling,General Operatory,14:00,57
A1495,Patient 1495,D684,Checkup/Cleaning,General Operatory,10:00,43
A1496,Patient 1496,D466,Filling,General Operatory,09:40,27
A1497,Patient 1497,D128,Filling,General Operatory,10:10,49
A1498,Patient 1498,D8,Crown,General Operatory,10:15,55
A1499,Patient 1499,D291,Checkup/Cleaning,General Operatory,11:30,51
A1500,Patient 1500,D425,Extraction,General Operatory,11:25,20
A1501,Patient 1501,D16,Checkup/Cleaning,General Operatory,12:40,55
A1502,Patient 1502,D615,Checkup/Cleaning,General Operatory,11:00,35
A1503,Patient 1503,D248,Filling,General Operatory,09:50,45
A1504,Patient 1504,D660,Filling,General Operatory,16:00,23
A1505,Patient 1505,D440,Checkup/Cleaning,General Operatory,11:20,50
A1506,Patient 1506,D413,Crown,General Operatory,10:10,46
A1507,Patient 1507,D237,Checkup/Cleaning,General Operatory,10:15,55
A1508,Patient 1508,D122,Extraction,General Operatory,11:55,32
A1509,Patient 1509,D267,Root Canal,Endodontic Operatory,11:20,65
A1510,Patient 1510,D96,Checkup/Cleaning,General Operatory,10:25,43
A1511,Patient 1511,D608,Checkup/Cleaning,General Operatory,14:10,49
A1512,Patient 1512,D81,Filling,General Operatory,13:00,21
A1513,Patient 1513,D465,Extraction,General Operatory,09:25,31
A1514,Patient 1514,D669,Crown,General Operatory,09:45,39
A1515,Patient 1515,D252,Extraction,General Operatory,14:30,32
A1516,Patient 1516,D676,Checkup/Cleaning,General Operatory,11:25,32
A1517,Patient 1517,D24,Extraction,General Operatory,14:15,38
A1518,Patient 1518,D114,Filling,General Operatory,09:50,58
A1519,Patient 1519,D146,Checkup/Cleaning,General Operatory,09:10,58
A1520,Patient 1520,D80,Filling,General Operatory,15:20,43
A1521,Patient 1521,D401,Checkup/Cleaning,General Operatory,10:10,55
A1522,Patient 1522,D76,Filling,General Operatory,10:55,60
A1523,Patient 1523,D704,Filling,General Operatory,13:10,40
A1524,Patient 1524,D165,Checkup/Cleaning,General Operatory,11:25,30
A1525,Patient 1525,D647,Extraction,General Operatory,10:10,21
A1526,Patient 1526,D356,Filling,General Operatory,13:05,59
A1527,Patient 1527,D6,Checkup/Cleaning,General Operatory,11:15,53
A1528,Patient 1528,D198,Extraction,General Operatory,11:20,37
A1529,Patient 1529,D525,Root Canal,Endodontic Operatory,11:15,66
A1530,Patient 1530,D118,Crown,General Operatory,11:25,30
A1531,Patient 1531,D226,Checkup/Cleaning,General Operatory,11:00,52
A1532,Patient 1532,D281,Filling,General Operatory,10:30,25
A1533,Patient 1533,D668,Checkup/Cleaning,General Operatory,11:30,53
A1534,Patient 1534,D447,Filling,General Operatory,10:00,45
A1535,Patient 1535,D178,Checkup/Cleaning,General Operatory,12:50,57
A1536,Patient 1536,D403,Checkup/Cleaning,General Operatory,15:35,55
A1537,Patient 1537,D320,Checkup/Cleaning,General Operatory,13:15,36
A1538,Patient 1538,D444,Crown,General Operatory,12:55,43
A1539,Patient 1539,D327,Extraction,General Operatory,10:15,39
A1540,Patient 1540,D205,Filling,General Operatory,12:45,43
A1541,Patient 1541,D461,Checkup/Cleaning,General Operatory,13:00,31
A1542,Patient 1542,D601,Filling,General Operatory,15:30,58
A1543,Patient 1543,D361,Filling,General Operatory,09:30,27
A1544,Patient 1544,D440,Root Canal,Endodontic Operatory,09:45,71
A1545,Patient 1545,D221,Extraction,General Operatory,09:30,31
A1546,Patient 1546,D126,Checkup/Cleaning,General Operatory,10:05,52
A1547,Patient 1547,D219,Filling,General Operatory,11:20,40
A1548,Patient 1548,D68,Filling,General Operatory,10:15,58
A1549,Patient 1549,D223,Checkup/Cleaning,General Operatory,11:10,38
A1550,Patient 1550,D688,Checkup/Cleaning,General Operatory,10:45,58
A1551,Patient 1551,D699,Root Canal,Endodontic Operatory,15:05,70
A1552,Patient 1552,D203,Checkup/Cleaning,General Operatory,10:15,55
A1553,Patient 1553,D48,X-ray/Imaging,Imaging Room,09:55,13
A1554,Patient 1554,D464,Checkup/Cleaning,General Operatory,14:05,40
A1555,Patient 1555,D243,Filling,General Operatory,09:45,38
A1556,Patient 1556,D5,Crown,General Operatory,11:10,39
A1557,Patient 1557,D38,Crown,General Operatory,10:20,59
A1558,Patient 1558,D346,Extraction,General Operatory,12:25,22
A1559,Patient 1559,D426,Extraction,General Operatory,12:40,28
A1560,Patient 1560,D410,Checkup/Cleaning,General Operatory,10:15,54
A1561,Patient 1561,D628,Checkup/Cleaning,General Operatory,13:10,39
A1562,Patient 1562,D506,Root Canal,Endodontic Operatory,10:00,90
A1563,Patient 1563,D633,Checkup/Cleaning,General Operatory,10:45,37
A1564,Patient 1564,D143,Checkup/Cleaning,General Operatory,14:35,40
A1565,Patient 1565,D232,Checkup/Cleaning,General Operatory,10:55,36
A1566,Patient 1566,D551,X-ray/Imaging,Imaging Room,14:30,15
A1567,Patient 1567,D266,Crown,General Operatory,10:50,31
A1568,Patient 1568,D312,Checkup/Cleaning,General Operatory,14:20,40
A1569,Patient 1569,D389,Checkup/Cleaning,General Operatory,10:25,35
A1570,Patient 1570,D472,Checkup/Cleaning,General Operatory,15:20,40
A1571,Patient 1571,D599,Crown,General Operatory,10:20,60
A1572,Patient 1572,D458,Extraction,General Operatory,13:00,36
A1573,Patient 1573,D592,Filling,General Operatory,10:05,51
A1574,Patient 1574,D749,Filling,General Operatory,11:35,25
A1575,Patient 1575,D729,Checkup/Cleaning,General Operatory,11:20,47
A1576,Patient 1576,D676,Extraction,General Operatory,13:55,26
A1577,Patient 1577,D77,X-ray/Imaging,Imaging Room,10:50,10
A1578,Patient 1578,D687,Checkup/Cleaning,General Operatory,11:20,56
A1579,Patient 1579,D500,Checkup/Cleaning,General Operatory,11:50,36
A1580,Patient 1580,D541,Filling,General Operatory,11:30,40
A1581,Patient 1581,D726,Filling,General Operatory,11:50,29
A1582,Patient 1582,D109,Crown,General Operatory,11:40,37
A1583,Patient 1583,D464,Crown,General Operatory,11:10,46
A1584,Patient 1584,D193,Checkup/Cleaning,General Operatory,09:30,43
A1585,Patient 1585,D592,Extraction,General Operatory,10:00,24
A1586,Patient 1586,D113,Checkup/Cleaning,General Operatory,11:20,58
A1587,Patient 1587,D274,Checkup/Cleaning,General Operatory,14:05,51
A1588,Patient 1588,D361,Checkup/Cleaning,General Operatory,10:25,59
A1589,Patient 1589,D363,Filling,General Operatory,10:25,29
A1590,Patient 1590,D442,Filling,General Operatory,12:35,23
A1591,Patient 1591,D379,Checkup/Cleaning,General Operatory,11:35,50
A1592,Patient 1592,D199,Checkup/Cleaning,General Operatory,11:25,42
A1593,Patient 1593,D283,Filling,General Operatory,10:50,51
A1594,Patient 1594,D112,Extraction,General Operatory,10:55,40
A1595,Patient 1595,D225,Checkup/Cleaning,General Operatory,09:45,58
A1596,Patient 1596,D273,Checkup/Cleaning,General Operatory,09:25,47
A1597,Patient 1597,D232,Crown,General Operatory,10:50,52
A1598,Patient 1598,D402,Filling,General Operatory,13:00,34
A1599,Patient 1599,D508,Checkup/Cleaning,General Operatory,11:05,55
A1600,Patient 1600,D653,Checkup/Cleaning,General Operatory,12:10,49
A1601,Patient 1601,D97,Checkup/Cleaning,General Operatory,13:10,59
A1602,Patient 1602,D489,Extraction,General Operatory,11:05,27
A1603,Patient 1603,D698,Checkup/Cleaning,General Operatory,11:45,35
A1604,Patient 1604,D146,X-ray/Imaging,Imaging Room,10:25,15
A1605,Patient 1605,D343,Checkup/Cleaning,General Operatory,09:55,38
A1606,Patient 1606,D696,Root Canal,Endodontic Operatory,12:55,60
A1607,Patient 1607,D486,Filling,General Operatory,14:15,51
A1608,Patient 1608,D484,Checkup/Cleaning,General Operatory,09:45,56
A1609,Patient 1609,D697,X-ray/Imaging,Imaging Room,13:30,11
A1610,Patient 1610,D172,Root Canal,Endodontic Operatory,10:45,84
A1611,Patient 1611,D312,Root Canal,Endodontic Operatory,12:35,70
A1612,Patient 1612,D360,X-ray/Imaging,Imaging Room,13:30,12
A1613,Patient 1613,D260,Filling,General Operatory,14:45,20
A1614,Patient 1614,D309,Extraction,General Operatory,14:50,36
A1615,Patient 1615,D496,Checkup/Cleaning,General Operatory,11:05,51
A1616,Patient 1616,D22,Checkup/Cleaning,General Operatory,11:20,43
A1617,Patient 1617,D676,X-ray/Imaging,Imaging Room,12:25,12
A1618,Patient 1618,D251,Filling,General Operatory,11:25,47
A1619,Patient 1619,D92,Checkup/Cleaning,General Operatory,10:20,60
A1620,Patient 1620,D111,X-ray/Imaging,Imaging Room,14:30,15
A1621,Patient 1621,D461,X-ray/Imaging,Imaging Room,10:05,14
A1622,Patient 1622,D696,Checkup/Cleaning,General Operatory,11:50,40
A1623,Patient 1623,D428,Crown,General Operatory,10:00,38
A1624,Patient 1624,D43,Filling,General Operatory,14:50,41
A1625,Patient 1625,D126,Filling,General Operatory,13:00,49
A1626,Patient 1626,D296,Checkup/Cleaning,General Operatory,12:25,30
A1627,Patient 1627,D478,Extraction,General Operatory,10:30,36
A1628,Patient 1628,D572,Extraction,General Operatory,12:35,29
A1629,Patient 1629,D67,Root Canal,Endodontic Operatory,09:45,60
A1630,Patient 1630,D223,Checkup/Cleaning,General Operatory,09:10,48
A1631,Patient 1631,D501,Checkup/Cleaning,General Operatory,11:10,43
A1632,Patient 1632,D52,Checkup/Cleaning,General Operatory,12:45,41
A1633,Patient 1633,D682,X-ray/Imaging,Imaging Room,10:55,14
A1634,Patient 1634,D731,Checkup/Cleaning,General Operatory,10:10,53
A1635,Patient 1635,D600,Crown,General Operatory,09:10,39
A1636,Patient 1636,D485,Crown,General Operatory,14:50,37
A1637,Patient 1637,D396,Filling,General Operatory,11:35,26
A1638,Patient 1638,D612,Checkup/Cleaning,General Operatory,11:30,48
A1639,Patient 1639,D593,Checkup/Cleaning,General Operatory,10:00,54
A1640,Patient 1640,D139,Filling,General Operatory,11:35,32
A1641,Patient 1641,D88,Checkup/Cleaning,General Operatory,10:50,59
A1642,Patient 1642,D559,Checkup/Cleaning,General Operatory,14:25,55
A1643,Patient 1643,D99,Checkup/Cleaning,General Operatory,14:00,44
A1644,Patient 1644,D516,Crown,General Operatory,12:40,52
A1645,Patient 1645,D363,Filling,General Operatory,10:15,46
A1646,Patient 1646,D29,Crown,General Operatory,11:45,30
A1647,Patient 1647,D91,Root Canal,Endodontic Operatory,09:50,79
A1648,Patient 1648,D595,Filling,General Operatory,14:20,28
A1649,Patient 1649,D580,Crown,General Operatory,14:40,31
A1650,Patient 1650,D129,Filling,General Operatory,10:30,20
A1651,Patient 1651,D472,Root Canal,Endodontic Operatory,11:00,62
A1652,Patient 1652,D666,Checkup/Cleaning,General Operatory,11:00,49
A1653,Patient 1653,D580,Filling,General Operatory,14:10,41
A1654,Patient 1654,D125,Extraction,General Operatory,13:45,36
A1655,Patient 1655,D719,Checkup/Cleaning,General Operatory,14:15,34
A1656,Patient 1656,D140,Checkup/Cleaning,General Operatory,10:30,51
A1657,Patient 1657,D309,Extraction,General Operatory,14:55,20
A1658,Patient 1658,D639,Extraction,General Operatory,10:50,23
A1659,Patient 1659,D157,Extraction,General Operatory,13:55,23
A1660,Patient 1660,D254,Checkup/Cleaning,General Operatory,10:15,45
A1661,Patient 1661,D455,Filling,General Operatory,12:45,27
A1662,Patient 1662,D496,X-ray/Imaging,Imaging Room,12:05,11
A1663,Patient 1663,D267,Root Canal,Endodontic Operatory,11:40,81
A1664,Patient 1664,D127,Filling,General Operatory,09:55,60
A1665,Patient 1665,D146,Root Canal,Endodontic Operatory,09:15,81
A1666,Patient 1666,D524,Extraction,General Operatory,09:40,37
A1667,Patient 1667,D492,Checkup/Cleaning,General Operatory,09:45,51
A1668,Patient 1668,D505,Filling,General Operatory,11:40,37
A1669,Patient 1669,D715,Root Canal,Endodontic Operatory,10:05,74
A1670,Patient 1670,D152,Checkup/Cleaning,General Operatory,11:20,44
A1671,Patient 1671,D399,Checkup/Cleaning,General Operatory,10:25,39
A1672,Patient 1672,D456,Checkup/Cleaning,General Operatory,09:50,59
A1673,Patient 1673,D480,Crown,General Operatory,12:10,44
A1674,Patient 1674,D163,Filling,General Operatory,09:30,52
A1675,Patient 1675,D724,Filling,General Operatory,10:55,52
A1676,Patient 1676,D672,Checkup/Cleaning,General Operatory,14:10,50
A1677,Patient 1677,D348,Filling,General Operatory,10:15,28
A1678,Patient 1678,D404,Checkup/Cleaning,General Operatory,14:05,56
A1679,Patient 1679,D386,X-ray/Imaging,Imaging Room,14:05,14
A1680,Patient 1680,D590,Extraction,General Operatory,15:45,36
A1681,Patient 1681,D266,Checkup/Cleaning,General Operatory,14:20,40
A1682,Patient 1682,D357,Filling,General Operatory,09:10,45
A1683,Patient 1683,D31,Crown,General Operatory,10:50,35
A1684,Patient 1684,D682,Checkup/Cleaning,General Operatory,14:00,59
A1685,Patient 1685,D332,Root Canal,Endodontic Operatory,13:50,84
A1686,Patient 1686,D108,Crown,General Operatory,13:10,35
A1687,Patient 1687,D431,Crown,General Operatory,14:00,31
A1688,Patient 1688,D118,Checkup/Cleaning,General Operatory,10:10,53
A1689,Patient 1689,D384,Extraction,General Operatory,09:35,20
A1690,Patient 1690,D111,Extraction,General Operatory,11:25,32
A1691,Patient 1691,D588,Filling,General Operatory,10:25,32
A1692,Patient 1692,D449,Extraction,General Operatory,10:55,27
A1693,Patient 1693,D445,Root Canal,Endodontic Operatory,13:50,85
A1694,Patient 1694,D89,Filling,General Operatory,10:25,60
A1695,Patient 1695,D209,Checkup/Cleaning,General Operatory,09:35,34
A1696,Patient 1696,D418,Filling,General Operatory,11:30,24
A1697,Patient 1697,D699,Extraction,General Operatory,14:15,40
A1698,Patient 1698,D195,Root Canal,Endodontic Operatory,15:10,78
A1699,Patient 1699,D513,Filling,General Operatory,10:25,59
A1700,Patient 1700,D69,Filling,General Operatory,11:10,60
A1701,Patient 1701,D583,Checkup/Cleaning,General Operatory,10:40,55
A1702,Patient 1702,D104,Checkup/Cleaning,General Operatory,10:25,37
A1703,Patient 1703,D554,Checkup/Cleaning,General Operatory,11:30,37
A1704,Patient 1704,D258,Filling,General Operatory,09:20,42
A1705,Patient 1705,D295,Checkup/Cleaning,General Operatory,10:15,48
A1706,Patient 1706,D626,Filling,General Operatory,12:40,45
A1707,Patient 1707,D560,Extraction,General Operatory,14:20,23
A1708,Patient 1708,D270,Extraction,General Operatory,11:45,21
A1709,Patient 1709,D268,Checkup/Cleaning,General Operatory,15:00,58
A1710,Patient 1710,D143,Checkup/Cleaning,General Operatory,12:55,56
A1711,Patient 1711,D680,Crown,General Operatory,11:20,31
A1712,Patient 1712,D75,Root Canal,Endodontic Operatory,12:25,78
A1713,Patient 1713,D355,X-ray/Imaging,Imaging Room,11:25,13
A1714,Patient 1714,D83,Crown,General Operatory,11:00,45
A1715,Patient 1715,D741,Checkup/Cleaning,General Operatory,10:25,31
A1716,Patient 1716,D231,Extraction,General Operatory,12:35,33
A1717,Patient 1717,D234,Checkup/Cleaning,General Operatory,10:00,31
A1718,Patient 1718,D548,Extraction,General Operatory,12:45,32
A1719,Patient 1719,D566,Filling,General Operatory,15:30,44
A1720,Patient 1720,D713,Checkup/Cleaning,General Operatory,12:45,52
A1721,Patient 1721,D142,Checkup/Cleaning,General Operatory,13:10,33
A1722,Patient 1722,D361,Checkup/Cleaning,General Operatory,09:25,43
A1723,Patient 1723,D238,Checkup/Cleaning,General Operatory,11:15,30
A1724,Patient 1724,D550,Filling,General Operatory,15:40,20
A1725,Patient 1725,D59,Checkup/Cleaning,General Operatory,11:25,34
A1726,Patient 1726,D290,Checkup/Cleaning,General Operatory,12:55,41
A1727,Patient 1727,D300,Checkup/Cleaning,General Operatory,11:20,42
A1728,Patient 1728,D673,Checkup/Cleaning,General Operatory,12:55,38
A1729,Patient 1729,D507,Extraction,General Operatory,15:30,31
A1730,Patient 1730,D455,Extraction,General Operatory,15:50,31
A1731,Patient 1731,D300,Crown,General Operatory,13:00,37
A1732,Patient 1732,D327,Extraction,General Operatory,09:15,36
A1733,Patient 1733,D355,Crown,General Operatory,10:55,52
A1734,Patient 1734,D287,Checkup/Cleaning,General Operatory,09:40,59
A1735,Patient 1735,D237,Checkup/Cleaning,General Operatory,09:50,47
A1736,Patient 1736,D382,Extraction,General Operatory,10:05,24
A1737,Patient 1737,D716,Filling,General Operatory,09:10,49
A1738,Patient 1738,D511,Root Canal,Endodontic Operatory,11:40,68
A1739,Patient 1739,D394,Checkup/Cleaning,General Operatory,09:45,60
A1740,Patient 1740,D286,Crown,General Operatory,12:15,42
A1741,Patient 1741,D392,Filling,General Operatory,09:25,22
A1742,Patient 1742,D389,Checkup/Cleaning,General Operatory,12:45,43
A1743,Patient 1743,D677,Checkup/Cleaning,General Operatory,15:25,47
A1744,Patient 1744,D27,Crown,General Operatory,10:00,54
A1745,Patient 1745,D606,Checkup/Cleaning,General Operatory,11:55,30
A1746,Patient 1746,D445,Crown,General Operatory,12:35,55
A1747,Patient 1747,D112,Filling,General Operatory,15:45,38
A1748,Patient 1748,D475,Filling,General Operatory,14:30,56
A1749,Patient 1749,D267,Checkup/Cleaning,General Operatory,11:30,42
A1750,Patient 1750,D136,Crown,General Operatory,15:30,38
A1751,Patient 1751,D88,X-ray/Imaging,Imaging Room,10:20,14
A1752,Patient 1752,D585,Filling,General Operatory,10:05,59
A1753,Patient 1753,D276,Extraction,General Operatory,15:50,40
A1754,Patient 1754,D13,Checkup/Cleaning,General Operatory,10:45,48
A1755,Patient 1755,D271,Root Canal,Endodontic Operatory,11:05,74
A1756,Patient 1756,D451,Checkup/Cleaning,General Operatory,10:25,31
A1757,Patient 1757,D654,Root Canal,Endodontic Operatory,11:05,66
A1758,Patient 1758,D594,Crown,General Operatory,14:20,38
A1759,Patient 1759,D322,X-ray/Imaging,Imaging Room,11:05,13
A1760,Patient 1760,D283,Checkup/Cleaning,General Operatory,09:25,45
A1761,Patient 1761,D646,Checkup/Cleaning,General Operatory,12:35,57
A1762,Patient 1762,D239,Checkup/Cleaning,General Operatory,10:20,31
A1763,Patient 1763,D451,Filling,General Operatory,10:55,22
A1764,Patient 1764,D63,X-ray/Imaging,Imaging Room,10:00,12
A1765,Patient 1765,D695,Root Canal,Endodontic Operatory,11:30,87
A1766,Patient 1766,D736,Checkup/Cleaning,General Operatory,12:20,37
A1767,Patient 1767,D80,Filling,General Operatory,13:55,27
A1768,Patient 1768,D243,Checkup/Cleaning,General Operatory,10:15,48
A1769,Patient 1769,D74,Extraction,General Operatory,09:50,29
A1770,Patient 1770,D335,Extraction,General Operatory,11:45,31
A1771,Patient 1771,D668,Filling,General Operatory,10:30,38
A1772,Patient 1772,D165,Filling,General Operatory,11:25,38
A1773,Patient 1773,D27,Checkup/Cleaning,General Operatory,11:35,36
A1774,Patient 1774,D524,Extraction,General Operatory,11:50,36
A1775,Patient 1775,D730,Checkup/Cleaning,General Operatory,10:30,36
A1776,Patient 1776,D34,Extraction,General Operatory,10:00,24
A1777,Patient 1777,D80,X-ray/Imaging,Imaging Room,14:30,11
A1778,Patient 1778,D589,Extraction,General Operatory,10:40,33
A1779,Patient 1779,D541,Root Canal,Endodontic Operatory,10:10,79
A1780,Patient 1780,D533,Filling,General Operatory,10:20,37
A1781,Patient 1781,D301,Crown,General Operatory,10:10,40
A1782,Patient 1782,D237,Filling,General Operatory,13:05,27
A1783,Patient 1783,D456,Extraction,General Operatory,09:55,33
A1784,Patient 1784,D361,Filling,General Operatory,10:25,24
A1785,Patient 1785,D620,Checkup/Cleaning,General Operatory,11:20,55
A1786,Patient 1786,D584,Root Canal,Endodontic Operatory,13:45,64
A1787,Patient 1787,D418,Extraction,General Operatory,13:05,24
A1788,Patient 1788,D294,Checkup/Cleaning,General Operatory,11:15,33
A1789,Patient 1789,D432,Filling,General Operatory,13:20,29
A1790,Patient 1790,D648,Crown,General Operatory,11:15,36
A1791,Patient 1791,D16,Checkup/Cleaning,General Operatory,12:45,43
A1792,Patient 1792,D729,Crown,General Operatory,09:15,53
A1793,Patient 1793,D35,Root Canal,Endodontic Operatory,13:40,60
A1794,Patient 1794,D75,Checkup/Cleaning,General Operatory,12:55,57
A1795,Patient 1795,D433,Filling,General Operatory,11:00,45
A1796,Patient 1796,D248,Extraction,General Operatory,10:15,23
A1797,Patient 1797,D606,Extraction,General Operatory,12:55,23
A1798,Patient 1798,D76,Extraction,General Operatory,12:45,31
A1799,Patient 1799,D646,Filling,General Operatory,11:40,47
A1800,Patient 1800,D717,Checkup/Cleaning,General Operatory,13:20,35
A1801,Patient 1801,D522,Checkup/Cleaning,General Operatory,09:45,58
A1802,Patient 1802,D608,Filling,General Operatory,12:30,49
A1803,Patient 1803,D450,Checkup/Cleaning,General Operatory,12:50,53
A1804,Patient 1804,D100,Checkup/Cleaning,General Operatory,12:15,45
A1805,Patient 1805,D578,Filling,General Operatory,14:05,53
A1806,Patient 1806,D437,Checkup/Cleaning,General Operatory,12:25,42
A1807,Patient 1807,D147,Checkup/Cleaning,General Operatory,12:45,60
A1808,Patient 1808,D441,Filling,General Operatory,10:40,56
A1809,Patient 1809,D102,Checkup/Cleaning,General Operatory,09:30,35
A1810,Patient 1810,D281,Filling,General Operatory,09:30,34
A1811,Patient 1811,D266,X-ray/Imaging,Imaging Room,11:05,10
A1812,Patient 1812,D145,Checkup/Cleaning,General Operatory,14:35,47
A1813,Patient 1813,D173,Checkup/Cleaning,General Operatory,10:15,58
A1814,Patient 1814,D551,Root Canal,Endodontic Operatory,11:10,60
A1815,Patient 1815,D379,Checkup/Cleaning,General Operatory,13:00,60
A1816,Patient 1816,D750,Filling,General Operatory,15:50,28
A1817,Patient 1817,D303,Crown,General Operatory,10:30,52
A1818,Patient 1818,D456,Crown,General Operatory,09:55,45
A1819,Patient 1819,D141,X-ray/Imaging,Imaging Room,14:00,15
A1820,Patient 1820,D363,Root Canal,Endodontic Operatory,10:50,83
A1821,Patient 1821,D745,Checkup/Cleaning,General Operatory,14:05,35
A1822,Patient 1822,D283,Filling,General Operatory,10:25,52
A1823,Patient 1823,D724,Extraction,General Operatory,12:25,21
A1824,Patient 1824,D723,Root Canal,Endodontic Operatory,11:15,70
A1825,Patient 1825,D677,Root Canal,Endodontic Operatory,11:20,80
A1826,Patient 1826,D643,Checkup/Cleaning,General Operatory,13:10,34
A1827,Patient 1827,D226,Extraction,General Operatory,12:25,28
A1828,Patient 1828,D497,Root Canal,Endodontic Operatory,11:15,83
A1829,Patient 1829,D135,Checkup/Cleaning,General Operatory,09:40,58
A1830,Patient 1830,D741,Extraction,General Operatory,10:00,20
A1831,Patient 1831,D503,Filling,General Operatory,12:55,33
A1832,Patient 1832,D40,Filling,General Operatory,14:10,36
A1833,Patient 1833,D647,Filling,General Operatory,11:35,60
A1834,Patient 1834,D544,Extraction,General Operatory,12:35,25
A1835,Patient 1835,D300,Extraction,General Operatory,14:55,35
A1836,Patient 1836,D402,Filling,General Operatory,11:25,54
A1837,Patient 1837,D99,Checkup/Cleaning,General Operatory,15:15,60
A1838,Patient 1838,D430,X-ray/Imaging,Imaging Room,09:40,12
A1839,Patient 1839,D119,Checkup/Cleaning,General Operatory,09:50,60
A1840,Patient 1840,D356,Extraction,General Operatory,14:50,24
A1841,Patient 1841,D501,Extraction,General Operatory,10:05,27
A1842,Patient 1842,D275,Filling,General Operatory,11:20,46
A1843,Patient 1843,D331,Checkup/Cleaning,General Operatory,12:40,40
A1844,Patient 1844,D453,Filling,General Operatory,09:25,36
A1845,Patient 1845,D498,Extraction,General Operatory,13:50,30
A1846,Patient 1846,D316,Filling,General Operatory,13:55,34
A1847,Patient 1847,D549,Checkup/Cleaning,General Operatory,09:45,50
A1848,Patient 1848,D626,Checkup/Cleaning,General Operatory,12:40,49
A1849,Patient 1849,D740,Checkup/Cleaning,General Operatory,09:30,42
A1850,Patient 1850,D362,Root Canal,Endodontic Operatory,09:45,77
A1851,Patient 1851,D532,Checkup/Cleaning,General Operatory,10:55,47
A1852,Patient 1852,D549,Filling,General Operatory,10:00,34
A1853,Patient 1853,D383,Checkup/Cleaning,General Operatory,10:45,36
A1854,Patient 1854,D14,Checkup/Cleaning,General Operatory,14:50,30
A1855,Patient 1855,D105,Filling,General Operatory,09:20,51
A1856,Patient 1856,D290,Checkup/Cleaning,General Operatory,13:00,37
A1857,Patient 1857,D35,Checkup/Cleaning,General Operatory,15:40,33
A1858,Patient 1858,D672,Filling,General Operatory,15:15,37
A1859,Patient 1859,D79,Checkup/Cleaning,General Operatory,10:50,53
A1860,Patient 1860,D21,Checkup/Cleaning,General Operatory,13:10,56
A1861,Patient 1861,D156,Checkup/Cleaning,General Operatory,11:30,48
A1862,Patient 1862,D199,Root Canal,Endodontic Operatory,12:15,87
A1863,Patient 1863,D436,Filling,General Operatory,10:15,21
A1864,Patient 1864,D470,Checkup/Cleaning,General Operatory,13:20,38
A1865,Patient 1865,D483,Filling,General Operatory,09:20,47
A1866,Patient 1866,D417,Filling,General Operatory,10:20,50
A1867,Patient 1867,D519,Checkup/Cleaning,General Operatory,12:40,30
A1868,Patient 1868,D382,Root Canal,Endodontic Operatory,10:05,82
A1869,Patient 1869,D230,Filling,General Operatory,12:35,21
A1870,Patient 1870,D458,Filling,General Operatory,10:00,56
A1871,Patient 1871,D341,Checkup/Cleaning,General Operatory,09:15,50
A1872,Patient 1872,D575,Checkup/Cleaning,General Operatory,12:45,57
A1873,Patient 1873,D256,Checkup/Cleaning,General Operatory,13:10,42
A1874,Patient 1874,D536,Extraction,General Operatory,15:25,38
A1875,Patient 1875,D61,Root Canal,Endodontic Operatory,12:25,68
A1876,Patient 1876,D346,Root Canal,Endodontic Operatory,12:40,61
A1877,Patient 1877,D614,Filling,General Operatory,10:10,20
A1878,Patient 1878,D576,Root Canal,Endodontic Operatory,12:20,77
A1879,Patient 1879,D668,Checkup/Cleaning,General Operatory,10:55,44
A1880,Patient 1880,D527,Filling,General Operatory,10:15,25
A1881,Patient 1881,D717,Checkup/Cleaning,General Operatory,14:15,34
A1882,Patient 1882,D166,Filling,General Operatory,09:25,27
A1883,Patient 1883,D449,Crown,General Operatory,11:15,33
A1884,Patient 1884,D508,Checkup/Cleaning,General Operatory,14:05,55
A1885,Patient 1885,D144,Extraction,General Operatory,11:40,37
A1886,Patient 1886,D10,Checkup/Cleaning,General Operatory,11:30,43
A1887,Patient 1887,D536,Checkup/Cleaning,General Operatory,12:45,58
A1888,Patient 1888,D666,Checkup/Cleaning,General Operatory,13:55,39
A1889,Patient 1889,D629,X-ray/Imaging,Imaging Room,14:35,12
A1890,Patient 1890,D258,Filling,General Operatory,10:00,33
A1891,Patient 1891,D169,Filling,General Operatory,11:05,50
A1892,Patient 1892,D427,Checkup/Cleaning,General Operatory,10:45,45
A1893,Patient 1893,D320,Extraction,General Operatory,12:55,26
A1894,Patient 1894,D551,Filling,General Operatory,10:25,26
A1895,Patient 1895,D480,Filling,General Operatory,13:00,24
A1896,Patient 1896,D573,Crown,General Operatory,10:30,41
A1897,Patient 1897,D198,Checkup/Cleaning,General Operatory,15:25,56
A1898,Patient 1898,D599,Extraction,General Operatory,11:00,31
A1899,Patient 1899,D261,Filling,General Operatory,09:50,32
A1900,Patient 1900,D157,Checkup/Cleaning,General Operatory,12:25,36
A1901,Patient 1901,D270,Filling,General Operatory,14:50,28
A1902,Patient 1902,D602,Extraction,General Operatory,12:50,32
A1903,Patient 1903,D607,Extraction,General Operatory,11:00,39
A1904,Patient 1904,D215,Checkup/Cleaning,General Operatory,09:55,55
A1905,Patient 1905,D94,Crown,General Operatory,09:15,49
A1906,Patient 1906,D169,Filling,General Operatory,12:25,20
A1907,Patient 1907,D54,Checkup/Cleaning,General Operatory,10:10,55
A1908,Patient 1908,D681,Filling,General Operatory,10:35,39
A1909,Patient 1909,D247,Filling,General Operatory,11:30,44
A1910,Patient 1910,D724,Filling,General Operatory,15:45,39
A1911,Patient 1911,D325,Filling,General Operatory,15:10,58
A1912,Patient 1912,D171,Crown,General Operatory,11:15,56
A1913,Patient 1913,D448,Filling,General Operatory,10:40,51
A1914,Patient 1914,D702,Checkup/Cleaning,General Operatory,10:05,58
A1915,Patient 1915,D183,Checkup/Cleaning,General Operatory,11:40,41
A1916,Patient 1916,D687,Checkup/Cleaning,General Operatory,10:25,43
A1917,Patient 1917,D574,Crown,General Operatory,11:05,59
A1918,Patient 1918,D384,Checkup/Cleaning,General Operatory,09:20,53
A1919,Patient 1919,D453,Filling,General Operatory,09:50,32
A1920,Patient 1920,D318,Checkup/Cleaning,General Operatory,11:25,59
A1921,Patient 1921,D515,Crown,General Operatory,12:10,49
A1922,Patient 1922,D663,Checkup/Cleaning,General Operatory,09:50,45
A1923,Patient 1923,D713,Extraction,General Operatory,13:50,28
A1924,Patient 1924,D586,Root Canal,Endodontic Operatory,10:35,87
A1925,Patient 1925,D623,Extraction,General Operatory,10:15,35
A1926,Patient 1926,D664,Root Canal,Endodontic Operatory,09:05,85
A1927,Patient 1927,D379,Checkup/Cleaning,General Operatory,12:40,58
A1928,Patient 1928,D723,Extraction,General Operatory,11:15,24
A1929,Patient 1929,D123,Checkup/Cleaning,General Operatory,13:40,50
A1930,Patient 1930,D322,Checkup/Cleaning,General Operatory,12:25,47
A1931,Patient 1931,D671,Extraction,General Operatory,10:15,20
A1932,Patient 1932,D727,Checkup/Cleaning,General Operatory,10:50,48
A1933,Patient 1933,D529,Checkup/Cleaning,General Operatory,12:35,51
A1934,Patient 1934,D684,Extraction,General Operatory,10:20,22
A1935,Patient 1935,D152,Extraction,General Operatory,11:15,22
A1936,Patient 1936,D46,Checkup/Cleaning,General Operatory,13:15,36
A1937,Patient 1937,D420,Checkup/Cleaning,General Operatory,15:00,53
A1938,Patient 1938,D319,Checkup/Cleaning,General Operatory,11:05,41
A1939,Patient 1939,D478,Filling,General Operatory,11:05,25
A1940,Patient 1940,D91,Checkup/Cleaning,General Operatory,09:15,32
A1941,Patient 1941,D191,Checkup/Cleaning,General Operatory,09:20,50
A1942,Patient 1942,D11,Checkup/Cleaning,General Operatory,09:55,41
A1943,Patient 1943,D742,Crown,General Operatory,15:20,39
A1944,Patient 1944,D136,Checkup/Cleaning,General Operatory,14:00,42
A1945,Patient 1945,D183,Checkup/Cleaning,General Operatory,10:15,48
A1946,Patient 1946,D232,Root Canal,Endodontic Operatory,09:15,68
A1947,Patient 1947,D303,Checkup/Cleaning,General Operatory,09:55,44
A1948,Patient 1948,D502,Filling,General Operatory,12:45,43
A1949,Patient 1949,D461,Root Canal,Endodontic Operatory,13:50,81
A1950,Patient 1950,D38,Crown,General Operatory,09:55,48
A1951,Patient 1951,D551,Filling,General Operatory,11:30,47
A1952,Patient 1952,D213,Checkup/Cleaning,General Operatory,14:05,60
A1953,Patient 1953,D276,Checkup/Cleaning,General Operatory,11:00,54
A1954,Patient 1954,D224,Filling,General Operatory,10:20,22
A1955,Patient 1955,D675,Extraction,General Operatory,11:15,35
A1956,Patient 1956,D601,Checkup/Cleaning,General Operatory,12:50,48
A1957,Patient 1957,D35,Checkup/Cleaning,General Operatory,14:05,33
A1958,Patient 1958,D9,Checkup/Cleaning,General Operatory,10:10,45
A1959,Patient 1959,D664,Crown,General Operatory,10:10,35
A1960,Patient 1960,D167,Filling,General Operatory,15:15,31
A1961,Patient 1961,D450,Root Canal,Endodontic Operatory,13:00,74
A1962,Patient 1962,D712,Filling,General Operatory,11:25,45
A1963,Patient 1963,D259,Extraction,General Operatory,12:45,39
A1964,Patient 1964,D695,Filling,General Operatory,10:20,22
A1965,Patient 1965,D111,Filling,General Operatory,14:10,37
A1966,Patient 1966,D608,Checkup/Cleaning,General Operatory,11:05,46
A1967,Patient 1967,D612,X-ray/Imaging,Imaging Room,10:25,14
A1968,Patient 1968,D143,Checkup/Cleaning,General Operatory,14:15,40
A1969,Patient 1969,D93,Checkup/Cleaning,General Operatory,10:05,54
A1970,Patient 1970,D470,Filling,General Operatory,09:55,49
A1971,Patient 1971,D206,Crown,General Operatory,09:55,39
A1972,Patient 1972,D190,Checkup/Cleaning,General Operatory,09:55,36
A1973,Patient 1973,D742,Checkup/Cleaning,General Operatory,14:00,51
A1974,Patient 1974,D6,Filling,General Operatory,10:15,42
A1975,Patient 1975,D564,Extraction,General Operatory,12:40,26
A1976,Patient 1976,D475,Extraction,General Operatory,11:25,23
A1977,Patient 1977,D326,Root Canal,Endodontic Operatory,10:00,64
A1978,Patient 1978,D290,Root Canal,Endodontic Operatory,14:05,83
A1979,Patient 1979,D612,Filling,General Operatory,11:50,24
A1980,Patient 1980,D686,Extraction,General Operatory,11:00,38
A1981,Patient 1981,D624,Checkup/Cleaning,General Operatory,11:40,37
A1982,Patient 1982,D349,Filling,General Operatory,13:30,20
A1983,Patient 1983,D408,Crown,General Operatory,09:15,50
A1984,Patient 1984,D512,Checkup/Cleaning,General Operatory,11:40,36
A1985,Patient 1985,D96,Checkup/Cleaning,General Operatory,10:10,50
A1986,Patient 1986,D155,Checkup/Cleaning,General Operatory,14:10,42
A1987,Patient 1987,D36,Checkup/Cleaning,General Operatory,11:20,60
A1988,Patient 1988,D168,Filling,General Operatory,14:05,53
A1989,Patient 1989,D477,Root Canal,Endodontic Operatory,12:30,71
A1990,Patient 1990,D672,Crown,General Operatory,15:00,55
A1991,Patient 1991,D165,Checkup/Cleaning,General Operatory,14:00,48
A1992,Patient 1992,D703,Filling,General Operatory,13:00,51
A1993,Patient 1993,D433,Root Canal,Endodontic Operatory,09:55,69
A1994,Patient 1994,D650,Checkup/Cleaning,General Operatory,14:25,55
A1995,Patient 1995,D515,Filling,General Operatory,13:55,50
A1996,Patient 1996,D548,X-ray/Imaging,Imaging Room,14:45,10
A1997,Patient 1997,D435,Filling,General Operatory,15:10,44
A1998,Patient 1998,D154,Checkup/Cleaning,General Operatory,10:55,60
A1999,Patient 1999,D265,Checkup/Cleaning,General Operatory,10:50,56
A2000,Patient 2000,D446,Checkup/Cleaning,General Operatory,10:55,39
A2001,Patient 2001,D502,Filling,General Operatory,14:15,23
A2002,Patient 2002,D259,Filling,General Operatory,15:10,38
A2003,Patient 2003,D556,Checkup/Cleaning,General Operatory,10:15,39
A2004,Patient 2004,D18,Filling,General Operatory,12:45,39
A2005,Patient 2005,D611,Checkup/Cleaning,General Operatory,09:40,53
A2006,Patient 2006,D406,Checkup/Cleaning,General Operatory,13:50,32
A2007,Patient 2007,D130,Extraction,General Operatory,10:15,40
A2008,Patient 2008,D282,Checkup/Cleaning,General Operatory,11:05,44
A2009,Patient 2009,D250,Crown,General Operatory,14:30,58
A2010,Patient 2010,D583,Filling,General Operatory,10:20,24
A2011,Patient 2011,D40,Checkup/Cleaning,General Operatory,13:40,53
A2012,Patient 2012,D392,Filling,General Operatory,10:35,25
A2013,Patient 2013,D310,Filling,General Operatory,10:05,21
A2014,Patient 2014,D739,Extraction,General Operatory,15:50,22
A2015,Patient 2015,D120,Root Canal,Endodontic Operatory,12:20,78
A2016,Patient 2016,D631,Filling,General Operatory,12:45,35
A2017,Patient 2017,D384,Filling,General Operatory,11:40,33
A2018,Patient 2018,D282,Extraction,General Operatory,10:25,25
A2019,Patient 2019,D688,Checkup/Cleaning,General Operatory,09:25,42
A2020,Patient 2020,D280,Checkup/Cleaning,General Operatory,10:10,36
A2021,Patient 2021,D673,Checkup/Cleaning,General Operatory,11:50,38
A2022,Patient 2022,D651,Checkup/Cleaning,General Operatory,09:10,37
A2023,Patient 2023,D727,Checkup/Cleaning,General Operatory,10:50,32
A2024,Patient 2024,D746,Extraction,General Operatory,13:10,34
A2025,Patient 2025,D651,Filling,General Operatory,10:15,54
A2026,Patient 2026,D572,Checkup/Cleaning,General Operatory,12:35,40
A2027,Patient 2027,D456,Checkup/Cleaning,General Operatory,10:50,57
A2028,Patient 2028,D216,Filling,General Operatory,14:10,30
A2029,Patient 2029,D262,Filling,General Operatory,10:25,56
A2030,Patient 2030,D499,Filling,General Operatory,10:00,42
A2031,Patient 2031,D543,Filling,General Operatory,14:30,38
A2032,Patient 2032,D463,Extraction,General Operatory,10:30,20
A2033,Patient 2033,D599,Checkup/Cleaning,General Operatory,10:55,41
A2034,Patient 2034,D426,X-ray/Imaging,Imaging Room,15:50,10
A2035,Patient 2035,D570,Extraction,General Operatory,12:50,27
A2036,Patient 2036,D135,Filling,General Operatory,09:35,27
A2037,Patient 2037,D224,Checkup/Cleaning,General Operatory,13:05,33
A2038,Patient 2038,D183,Crown,General Operatory,11:25,54
A2039,Patient 2039,D564,Filling,General Operatory,12:55,33
A2040,Patient 2040,D286,Checkup/Cleaning,General Operatory,13:45,41
A2041,Patient 2041,D681,Crown,General Operatory,11:00,60
A2042,Patient 2042,D326,Filling,General Operatory,10:00,54
A2043,Patient 2043,D414,Filling,General Operatory,10:15,49
A2044,Patient 2044,D161,Crown,General Operatory,10:10,35
A2045,Patient 2045,D4,Filling,General Operatory,11:40,41
A2046,Patient 2046,D672,Checkup/Cleaning,General Operatory,11:05,59
A2047,Patient 2047,D595,Extraction,General Operatory,12:30,33
A2048,Patient 2048,D652,Checkup/Cleaning,General Operatory,09:50,37
A2049,Patient 2049,D635,Filling,General Operatory,11:15,25
A2050,Patient 2050,D750,Filling,General Operatory,13:00,21
A2051,Patient 2051,D256,Checkup/Cleaning,General Operatory,11:15,50
A2052,Patient 2052,D380,Checkup/Cleaning,General Operatory,15:25,49
A2053,Patient 2053,D566,Filling,General Operatory,15:25,32
A2054,Patient 2054,D469,Filling,General Operatory,10:15,35
A2055,Patient 2055,D730,Crown,General Operatory,09:30,40
A2056,Patient 2056,D67,Crown,General Operatory,11:00,36
A2057,Patient 2057,D471,Checkup/Cleaning,General Operatory,12:25,49
A2058,Patient 2058,D182,X-ray/Imaging,Imaging Room,14:05,14
A2059,Patient 2059,D619,Root Canal,Endodontic Operatory,09:55,87
A2060,Patient 2060,D474,Extraction,General Operatory,10:50,22
A2061,Patient 2061,D699,Extraction,General Operatory,12:40,36
A2062,Patient 2062,D73,Root Canal,Endodontic Operatory,11:30,90
A2063,Patient 2063,D124,Extraction,General Operatory,13:15,39
A2064,Patient 2064,D732,Checkup/Cleaning,General Operatory,15:10,45
A2065,Patient 2065,D300,Root Canal,Endodontic Operatory,13:35,86
A2066,Patient 2066,D373,Filling,General Operatory,14:05,52
A2067,Patient 2067,D439,Root Canal,Endodontic Operatory,10:00,63
A2068,Patient 2068,D594,Root Canal,Endodontic Operatory,13:40,63
A2069,Patient 2069,D376,Filling,General Operatory,09:25,41
A2070,Patient 2070,D495,Checkup/Cleaning,General Operatory,09:55,33
A2071,Patient 2071,D470,Crown,General Operatory,14:20,45
A2072,Patient 2072,D267,Checkup/Cleaning,General Operatory,11:30,52
A2073,Patient 2073,D462,Extraction,General Operatory,10:30,38
A2074,Patient 2074,D37,Root Canal,Endodontic Operatory,12:45,64
A2075,Patient 2075,D27,Checkup/Cleaning,General Operatory,10:50,41
A2076,Patient 2076,D731,Checkup/Cleaning,General Operatory,12:40,60
A2077,Patient 2077,D582,Extraction,General Operatory,14:10,35
A2078,Patient 2078,D690,Checkup/Cleaning,General Operatory,14:10,53
A2079,Patient 2079,D151,Extraction,General Operatory,11:55,32
A2080,Patient 2080,D234,Checkup/Cleaning,General Operatory,13:05,36
A2081,Patient 2081,D152,Filling,General Operatory,12:45,36
A2082,Patient 2082,D530,Filling,General Operatory,10:05,59
A2083,Patient 2083,D660,Checkup/Cleaning,General Operatory,13:50,57
A2084,Patient 2084,D536,Filling,General Operatory,13:45,51
A2085,Patient 2085,D538,Filling,General Operatory,09:45,50
A2086,Patient 2086,D685,Crown,General Operatory,11:05,40
A2087,Patient 2087,D212,Checkup/Cleaning,General Operatory,10:40,38
A2088,Patient 2088,D666,Checkup/Cleaning,General Operatory,12:50,45
A2089,Patient 2089,D654,Crown,General Operatory,13:05,56
A2090,Patient 2090,D234,Extraction,General Operatory,12:50,31
A2091,Patient 2091,D409,Extraction,General Operatory,13:50,30
A2092,Patient 2092,D278,Filling,General Operatory,15:35,54
A2093,Patient 2093,D82,X-ray/Imaging,Imaging Room,13:00,10
A2094,Patient 2094,D536,Checkup/Cleaning,General Operatory,15:20,38
A2095,Patient 2095,D707,Crown,General Operatory,10:55,57
A2096,Patient 2096,D707,Extraction,General Operatory,11:25,25
A2097,Patient 2097,D273,Filling,General Operatory,10:50,25
A2098,Patient 2098,D66,Crown,General Operatory,13:05,34
A2099,Patient 2099,D63,Checkup/Cleaning,General Operatory,11:10,37
A2100,Patient 2100,D489,Filling,General Operatory,15:00,54
A2101,Patient 2101,D327,Root Canal,Endodontic Operatory,09:35,62
A2102,Patient 2102,D120,Filling,General Operatory,10:50,50
A2103,Patient 2103,D556,Filling,General Operatory,10:00,58
A2104,Patient 2104,D583,Checkup/Cleaning,General Operatory,11:15,43
A2105,Patient 2105,D738,Crown,General Operatory,13:45,54
A2106,Patient 2106,D604,Root Canal,Endodontic Operatory,15:10,79
A2107,Patient 2107,D1,Checkup/Cleaning,General Operatory,10:45,43
A2108,Patient 2108,D505,Extraction,General Operatory,13:15,30
A2109,Patient 2109,D527,Checkup/Cleaning,General Operatory,11:25,50
A2110,Patient 2110,D545,Checkup/Cleaning,General Operatory,11:05,38
A2111,Patient 2111,D516,Checkup/Cleaning,General Operatory,10:55,44
A2112,Patient 2112,D500,Checkup/Cleaning,General Operatory,10:50,58
A2113,Patient 2113,D508,Checkup/Cleaning,General Operatory,15:45,32
A2114,Patient 2114,D690,Checkup/Cleaning,General Operatory,14:25,59
A2115,Patient 2115,D351,Extraction,General Operatory,11:25,37
A2116,Patient 2116,D199,Root Canal,Endodontic Operatory,10:50,84
A2117,Patient 2117,D315,Filling,General Operatory,14:45,40
A2118,Patient 2118,D484,Checkup/Cleaning,General Operatory,10:45,39
A2119,Patient 2119,D585,Extraction,General Operatory,09:25,30
A2120,Patient 2120,D406,Root Canal,Endodontic Operatory,11:15,87
A2121,Patient 2121,D679,Checkup/Cleaning,General Operatory,10:50,60
A2122,Patient 2122,D670,Filling,General Operatory,15:20,46
A2123,Patient 2123,D235,Crown,General Operatory,14:25,45
A2124,Patient 2124,D380,Checkup/Cleaning,General Operatory,14:05,40
A2125,Patient 2125,D323,Filling,General Operatory,14:05,47
A2126,Patient 2126,D428,Checkup/Cleaning,General Operatory,09:45,60
A2127,Patient 2127,D419,Filling,General Operatory,11:35,28
A2128,Patient 2128,D20,Root Canal,Endodontic Operatory,10:00,66
A2129,Patient 2129,D302,Root Canal,Endodontic Operatory,12:35,60
A2130,Patient 2130,D392,Checkup/Cleaning,General Operatory,10:40,47
A2131,Patient 2131,D221,Extraction,General Operatory,11:30,34
A2132,Patient 2132,D110,Checkup/Cleaning,General Operatory,12:45,35
A2133,Patient 2133,D739,Filling,General Operatory,15:45,22
A2134,Patient 2134,D705,X-ray/Imaging,Imaging Room,12:35,15
A2135,Patient 2135,D287,X-ray/Imaging,Imaging Room,10:00,14
A2136,Patient 2136,D104,Checkup/Cleaning,General Operatory,11:50,40
A2137,Patient 2137,D379,Filling,General Operatory,10:15,38
A2138,Patient 2138,D138,Crown,General Operatory,11:40,32
A2139,Patient 2139,D156,Crown,General Operatory,10:25,48
A2140,Patient 2140,D205,Filling,General Operatory,10:05,48
A2141,Patient 2141,D587,Filling,General Operatory,13:15,36
A2142,Patient 2142,D299,Extraction,General Operatory,15:25,24
A2143,Patient 2143,D717,Extraction,General Operatory,14:40,30
A2144,Patient 2144,D457,Extraction,General Operatory,10:10,26
A2145,Patient 2145,D480,Checkup/Cleaning,General Operatory,12:25,41
A2146,Patient 2146,D694,X-ray/Imaging,Imaging Room,10:35,12
A2147,Patient 2147,D24,Checkup/Cleaning,General Operatory,11:35,50
A2148,Patient 2148,D406,Root Canal,Endodontic Operatory,11:10,85
A2149,Patient 2149,D62,Crown,General Operatory,09:50,46
A2150,Patient 2150,D580,Filling,General Operatory,13:10,22
A2151,Patient 2151,D552,Filling,General Operatory,10:25,56
A2152,Patient 2152,D69,Extraction,General Operatory,10:20,38
A2153,Patient 2153,D116,Filling,General Operatory,11:05,52
A2154,Patient 2154,D588,Crown,General Operatory,10:35,49
A2155,Patient 2155,D75,Root Canal,Endodontic Operatory,14:00,73
A2156,Patient 2156,D477,Filling,General Operatory,13:10,29
A2157,Patient 2157,D75,Checkup/Cleaning,General Operatory,11:40,48
A2158,Patient 2158,D541,Root Canal,Endodontic Operatory,11:05,83
A2159,Patient 2159,D22,Filling,General Operatory,09:50,38
A2160,Patient 2160,D400,Checkup/Cleaning,General Operatory,12:40,37
A2161,Patient 2161,D155,Checkup/Cleaning,General Operatory,14:05,37
A2162,Patient 2162,D546,Filling,General Operatory,14:50,32
A2163,Patient 2163,D364,Crown,General Operatory,11:35,52
A2164,Patient 2164,D157,Checkup/Cleaning,General Operatory,11:05,34
A2165,Patient 2165,D186,Checkup/Cleaning,General Operatory,12:40,47
A2166,Patient 2166,D131,Filling,General Operatory,12:40,24
A2167,Patient 2167,D236,Extraction,General Operatory,11:30,26
A2168,Patient 2168,D435,X-ray/Imaging,Imaging Room,11:10,11
A2169,Patient 2169,D28,Checkup/Cleaning,General Operatory,09:50,58
A2170,Patient 2170,D385,Checkup/Cleaning,General Operatory,13:45,57
A2171,Patient 2171,D390,Checkup/Cleaning,General Operatory,12:25,44
A2172,Patient 2172,D211,Root Canal,Endodontic Operatory,13:50,78
A2173,Patient 2173,D96,X-ray/Imaging,Imaging Room,13:30,14
A2174,Patient 2174,D125,Checkup/Cleaning,General Operatory,11:15,36
A2175,Patient 2175,D620,Filling,General Operatory,11:25,40
A2176,Patient 2176,D216,X-ray/Imaging,Imaging Room,12:55,14
A2177,Patient 2177,D262,Filling,General Operatory,09:45,49
A2178,Patient 2178,D390,Root Canal,Endodontic Operatory,14:50,72
A2179,Patient 2179,D364,Filling,General Operatory,11:15,39
A2180,Patient 2180,D445,Crown,General Operatory,11:25,50
A2181,Patient 2181,D719,Checkup/Cleaning,General Operatory,15:25,50
A2182,Patient 2182,D483,Checkup/Cleaning,General Operatory,10:00,60
A2183,Patient 2183,D47,Checkup/Cleaning,General Operatory,11:20,37
A2184,Patient 2184,D10,Checkup/Cleaning,General Operatory,10:15,34
A2185,Patient 2185,D40,Checkup/Cleaning,General Operatory,11:00,55
A2186,Patient 2186,D381,Extraction,General Operatory,12:30,25
A2187,Patient 2187,D179,Crown,General Operatory,09:20,60
A2188,Patient 2188,D374,Crown,General Operatory,15:25,33
A2189,Patient 2189,D31,Filling,General Operatory,12:55,39
A2190,Patient 2190,D383,Crown,General Operatory,10:50,38
A2191,Patient 2191,D30,Root Canal,Endodontic Operatory,09:35,70
A2192,Patient 2192,D36,Extraction,General Operatory,11:20,24
A2193,Patient 2193,D553,Filling,General Operatory,10:55,58
A2194,Patient 2194,D174,Checkup/Cleaning,General Operatory,10:05,30
A2195,Patient 2195,D95,Filling,General Operatory,09:40,24
A2196,Patient 2196,D476,X-ray/Imaging,Imaging Room,10:05,14
A2197,Patient 2197,D618,Root Canal,Endodontic Operatory,12:35,60
A2198,Patient 2198,D481,Crown,General Operatory,09:30,38
A2199,Patient 2199,D673,Filling,General Operatory,12:35,59
A2200,Patient 2200,D490,Filling,General Operatory,09:50,56
A2201,Patient 2201,D225,Filling,General Operatory,09:15,29
A2202,Patient 2202,D98,Extraction,General Operatory,13:55,29
A2203,Patient 2203,D256,Checkup/Cleaning,General Operatory,13:05,35
A2204,Patient 2204,D337,Extraction,General Operatory,11:10,34
A2205,Patient 2205,D533,Filling,General Operatory,14:20,37
A2206,Patient 2206,D336,Filling,General Operatory,12:50,29
A2207,Patient 2207,D395,Extraction,General Operatory,09:10,26
A2208,Patient 2208,D147,Extraction,General Operatory,10:10,27
A2209,Patient 2209,D331,Checkup/Cleaning,General Operatory,12:35,45
A2210,Patient 2210,D193,Extraction,General Operatory,10:20,38
A2211,Patient 2211,D220,Filling,General Operatory,13:10,36
A2212,Patient 2212,D121,Extraction,General Operatory,15:40,40
A2213,Patient 2213,D346,Checkup/Cleaning,General Operatory,11:00,58
A2214,Patient 2214,D350,Root Canal,Endodontic Operatory,14:20,75
A2215,Patient 2215,D468,Extraction,General Operatory,15:50,30
A2216,Patient 2216,D270,Checkup/Cleaning,General Operatory,11:15,41
A2217,Patient 2217,D557,Checkup/Cleaning,General Operatory,10:00,37
A2218,Patient 2218,D124,Filling,General Operatory,10:10,38
A2219,Patient 2219,D315,Filling,General Operatory,10:15,55
A2220,Patient 2220,D187,Filling,General Operatory,09:55,52
A2221,Patient 2221,D697,Checkup/Cleaning,General Operatory,10:10,30
A2222,Patient 2222,D539,Extraction,General Operatory,14:25,24
A2223,Patient 2223,D538,Checkup/Cleaning,General Operatory,10:20,47
A2224,Patient 2224,D236,Extraction,General Operatory,10:10,36
A2225,Patient 2225,D163,Checkup/Cleaning,General Operatory,11:10,35
A2226,Patient 2226,D634,Checkup/Cleaning,General Operatory,11:05,59
A2227,Patient 2227,D554,Crown,General Operatory,10:00,49
A2228,Patient 2228,D286,Checkup/Cleaning,General Operatory,12:25,60
A2229,Patient 2229,D400,Crown,General Operatory,12:40,43
A2230,Patient 2230,D330,Checkup/Cleaning,General Operatory,09:40,60
A2231,Patient 2231,D77,Checkup/Cleaning,General Operatory,13:55,47
A2232,Patient 2232,D214,Crown,General Operatory,10:30,49
A2233,Patient 2233,D61,Root Canal,Endodontic Operatory,11:10,64
A2234,Patient 2234,D165,Root Canal,Endodontic Operatory,11:05,85
A2235,Patient 2235,D164,Extraction,General Operatory,10:45,32
A2236,Patient 2236,D255,Root Canal,Endodontic Operatory,09:25,62
A2237,Patient 2237,D144,Crown,General Operatory,13:20,33
A2238,Patient 2238,D689,Checkup/Cleaning,General Operatory,11:00,44
A2239,Patient 2239,D336,Checkup/Cleaning,General Operatory,13:05,33
A2240,Patient 2240,D537,Checkup/Cleaning,General Operatory,14:05,50
A2241,Patient 2241,D238,Extraction,General Operatory,15:25,29
A2242,Patient 2242,D555,Extraction,General Operatory,09:15,34
A2243,Patient 2243,D738,Checkup/Cleaning,General Operatory,11:10,38
A2244,Patient 2244,D262,Checkup/Cleaning,General Operatory,11:50,44
A2245,Patient 2245,D173,Crown,General Operatory,14:30,52
A2246,Patient 2246,D299,Checkup/Cleaning,General Operatory,11:25,33
A2247,Patient 2247,D614,Crown,General Operatory,11:45,37
A2248,Patient 2248,D719,X-ray/Imaging,Imaging Room,11:30,13
A2249,Patient 2249,D108,Crown,General Operatory,14:30,38
A2250,Patient 2250,D258,Extraction,General Operatory,10:10,30
A2251,Patient 2251,D366,Checkup/Cleaning,General Operatory,11:05,33
A2252,Patient 2252,D249,Filling,General Operatory,13:10,34
A2253,Patient 2253,D682,Checkup/Cleaning,General Operatory,15:30,54
A2254,Patient 2254,D575,Extraction,General Operatory,12:50,38
A2255,Patient 2255,D532,Crown,General Operatory,12:10,51
A2256,Patient 2256,D617,Checkup/Cleaning,General Operatory,11:05,56
A2257,Patient 2257,D590,Checkup/Cleaning,General Operatory,15:10,60
A2258,Patient 2258,D370,Filling,General Operatory,10:10,58
A2259,Patient 2259,D736,Extraction,General Operatory,14:15,31
A2260,Patient 2260,D472,Filling,General Operatory,11:10,53
A2261,Patient 2261,D644,Extraction,General Operatory,10:35,33
A2262,Patient 2262,D222,Filling,General Operatory,11:00,21
A2263,Patient 2263,D102,Checkup/Cleaning,General Operatory,11:10,43
A2264,Patient 2264,D747,Filling,General Operatory,10:15,36
A2265,Patient 2265,D361,X-ray/Imaging,Imaging Room,10:30,11
A2266,Patient 2266,D49,Checkup/Cleaning,General Operatory,13:50,52
A2267,Patient 2267,D165,Checkup/Cleaning,General Operatory,15:35,54
A2268,Patient 2268,D664,Checkup/Cleaning,General Operatory,11:30,42
A2269,Patient 2269,D177,Root Canal,Endodontic Operatory,09:25,87
A2270,Patient 2270,D361,Extraction,General Operatory,10:15,27
A2271,Patient 2271,D104,Crown,General Operatory,13:10,32
A2272,Patient 2272,D321,Extraction,General Operatory,11:10,40
A2273,Patient 2273,D208,Checkup/Cleaning,General Operatory,11:30,52
A2274,Patient 2274,D346,Root Canal,Endodontic Operatory,12:05,88
A2275,Patient 2275,D173,Checkup/Cleaning,General Operatory,10:25,33
A2276,Patient 2276,D318,Crown,General Operatory,13:10,52
A2277,Patient 2277,D304,Root Canal,Endodontic Operatory,10:05,77
A2278,Patient 2278,D634,Extraction,General Operatory,09:15,26
A2279,Patient 2279,D729,Filling,General Operatory,11:20,45
A2280,Patient 2280,D150,Extraction,General Operatory,10:15,37
A2281,Patient 2281,D137,Crown,General Operatory,15:35,33
A2282,Patient 2282,D629,Filling,General Operatory,12:35,25
A2283,Patient 2283,D454,Root Canal,Endodontic Operatory,10:25,67
A2284,Patient 2284,D684,X-ray/Imaging,Imaging Room,11:40,10
A2285,Patient 2285,D712,X-ray/Imaging,Imaging Room,10:20,11
A2286,Patient 2286,D664,Root Canal,Endodontic Operatory,09:25,64
A2287,Patient 2287,D250,X-ray/Imaging,Imaging Room,11:50,14
A2288,Patient 2288,D425,Filling,General Operatory,10:10,56
A2289,Patient 2289,D191,Root Canal,Endodontic Operatory,10:15,78
A2290,Patient 2290,D590,Crown,General Operatory,13:55,42
A2291,Patient 2291,D724,Root Canal,Endodontic Operatory,15:00,71
A2292,Patient 2292,D442,Filling,General Operatory,12:50,35
A2293,Patient 2293,D366,Checkup/Cleaning,General Operatory,09:30,52
A2294,Patient 2294,D720,Checkup/Cleaning,General Operatory,13:45,47
A2295,Patient 2295,D99,X-ray/Imaging,Imaging Room,14:25,14
A2296,Patient 2296,D549,Checkup/Cleaning,General Operatory,11:35,55
A2297,Patient 2297,D234,Extraction,General Operatory,12:55,40
A2298,Patient 2298,D477,Checkup/Cleaning,General Operatory,10:10,56
A2299,Patient 2299,D634,Filling,General Operatory,09:50,57
A2300,Patient 2300,D176,Checkup/Cleaning,General Operatory,13:40,44
A2301,Patient 2301,D356,Filling,General Operatory,10:10,29
A2302,Patient 2302,D67,X-ray/Imaging,Imaging Room,11:00,12
A2303,Patient 2303,D746,Checkup/Cleaning,General Operatory,11:35,49
A2304,Patient 2304,D722,Root Canal,Endodontic Operatory,12:20,64
A2305,Patient 2305,D678,Filling,General Operatory,12:55,54
A2306,Patient 2306,D339,Checkup/Cleaning,General Operatory,10:45,55
A2307,Patient 2307,D148,Root Canal,Endodontic Operatory,10:25,81
A2308,Patient 2308,D7,X-ray/Imaging,Imaging Room,13:20,10
A2309,Patient 2309,D602,Checkup/Cleaning,General Operatory,13:50,32
A2310,Patient 2310,D543,Filling,General Operatory,13:00,30
A2311,Patient 2311,D255,X-ray/Imaging,Imaging Room,11:40,11
A2312,Patient 2312,D31,Extraction,General Operatory,13:50,35
A2313,Patient 2313,D340,Checkup/Cleaning,General Operatory,11:45,60
A2314,Patient 2314,D718,Crown,General Operatory,11:35,42
A2315,Patient 2315,D391,Extraction,General Operatory,11:45,24
A2316,Patient 2316,D188,Checkup/Cleaning,General Operatory,11:10,41
A2317,Patient 2317,D259,Filling,General Operatory,12:40,31
A2318,Patient 2318,D206,Checkup/Cleaning,General Operatory,10:30,50
A2319,Patient 2319,D348,Filling,General Operatory,10:55,26
A2320,Patient 2320,D21,Crown,General Operatory,12:50,31
A2321,Patient 2321,D700,Filling,General Operatory,09:45,30
A2322,Patient 2322,D13,Checkup/Cleaning,General Operatory,09:50,42
A2323,Patient 2323,D582,Filling,General Operatory,11:00,24
A2324,Patient 2324,D652,Extraction,General Operatory,10:50,25
A2325,Patient 2325,D354,Checkup/Cleaning,General Operatory,10:20,51
A2326,Patient 2326,D384,Filling,General Operatory,10:35,48
A2327,Patient 2327,D520,Checkup/Cleaning,General Operatory,12:10,56
A2328,Patient 2328,D638,Checkup/Cleaning,General Operatory,11:10,47
A2329,Patient 2329,D320,Crown,General Operatory,11:25,33
A2330,Patient 2330,D605,Filling,General Operatory,10:05,26
A2331,Patient 2331,D618,Checkup/Cleaning,General Operatory,12:40,49
A2332,Patient 2332,D675,Filling,General Operatory,15:35,44
A2333,Patient 2333,D120,Extraction,General Operatory,12:35,22
A2334,Patient 2334,D375,Checkup/Cleaning,General Operatory,14:25,60
A2335,Patient 2335,D193,Root Canal,Endodontic Operatory,09:45,61
A2336,Patient 2336,D492,Root Canal,Endodontic Operatory,10:40,89
A2337,Patient 2337,D102,Root Canal,Endodontic Operatory,10:35,62
A2338,Patient 2338,D540,Filling,General Operatory,14:00,54
A2339,Patient 2339,D560,Extraction,General Operatory,12:25,29
A2340,Patient 2340,D459,Root Canal,Endodontic Operatory,12:55,69
A2341,Patient 2341,D414,Filling,General Operatory,09:55,25
A2342,Patient 2342,D504,Checkup/Cleaning,General Operatory,12:50,47
A2343,Patient 2343,D399,Checkup/Cleaning,General Operatory,14:15,55
A2344,Patient 2344,D701,Extraction,General Operatory,14:15,36
A2345,Patient 2345,D193,Crown,General Operatory,11:05,39
A2346,Patient 2346,D556,Checkup/Cleaning,General Operatory,10:35,40
A2347,Patient 2347,D548,Checkup/Cleaning,General Operatory,11:30,60
A2348,Patient 2348,D193,Filling,General Operatory,09:35,54
A2349,Patient 2349,D521,Filling,General Operatory,10:55,31
A2350,Patient 2350,D698,Extraction,General Operatory,10:15,26
A2351,Patient 2351,D191,Crown,General Operatory,09:50,52
A2352,Patient 2352,D732,Checkup/Cleaning,General Operatory,14:25,36
A2353,Patient 2353,D628,Checkup/Cleaning,General Operatory,11:20,59
A2354,Patient 2354,D706,Checkup/Cleaning,General Operatory,11:00,39
A2355,Patient 2355,D676,Root Canal,Endodontic Operatory,12:10,86
A2356,Patient 2356,D400,Root Canal,Endodontic Operatory,15:10,71
A2357,Patient 2357,D46,Checkup/Cleaning,General Operatory,10:25,49
A2358,Patient 2358,D685,Checkup/Cleaning,General Operatory,12:45,59
A2359,Patient 2359,D728,Crown,General Operatory,10:00,50
A2360,Patient 2360,D670,Extraction,General Operatory,12:20,28
A2361,Patient 2361,D426,Root Canal,Endodontic Operatory,12:15,72
A2362,Patient 2362,D500,Checkup/Cleaning,General Operatory,11:00,30
A2363,Patient 2363,D43,Extraction,General Operatory,10:00,34
A2364,Patient 2364,D73,Extraction,General Operatory,10:20,23
A2365,Patient 2365,D69,Checkup/Cleaning,General Operatory,10:00,40
A2366,Patient 2366,D698,Extraction,General Operatory,11:50,32
A2367,Patient 2367,D294,Checkup/Cleaning,General Operatory,12:15,48
A2368,Patient 2368,D123,Filling,General Operatory,11:20,32
A2369,Patient 2369,D510,Checkup/Cleaning,General Operatory,10:15,46
A2370,Patient 2370,D491,Checkup/Cleaning,General Operatory,10:10,37
A2371,Patient 2371,D189,Checkup/Cleaning,General Operatory,14:05,52
A2372,Patient 2372,D248,Filling,General Operatory,09:55,43
A2373,Patient 2373,D453,Filling,General Operatory,11:10,22
A2374,Patient 2374,D194,Root Canal,Endodontic Operatory,12:00,83
A2375,Patient 2375,D583,Checkup/Cleaning,General Operatory,10:10,34
A2376,Patient 2376,D180,Filling,General Operatory,12:50,32
A2377,Patient 2377,D401,Filling,General Operatory,12:45,38
A2378,Patient 2378,D231,Checkup/Cleaning,General Operatory,12:45,36
A2379,Patient 2379,D26,Crown,General Operatory,14:30,32
A2380,Patient 2380,D617,Filling,General Operatory,09:15,55
A2381,Patient 2381,D561,X-ray/Imaging,Imaging Room,10:55,10
A2382,Patient 2382,D420,Filling,General Operatory,14:00,21
A2383,Patient 2383,D742,Crown,General Operatory,10:55,41
A2384,Patient 2384,D107,Extraction,General Operatory,11:20,20
A2385,Patient 2385,D577,Checkup/Cleaning,General Operatory,11:45,42
A2386,Patient 2386,D123,Crown,General Operatory,13:35,54
A2387,Patient 2387,D578,Filling,General Operatory,14:20,21
A2388,Patient 2388,D586,Extraction,General Operatory,11:15,29
A2389,Patient 2389,D397,Filling,General Operatory,11:05,35
A2390,Patient 2390,D628,Checkup/Cleaning,General Operatory,11:40,50
A2391,Patient 2391,D157,Filling,General Operatory,10:55,43
A2392,Patient 2392,D294,Extraction,General Operatory,12:35,25
A2393,Patient 2393,D165,Filling,General Operatory,12:40,21
A2394,Patient 2394,D148,Checkup/Cleaning,General Operatory,11:00,43
A2395,Patient 2395,D233,X-ray/Imaging,Imaging Room,16:10,11
A2396,Patient 2396,D362,Checkup/Cleaning,General Operatory,11:40,42
A2397,Patient 2397,D472,Extraction,General Operatory,12:45,34
A2398,Patient 2398,D373,Checkup/Cleaning,General Operatory,12:20,51
A2399,Patient 2399,D741,Filling,General Operatory,09:20,35
A2400,Patient 2400,D583,Checkup/Cleaning,General Operatory,11:00,57
A2401,Patient 2401,D373,Crown,General Operatory,15:30,47
A2402,Patient 2402,D384,Extraction,General Operatory,10:05,26
A2403,Patient 2403,D482,Checkup/Cleaning,General Operatory,12:30,50
A2404,Patient 2404,D639,Filling,General Operatory,11:10,32
A2405,Patient 2405,D565,Crown,General Operatory,10:20,51
A2406,Patient 2406,D443,Checkup/Cleaning,General Operatory,11:00,44
A2407,Patient 2407,D396,Filling,General Operatory,11:55,31
A2408,Patient 2408,D160,Extraction,General Operatory,11:25,38
A2409,Patient 2409,D155,Filling,General Operatory,10:50,49
A2410,Patient 2410,D499,Checkup/Cleaning,General Operatory,14:35,59
A2411,Patient 2411,D544,Extraction,General Operatory,14:00,21
A2412,Patient 2412,D67,Checkup/Cleaning,General Operatory,11:20,30
A2413,Patient 2413,D340,Crown,General Operatory,11:25,40
A2414,Patient 2414,D155,X-ray/Imaging,Imaging Room,15:35,12
A2415,Patient 2415,D372,Extraction,General Operatory,11:05,30
A2416,Patient 2416,D487,Checkup/Cleaning,General Operatory,11:35,35
A2417,Patient 2417,D104,Root Canal,Endodontic Operatory,09:50,65
A2418,Patient 2418,D426,Checkup/Cleaning,General Operatory,13:55,59
A2419,Patient 2419,D163,Filling,General Operatory,10:00,60
A2420,Patient 2420,D707,Root Canal,Endodontic Operatory,10:50,67
A2421,Patient 2421,D456,Checkup/Cleaning,General Operatory,09:35,31
A2422,Patient 2422,D485,Filling,General Operatory,14:20,30
A2423,Patient 2423,D601,Extraction,General Operatory,12:55,31
A2424,Patient 2424,D586,Checkup/Cleaning,General Operatory,09:40,58
A2425,Patient 2425,D688,Filling,General Operatory,09:30,41
A2426,Patient 2426,D71,Checkup/Cleaning,General Operatory,11:35,49
A2427,Patient 2427,D154,Checkup/Cleaning,General Operatory,11:05,59
A2428,Patient 2428,D650,Checkup/Cleaning,General Operatory,14:05,52
A2429,Patient 2429,D364,Extraction,General Operatory,09:50,35
A2430,Patient 2430,D605,Filling,General Operatory,10:10,30
A2431,Patient 2431,D197,Filling,General Operatory,10:15,53
A2432,Patient 2432,D327,Crown,General Operatory,10:50,31
A2433,Patient 2433,D718,Checkup/Cleaning,General Operatory,10:10,44
A2434,Patient 2434,D42,Checkup/Cleaning,General Operatory,13:05,54
A2435,Patient 2435,D676,Checkup/Cleaning,General Operatory,10:50,47
A2436,Patient 2436,D640,Checkup/Cleaning,General Operatory,11:05,48
A2437,Patient 2437,D390,Checkup/Cleaning,General Operatory,12:35,45
A2438,Patient 2438,D37,Extraction,General Operatory,13:10,28
A2439,Patient 2439,D344,Filling,General Operatory,14:30,52
A2440,Patient 2440,D417,Extraction,General Operatory,10:10,24
A2441,Patient 2441,D566,Checkup/Cleaning,General Operatory,12:20,39
A2442,Patient 2442,D461,Crown,General Operatory,14:35,32
A2443,Patient 2443,D522,Crown,General Operatory,11:25,30
A2444,Patient 2444,D110,Checkup/Cleaning,General Operatory,12:20,35
A2445,Patient 2445,D158,Filling,General Operatory,11:20,35
A2446,Patient 2446,D78,Checkup/Cleaning,General Operatory,14:10,30
A2447,Patient 2447,D633,Checkup/Cleaning,General Operatory,14:05,48
A2448,Patient 2448,D647,Crown,General Operatory,12:40,55
A2449,Patient 2449,D628,Checkup/Cleaning,General Operatory,09:55,52
A2450,Patient 2450,D84,Checkup/Cleaning,General Operatory,09:45,52
A2451,Patient 2451,D444,Root Canal,Endodontic Operatory,09:45,67
A2452,Patient 2452,D735,Checkup/Cleaning,General Operatory,14:15,40
A2453,Patient 2453,D198,Filling,General Operatory,14:15,32
A2454,Patient 2454,D620,Extraction,General Operatory,11:50,35
A2455,Patient 2455,D63,Filling,General Operatory,09:15,52
A2456,Patient 2456,D181,X-ray/Imaging,Imaging Room,09:50,12
A2457,Patient 2457,D590,X-ray/Imaging,Imaging Room,10:55,15
A2458,Patient 2458,D193,Checkup/Cleaning,General Operatory,11:25,40
A2459,Patient 2459,D167,Filling,General Operatory,12:45,57
A2460,Patient 2460,D423,Filling,General Operatory,09:35,38
A2461,Patient 2461,D257,Root Canal,Endodontic Operatory,11:10,83
A2462,Patient 2462,D8,Extraction,General Operatory,11:30,28
A2463,Patient 2463,D67,Checkup/Cleaning,General Operatory,09:50,45
A2464,Patient 2464,D635,Root Canal,Endodontic Operatory,09:35,73
A2465,Patient 2465,D13,X-ray/Imaging,Imaging Room,09:35,15
A2466,Patient 2466,D603,Root Canal,Endodontic Operatory,12:35,89
A2467,Patient 2467,D695,X-ray/Imaging,Imaging Room,11:45,14
A2468,Patient 2468,D462,Filling,General Operatory,10:15,50
A2469,Patient 2469,D308,Root Canal,Endodontic Operatory,12:35,70
A2470,Patient 2470,D234,Filling,General Operatory,13:15,22
A2471,Patient 2471,D420,Filling,General Operatory,12:35,49
A2472,Patient 2472,D475,Crown,General Operatory,11:20,44
A2473,Patient 2473,D146,Extraction,General Operatory,09:55,32
A2474,Patient 2474,D143,Root Canal,Endodontic Operatory,14:25,72
A2475,Patient 2475,D153,Filling,General Operatory,12:30,20
A2476,Patient 2476,D155,Filling,General Operatory,10:55,31
A2477,Patient 2477,D17,Filling,General Operatory,11:40,29
A2478,Patient 2478,D203,Checkup/Cleaning,General Operatory,09:30,42
A2479,Patient 2479,D563,Checkup/Cleaning,General Operatory,10:30,36
A2480,Patient 2480,D742,Filling,General Operatory,15:15,47
A2481,Patient 2481,D500,X-ray/Imaging,Imaging Room,10:05,10
A2482,Patient 2482,D69,X-ray/Imaging,Imaging Room,12:00,15
A2483,Patient 2483,D297,Checkup/Cleaning,General Operatory,11:25,46
A2484,Patient 2484,D427,Filling,General Operatory,13:50,39
A2485,Patient 2485,D347,Extraction,General Operatory,10:30,39
A2486,Patient 2486,D125,Filling,General Operatory,12:30,53
A2487,Patient 2487,D743,Filling,General Operatory,10:30,28
A2488,Patient 2488,D485,Checkup/Cleaning,General Operatory,11:40,44
A2489,Patient 2489,D253,Checkup/Cleaning,General Operatory,13:55,40
A2490,Patient 2490,D321,Extraction,General Operatory,15:30,35
A2491,Patient 2491,D569,Checkup/Cleaning,General Operatory,09:55,55
A2492,Patient 2492,D131,X-ray/Imaging,Imaging Room,14:10,15
A2493,Patient 2493,D726,Filling,General Operatory,11:30,35
A2494,Patient 2494,D501,Filling,General Operatory,11:50,21
A2495,Patient 2495,D98,Filling,General Operatory,14:10,29
A2496,Patient 2496,D84,Filling,General Operatory,12:55,49
A2497,Patient 2497,D69,Filling,General Operatory,14:35,32
A2498,Patient 2498,D729,Checkup/Cleaning,General Operatory,11:00,57
A2499,Patient 2499,D486,Checkup/Cleaning,General Operatory,10:05,50
A2500,Patient 2500,D365,Root Canal,Endodontic Operatory,12:30,75
A2501,Patient 2501,D280,X-ray/Imaging,Imaging Room,12:00,13
A2502,Patient 2502,D550,Checkup/Cleaning,General Operatory,13:45,55
A2503,Patient 2503,D612,Extraction,General Operatory,12:50,29
A2504,Patient 2504,D200,Filling,General Operatory,11:25,52
A2505,Patient 2505,D386,Filling,General Operatory,12:35,20
A2506,Patient 2506,D210,Checkup/Cleaning,General Operatory,10:15,30
A2507,Patient 2507,D81,Filling,General Operatory,11:55,29
A2508,Patient 2508,D392,Filling,General Operatory,10:05,58
A2509,Patient 2509,D111,Crown,General Operatory,12:25,44
A2510,Patient 2510,D724,Extraction,General Operatory,11:25,29
A2511,Patient 2511,D132,Checkup/Cleaning,General Operatory,09:15,30
A2512,Patient 2512,D335,Filling,General Operatory,10:05,43
A2513,Patient 2513,D738,Filling,General Operatory,14:20,21
A2514,Patient 2514,D662,Checkup/Cleaning,General Operatory,10:30,35
A2515,Patient 2515,D36,Extraction,General Operatory,13:25,30
A2516,Patient 2516,D41,Crown,General Operatory,13:55,31
A2517,Patient 2517,D509,Checkup/Cleaning,General Operatory,10:55,32
A2518,Patient 2518,D105,Filling,General Operatory,09:35,35
A2519,Patient 2519,D366,Checkup/Cleaning,General Operatory,09:50,43
A2520,Patient 2520,D505,Filling,General Operatory,13:15,23
A2521,Patient 2521,D658,Root Canal,Endodontic Operatory,11:15,82
A2522,Patient 2522,D92,Root Canal,Endodontic Operatory,09:10,74
A2523,Patient 2523,D268,Checkup/Cleaning,General Operatory,14:20,31
A2524,Patient 2524,D25,Checkup/Cleaning,General Operatory,10:35,56
A2525,Patient 2525,D491,Checkup/Cleaning,General Operatory,14:25,37
A2526,Patient 2526,D157,X-ray/Imaging,Imaging Room,14:15,11
A2527,Patient 2527,D331,Filling,General Operatory,13:55,60
A2528,Patient 2528,D20,Filling,General Operatory,11:15,38
A2529,Patient 2529,D686,Extraction,General Operatory,13:50,33
A2530,Patient 2530,D42,Checkup/Cleaning,General Operatory,10:00,31
A2531,Patient 2531,D597,Filling,General Operatory,13:45,42
A2532,Patient 2532,D596,Crown,General Operatory,14:15,46
A2533,Patient 2533,D407,Checkup/Cleaning,General Operatory,09:50,47
A2534,Patient 2534,D638,Checkup/Cleaning,General Operatory,10:20,47
A2535,Patient 2535,D398,Checkup/Cleaning,General Operatory,15:50,36
A2536,Patient 2536,D263,Checkup/Cleaning,General Operatory,10:15,40
A2537,Patient 2537,D123,Extraction,General Operatory,11:15,34
A2538,Patient 2538,D618,X-ray/Imaging,Imaging Room,14:20,15
A2539,Patient 2539,D210,Checkup/Cleaning,General Operatory,11:25,31
A2540,Patient 2540,D211,Checkup/Cleaning,General Operatory,12:55,48
A2541,Patient 2541,D707,Extraction,General Operatory,15:30,38
A2542,Patient 2542,D370,Filling,General Operatory,09:45,60
A2543,Patient 2543,D259,Checkup/Cleaning,General Operatory,12:15,30
A2544,Patient 2544,D222,Root Canal,Endodontic Operatory,09:45,87
A2545,Patient 2545,D512,Crown,General Operatory,13:00,42
A2546,Patient 2546,D469,X-ray/Imaging,Imaging Room,14:40,14
A2547,Patient 2547,D504,Filling,General Operatory,12:20,58
A2548,Patient 2548,D80,Extraction,General Operatory,15:25,20
A2549,Patient 2549,D635,Checkup/Cleaning,General Operatory,09:55,30
A2550,Patient 2550,D311,Filling,General Operatory,09:50,56
A2551,Patient 2551,D55,Filling,General Operatory,12:40,32
A2552,Patient 2552,D78,Checkup/Cleaning,General Operatory,11:05,50
A2553,Patient 2553,D36,Crown,General Operatory,10:00,39
A2554,Patient 2554,D468,Crown,General Operatory,15:10,58
A2555,Patient 2555,D124,Crown,General Operatory,12:35,53
A2556,Patient 2556,D488,Checkup/Cleaning,General Operatory,10:00,33
A2557,Patient 2557,D467,Crown,General Operatory,13:10,48
A2558,Patient 2558,D280,Checkup/Cleaning,General Operatory,13:05,52
A2559,Patient 2559,D65,Extraction,General Operatory,09:15,24
A2560,Patient 2560,D408,Extraction,General Operatory,09:45,20
A2561,Patient 2561,D443,Root Canal,Endodontic Operatory,10:40,73
A2562,Patient 2562,D591,Crown,General Operatory,11:00,51
A2563,Patient 2563,D727,Checkup/Cleaning,General Operatory,09:25,45
A2564,Patient 2564,D25,Extraction,General Operatory,09:40,26
A2565,Patient 2565,D2,X-ray/Imaging,Imaging Room,15:10,10
A2566,Patient 2566,D446,Filling,General Operatory,15:15,51
A2567,Patient 2567,D733,Root Canal,Endodontic Operatory,11:30,61
A2568,Patient 2568,D91,Filling,General Operatory,11:35,49
A2569,Patient 2569,D558,Checkup/Cleaning,General Operatory,10:20,51
A2570,Patient 2570,D554,Checkup/Cleaning,General Operatory,10:45,53
A2571,Patient 2571,D417,Checkup/Cleaning,General Operatory,10:20,42
A2572,Patient 2572,D356,Root Canal,Endodontic Operatory,14:25,64
A2573,Patient 2573,D692,Filling,General Operatory,12:15,43
A2574,Patient 2574,D617,Checkup/Cleaning,General Operatory,10:15,34
A2575,Patient 2575,D661,Filling,General Operatory,11:10,54
A2576,Patient 2576,D44,Checkup/Cleaning,General Operatory,15:35,59
A2577,Patient 2577,D149,Filling,General Operatory,13:45,54
A2578,Patient 2578,D588,Checkup/Cleaning,General Operatory,11:10,56
A2579,Patient 2579,D710,Filling,General Operatory,11:15,46
A2580,Patient 2580,D558,Checkup/Cleaning,General Operatory,10:35,33
A2581,Patient 2581,D261,Crown,General Operatory,09:20,51
A2582,Patient 2582,D701,Extraction,General Operatory,11:25,30
A2583,Patient 2583,D334,Extraction,General Operatory,14:10,31
A2584,Patient 2584,D536,Extraction,General Operatory,11:25,32
A2585,Patient 2585,D360,Extraction,General Operatory,10:30,23
A2586,Patient 2586,D660,Filling,General Operatory,13:45,32
A2587,Patient 2587,D517,Root Canal,Endodontic Operatory,10:45,75
A2588,Patient 2588,D712,X-ray/Imaging,Imaging Room,14:55,11
A2589,Patient 2589,D311,Root Canal,Endodontic Operatory,12:25,77
A2590,Patient 2590,D196,Checkup/Cleaning,General Operatory,11:25,30
A2591,Patient 2591,D213,Checkup/Cleaning,General Operatory,13:40,54
A2592,Patient 2592,D69,Checkup/Cleaning,General Operatory,10:10,60
A2593,Patient 2593,D367,Extraction,General Operatory,13:30,20
A2594,Patient 2594,D308,Checkup/Cleaning,General Operatory,10:05,41
A2595,Patient 2595,D439,Extraction,General Operatory,13:25,35
A2596,Patient 2596,D608,Checkup/Cleaning,General Operatory,11:15,45
A2597,Patient 2597,D328,Filling,General Operatory,11:00,36
A2598,Patient 2598,D393,Root Canal,Endodontic Operatory,10:05,84
A2599,Patient 2599,D706,Filling,General Operatory,14:10,42
A2600,Patient 2600,D28,Filling,General Operatory,11:05,51
A2601,Patient 2601,D487,Checkup/Cleaning,General Operatory,10:00,32
A2602,Patient 2602,D742,Root Canal,Endodontic Operatory,11:10,80
A2603,Patient 2603,D389,Extraction,General Operatory,13:20,27
A2604,Patient 2604,D36,Checkup/Cleaning,General Operatory,14:30,47
A2605,Patient 2605,D222,Extraction,General Operatory,09:20,23
A2606,Patient 2606,D608,Crown,General Operatory,11:15,54
A2607,Patient 2607,D456,Checkup/Cleaning,General Operatory,10:10,35
A2608,Patient 2608,D714,Filling,General Operatory,13:35,54
A2609,Patient 2609,D260,Filling,General Operatory,11:20,53
A2610,Patient 2610,D463,Checkup/Cleaning,General Operatory,10:05,35
A2611,Patient 2611,D616,Checkup/Cleaning,General Operatory,10:40,33
A2612,Patient 2612,D79,Checkup/Cleaning,General Operatory,09:10,45
A2613,Patient 2613,D397,Root Canal,Endodontic Operatory,10:15,85
A2614,Patient 2614,D386,Checkup/Cleaning,General Operatory,11:05,35
A2615,Patient 2615,D700,Filling,General Operatory,09:35,51
A2616,Patient 2616,D718,Crown,General Operatory,09:20,33
A2617,Patient 2617,D143,Checkup/Cleaning,General Operatory,13:05,60
A2618,Patient 2618,D25,Filling,General Operatory,11:35,43
A2619,Patient 2619,D22,Extraction,General Operatory,11:10,31
A2620,Patient 2620,D109,Filling,General Operatory,11:45,22
A2621,Patient 2621,D571,Extraction,General Operatory,09:15,22
A2622,Patient 2622,D270,Crown,General Operatory,11:40,51
A2623,Patient 2623,D411,Filling,General Operatory,09:15,35
A2624,Patient 2624,D25,Checkup/Cleaning,General Operatory,09:20,48
A2625,Patient 2625,D457,Extraction,General Operatory,11:50,37
A2626,Patient 2626,D270,Filling,General Operatory,13:10,31
A2627,Patient 2627,D119,Filling,General Operatory,09:20,34
A2628,Patient 2628,D308,Checkup/Cleaning,General Operatory,11:10,52
A2629,Patient 2629,D381,Checkup/Cleaning,General Operatory,10:50,55
A2630,Patient 2630,D538,Extraction,General Operatory,10:30,38
A2631,Patient 2631,D311,Crown,General Operatory,11:30,34
A2632,Patient 2632,D492,Root Canal,Endodontic Operatory,10:45,66
A2633,Patient 2633,D490,Filling,General Operatory,10:10,26
A2634,Patient 2634,D567,Extraction,General Operatory,11:15,37
A2635,Patient 2635,D150,Extraction,General Operatory,09:15,36
A2636,Patient 2636,D490,Filling,General Operatory,13:00,24
A2637,Patient 2637,D253,Extraction,General Operatory,15:55,33
A2638,Patient 2638,D371,Crown,General Operatory,10:10,56
A2639,Patient 2639,D62,Root Canal,Endodontic Operatory,11:15,61
A2640,Patient 2640,D405,Checkup/Cleaning,General Operatory,13:00,51
A2641,Patient 2641,D401,Filling,General Operatory,12:55,34
A2642,Patient 2642,D491,Extraction,General Operatory,11:55,36
A2643,Patient 2643,D162,Checkup/Cleaning,General Operatory,11:40,46
A2644,Patient 2644,D77,Filling,General Operatory,12:25,21
A2645,Patient 2645,D576,Checkup/Cleaning,General Operatory,15:05,58
A2646,Patient 2646,D657,Checkup/Cleaning,General Operatory,11:30,38
A2647,Patient 2647,D476,Extraction,General Operatory,10:25,30
A2648,Patient 2648,D620,Checkup/Cleaning,General Operatory,14:40,39
A2649,Patient 2649,D524,Filling,General Operatory,10:55,57
A2650,Patient 2650,D699,Extraction,General Operatory,11:15,38
A2651,Patient 2651,D346,Checkup/Cleaning,General Operatory,12:45,45
A2652,Patient 2652,D530,Extraction,General Operatory,12:00,22
A2653,Patient 2653,D275,Crown,General Operatory,12:45,57
A2654,Patient 2654,D526,Checkup/Cleaning,General Operatory,12:20,59
A2655,Patient 2655,D580,Checkup/Cleaning,General Operatory,10:05,39
A2656,Patient 2656,D531,Extraction,General Operatory,10:30,28
A2657,Patient 2657,D435,Extraction,General Operatory,16:00,26
A2658,Patient 2658,D143,Root Canal,Endodontic Operatory,11:10,82
A2659,Patient 2659,D704,Extraction,General Operatory,13:05,37
A2660,Patient 2660,D210,Root Canal,Endodontic Operatory,12:30,78
A2661,Patient 2661,D121,Extraction,General Operatory,14:05,29
A2662,Patient 2662,D211,Filling,General Operatory,14:15,60
A2663,Patient 2663,D188,Crown,General Operatory,12:30,55
A2664,Patient 2664,D252,Filling,General Operatory,13:10,37
A2665,Patient 2665,D551,Checkup/Cleaning,General Operatory,12:45,38
A2666,Patient 2666,D259,Checkup/Cleaning,General Operatory,15:45,42
A2667,Patient 2667,D403,Checkup/Cleaning,General Operatory,15:30,36
A2668,Patient 2668,D507,Filling,General Operatory,13:50,55
A2669,Patient 2669,D524,Filling,General Operatory,09:55,32
A2670,Patient 2670,D438,Extraction,General Operatory,13:50,35
A2671,Patient 2671,D488,Filling,General Operatory,09:55,40
A2672,Patient 2672,D186,Checkup/Cleaning,General Operatory,14:00,54
A2673,Patient 2673,D43,Root Canal,Endodontic Operatory,10:15,68
A2674,Patient 2674,D549,Checkup/Cleaning,General Operatory,09:35,55
A2675,Patient 2675,D210,Checkup/Cleaning,General Operatory,12:40,51
A2676,Patient 2676,D11,Checkup/Cleaning,General Operatory,10:40,49
A2677,Patient 2677,D292,Filling,General Operatory,10:25,34
A2678,Patient 2678,D619,Filling,General Operatory,13:05,37
A2679,Patient 2679,D243,Checkup/Cleaning,General Operatory,10:45,47
A2680,Patient 2680,D226,Checkup/Cleaning,General Operatory,15:20,60
A2681,Patient 2681,D209,Filling,General Operatory,09:15,21
A2682,Patient 2682,D585,Extraction,General Operatory,11:50,28
A2683,Patient 2683,D128,Checkup/Cleaning,General Operatory,10:00,57
A2684,Patient 2684,D248,Filling,General Operatory,09:25,30
A2685,Patient 2685,D287,Checkup/Cleaning,General Operatory,10:50,37
A2686,Patient 2686,D446,Filling,General Operatory,15:20,58
A2687,Patient 2687,D457,Checkup/Cleaning,General Operatory,14:20,33
A2688,Patient 2688,D419,Extraction,General Operatory,10:10,34
A2689,Patient 2689,D630,Root Canal,Endodontic Operatory,10:35,60
A2690,Patient 2690,D211,Crown,General Operatory,11:45,45
A2691,Patient 2691,D351,Checkup/Cleaning,General Operatory,11:05,45
A2692,Patient 2692,D398,Root Canal,Endodontic Operatory,11:05,79
A2693,Patient 2693,D148,Extraction,General Operatory,11:35,39
A2694,Patient 2694,D173,Root Canal,Endodontic Operatory,10:00,66
A2695,Patient 2695,D362,Filling,General Operatory,13:00,35
A2696,Patient 2696,D237,Filling,General Operatory,10:20,50
A2697,Patient 2697,D250,Extraction,General Operatory,11:20,22
A2698,Patient 2698,D399,Filling,General Operatory,11:15,43
A2699,Patient 2699,D503,Filling,General Operatory,11:15,48
A2700,Patient 2700,D448,Checkup/Cleaning,General Operatory,10:15,37
A2701,Patient 2701,D267,Filling,General Operatory,10:25,30
A2702,Patient 2702,D661,Filling,General Operatory,11:10,53
A2703,Patient 2703,D38,X-ray/Imaging,Imaging Room,09:30,12
A2704,Patient 2704,D93,Extraction,General Operatory,10:25,25
A2705,Patient 2705,D713,Filling,General Operatory,11:20,36
A2706,Patient 2706,D262,Filling,General Operatory,10:15,38
A2707,Patient 2707,D286,Crown,General Operatory,11:10,35
A2708,Patient 2708,D320,Checkup/Cleaning,General Operatory,09:50,32
A2709,Patient 2709,D636,Checkup/Cleaning,General Operatory,14:15,50
A2710,Patient 2710,D296,Filling,General Operatory,11:00,47
A2711,Patient 2711,D18,Root Canal,Endodontic Operatory,12:30,66
A2712,Patient 2712,D69,Root Canal,Endodontic Operatory,14:00,68
A2713,Patient 2713,D547,Checkup/Cleaning,General Operatory,14:00,44
A2714,Patient 2714,D741,Checkup/Cleaning,General Operatory,09:25,47
A2715,Patient 2715,D9,Checkup/Cleaning,General Operatory,11:30,35
A2716,Patient 2716,D526,Root Canal,Endodontic Operatory,13:25,76
A2717,Patient 2717,D404,Checkup/Cleaning,General Operatory,12:25,31
A2718,Patient 2718,D136,Checkup/Cleaning,General Operatory,15:25,49
A2719,Patient 2719,D588,Root Canal,Endodontic Operatory,09:35,74
A2720,Patient 2720,D180,Extraction,General Operatory,10:25,27
A2721,Patient 2721,D621,Root Canal,Endodontic Operatory,09:50,62
A2722,Patient 2722,D1,Checkup/Cleaning,General Operatory,11:35,46
A2723,Patient 2723,D694,Root Canal,Endodontic Operatory,10:35,77
A2724,Patient 2724,D538,Filling,General Operatory,10:25,53
A2725,Patient 2725,D592,Extraction,General Operatory,11:30,32
A2726,Patient 2726,D537,Crown,General Operatory,14:15,35
A2727,Patient 2727,D130,Root Canal,Endodontic Operatory,09:45,66
A2728,Patient 2728,D377,Root Canal,Endodontic Operatory,10:45,63
A2729,Patient 2729,D392,Filling,General Operatory,09:30,43
A2730,Patient 2730,D499,Checkup/Cleaning,General Operatory,10:15,30
A2731,Patient 2731,D654,Root Canal,Endodontic Operatory,14:20,74
A2732,Patient 2732,D144,Extraction,General Operatory,11:30,29
A2733,Patient 2733,D146,Checkup/Cleaning,General Operatory,10:05,37
A2734,Patient 2734,D499,Filling,General Operatory,11:25,49
A2735,Patient 2735,D475,Checkup/Cleaning,General Operatory,10:00,60
A2736,Patient 2736,D150,Crown,General Operatory,09:25,59
A2737,Patient 2737,D384,Checkup/Cleaning,General Operatory,10:15,44
A2738,Patient 2738,D80,Filling,General Operatory,15:40,42
A2739,Patient 2739,D565,Filling,General Operatory,09:30,50
A2740,Patient 2740,D340,Checkup/Cleaning,General Operatory,12:40,59
A2741,Patient 2741,D12,X-ray/Imaging,Imaging Room,11:20,11
A2742,Patient 2742,D277,Checkup/Cleaning,General Operatory,11:25,46
A2743,Patient 2743,D534,Filling,General Operatory,11:30,48
A2744,Patient 2744,D628,Filling,General Operatory,11:25,59
A2745,Patient 2745,D377,Checkup/Cleaning,General Operatory,10:35,46
A2746,Patient 2746,D449,Root Canal,Endodontic Operatory,15:15,73
A2747,Patient 2747,D38,Extraction,General Operatory,11:05,37
A2748,Patient 2748,D519,Checkup/Cleaning,General Operatory,11:05,60
A2749,Patient 2749,D339,Extraction,General Operatory,11:15,34
A2750,Patient 2750,D274,Checkup/Cleaning,General Operatory,10:50,54
A2751,Patient 2751,D632,Filling,General Operatory,10:45,45
A2752,Patient 2752,D46,Checkup/Cleaning,General Operatory,09:55,60
A2753,Patient 2753,D429,Filling,General Operatory,14:15,46
A2754,Patient 2754,D438,Filling,General Operatory,10:45,36
A2755,Patient 2755,D68,Checkup/Cleaning,General Operatory,11:45,31
A2756,Patient 2756,D68,Checkup/Cleaning,General Operatory,10:15,59
A2757,Patient 2757,D117,Checkup/Cleaning,General Operatory,15:30,44
A2758,Patient 2758,D632,Extraction,General Operatory,15:45,31
A2759,Patient 2759,D265,Filling,General Operatory,11:20,55
A2760,Patient 2760,D647,Extraction,General Operatory,10:25,36
A2761,Patient 2761,D533,Extraction,General Operatory,14:25,39
A2762,Patient 2762,D232,Root Canal,Endodontic Operatory,09:55,73
A2763,Patient 2763,D337,Crown,General Operatory,10:15,39
A2764,Patient 2764,D53,X-ray/Imaging,Imaging Room,14:45,12
A2765,Patient 2765,D110,Root Canal,Endodontic Operatory,10:55,77
A2766,Patient 2766,D255,Filling,General Operatory,09:45,29
A2767,Patient 2767,D518,Filling,General Operatory,11:50,45
A2768,Patient 2768,D340,Checkup/Cleaning,General Operatory,10:25,37
A2769,Patient 2769,D493,Crown,General Operatory,11:05,51
A2770,Patient 2770,D59,Filling,General Operatory,10:10,47
A2771,Patient 2771,D485,X-ray/Imaging,Imaging Room,11:30,12
A2772,Patient 2772,D316,Checkup/Cleaning,General Operatory,12:30,58
A2773,Patient 2773,D603,Checkup/Cleaning,General Operatory,15:20,43
A2774,Patient 2774,D294,Checkup/Cleaning,General Operatory,11:05,55
A2775,Patient 2775,D164,Filling,General Operatory,09:50,57
A2776,Patient 2776,D104,Checkup/Cleaning,General Operatory,12:35,55
A2777,Patient 2777,D154,Filling,General Operatory,09:15,51
A2778,Patient 2778,D53,Checkup/Cleaning,General Operatory,09:55,35
A2779,Patient 2779,D299,X-ray/Imaging,Imaging Room,14:20,12
A2780,Patient 2780,D683,Filling,General Operatory,09:30,22
A2781,Patient 2781,D339,Checkup/Cleaning,General Operatory,09:10,48
A2782,Patient 2782,D630,Checkup/Cleaning,General Operatory,09:15,59
A2783,Patient 2783,D401,Root Canal,Endodontic Operatory,09:55,75
A2784,Patient 2784,D608,Checkup/Cleaning,General Operatory,13:35,56
A2785,Patient 2785,D628,Checkup/Cleaning,General Operatory,11:55,32
A2786,Patient 2786,D267,Checkup/Cleaning,General Operatory,13:05,54
A2787,Patient 2787,D99,Filling,General Operatory,14:05,34
A2788,Patient 2788,D33,Filling,General Operatory,13:50,41
A2789,Patient 2789,D712,Filling,General Operatory,11:45,48
A2790,Patient 2790,D314,Checkup/Cleaning,General Operatory,15:25,52
A2791,Patient 2791,D429,Root Canal,Endodontic Operatory,14:10,67
A2792,Patient 2792,D683,Checkup/Cleaning,General Operatory,10:00,37
A2793,Patient 2793,D721,Checkup/Cleaning,General Operatory,10:25,32
A2794,Patient 2794,D121,Checkup/Cleaning,General Operatory,10:55,44
A2795,Patient 2795,D741,Checkup/Cleaning,General Operatory,10:05,54
A2796,Patient 2796,D594,Checkup/Cleaning,General Operatory,12:40,45
A2797,Patient 2797,D126,Crown,General Operatory,13:10,51
A2798,Patient 2798,D747,Filling,General Operatory,09:55,33
A2799,Patient 2799,D373,Checkup/Cleaning,General Operatory,12:20,36
A2800,Patient 2800,D51,Checkup/Cleaning,General Operatory,11:15,57
A2801,Patient 2801,D399,Checkup/Cleaning,General Operatory,11:35,45
A2802,Patient 2802,D727,Crown,General Operatory,09:30,44
A2803,Patient 2803,D725,Filling,General Operatory,15:45,40
A2804,Patient 2804,D717,Checkup/Cleaning,General Operatory,14:05,57
A2805,Patient 2805,D257,Filling,General Operatory,12:20,51
A2806,Patient 2806,D44,Crown,General Operatory,14:20,37
A2807,Patient 2807,D508,X-ray/Imaging,Imaging Room,14:10,11
A2808,Patient 2808,D428,Checkup/Cleaning,General Operatory,11:00,30
A2809,Patient 2809,D729,Checkup/Cleaning,General Operatory,10:05,49
A2810,Patient 2810,D3,Checkup/Cleaning,General Operatory,14:30,54
A2811,Patient 2811,D207,Checkup/Cleaning,General Operatory,14:15,40
A2812,Patient 2812,D281,Filling,General Operatory,11:00,53
A2813,Patient 2813,D627,Checkup/Cleaning,General Operatory,12:35,54
A2814,Patient 2814,D466,X-ray/Imaging,Imaging Room,11:00,14
A2815,Patient 2815,D552,X-ray/Imaging,Imaging Room,09:30,13
A2816,Patient 2816,D341,Checkup/Cleaning,General Operatory,10:30,48
A2817,Patient 2817,D486,Root Canal,Endodontic Operatory,11:40,73
A2818,Patient 2818,D586,Checkup/Cleaning,General Operatory,11:45,40
A2819,Patient 2819,D229,Filling,General Operatory,10:30,39
A2820,Patient 2820,D235,Extraction,General Operatory,11:40,38
A2821,Patient 2821,D272,Checkup/Cleaning,General Operatory,10:00,37
A2822,Patient 2822,D461,Checkup/Cleaning,General Operatory,11:20,30
A2823,Patient 2823,D78,Root Canal,Endodontic Operatory,14:00,68
A2824,Patient 2824,D427,Checkup/Cleaning,General Operatory,14:10,57
A2825,Patient 2825,D314,Root Canal,Endodontic Operatory,11:10,81
A2826,Patient 2826,D595,Checkup/Cleaning,General Operatory,13:55,51
A2827,Patient 2827,D119,Crown,General Operatory,10:20,59
A2828,Patient 2828,D744,Checkup/Cleaning,General Operatory,12:50,47
A2829,Patient 2829,D15,Extraction,General Operatory,10:10,22
A2830,Patient 2830,D492,Checkup/Cleaning,General Operatory,10:50,34
A2831,Patient 2831,D174,Extraction,General Operatory,10:05,28
A2832,Patient 2832,D437,Checkup/Cleaning,General Operatory,12:20,35
A2833,Patient 2833,D296,Checkup/Cleaning,General Operatory,14:15,47
A2834,Patient 2834,D655,Checkup/Cleaning,General Operatory,11:20,34
A2835,Patient 2835,D4,X-ray/Imaging,Imaging Room,11:50,10
A2836,Patient 2836,D184,Checkup/Cleaning,General Operatory,09:55,44
A2837,Patient 2837,D513,Root Canal,Endodontic Operatory,10:35,84
A2838,Patient 2838,D524,Checkup/Cleaning,General Operatory,10:40,51
A2839,Patient 2839,D86,Filling,General Operatory,12:30,25
A2840,Patient 2840,D398,Root Canal,Endodontic Operatory,12:00,77
A2841,Patient 2841,D636,Root Canal,Endodontic Operatory,13:40,85
A2842,Patient 2842,D65,Checkup/Cleaning,General Operatory,09:45,40
A2843,Patient 2843,D707,Filling,General Operatory,15:40,50
A2844,Patient 2844,D360,Checkup/Cleaning,General Operatory,11:35,57
A2845,Patient 2845,D107,Root Canal,Endodontic Operatory,14:00,84
A2846,Patient 2846,D218,Checkup/Cleaning,General Operatory,10:55,49
A2847,Patient 2847,D601,Extraction,General Operatory,14:05,22
A2848,Patient 2848,D673,Crown,General Operatory,11:45,54
A2849,Patient 2849,D469,Filling,General Operatory,09:45,43
A2850,Patient 2850,D38,Filling,General Operatory,11:05,20
A2851,Patient 2851,D18,X-ray/Imaging,Imaging Room,13:20,12
A2852,Patient 2852,D426,Extraction,General Operatory,12:50,20
A2853,Patient 2853,D88,Checkup/Cleaning,General Operatory,11:05,33
A2854,Patient 2854,D575,Root Canal,Endodontic Operatory,11:10,78
A2855,Patient 2855,D507,Filling,General Operatory,13:55,55
A2856,Patient 2856,D123,Extraction,General Operatory,16:05,21
A2857,Patient 2857,D325,Checkup/Cleaning,General Operatory,15:30,47
A2858,Patient 2858,D301,Checkup/Cleaning,General Operatory,10:05,33
A2859,Patient 2859,D681,X-ray/Imaging,Imaging Room,11:00,11
A2860,Patient 2860,D389,X-ray/Imaging,Imaging Room,11:50,12
A2861,Patient 2861,D77,X-ray/Imaging,Imaging Room,11:20,12
A2862,Patient 2862,D316,Extraction,General Operatory,10:50,33
A2863,Patient 2863,D292,Checkup/Cleaning,General Operatory,09:50,52
A2864,Patient 2864,D538,Extraction,General Operatory,10:00,23
A2865,Patient 2865,D98,X-ray/Imaging,Imaging Room,12:30,12
A2866,Patient 2866,D188,Filling,General Operatory,15:00,57
A2867,Patient 2867,D238,Checkup/Cleaning,General Operatory,15:45,39
A2868,Patient 2868,D555,Crown,General Operatory,11:50,32
A2869,Patient 2869,D592,Crown,General Operatory,10:20,47
A2870,Patient 2870,D674,Checkup/Cleaning,General Operatory,09:45,58
A2871,Patient 2871,D320,Crown,General Operatory,10:05,43
A2872,Patient 2872,D276,Extraction,General Operatory,10:55,24
A2873,Patient 2873,D603,Checkup/Cleaning,General Operatory,12:10,58
A2874,Patient 2874,D481,Root Canal,Endodontic Operatory,10:20,72
A2875,Patient 2875,D271,Checkup/Cleaning,General Operatory,12:45,60
A2876,Patient 2876,D84,Checkup/Cleaning,General Operatory,13:20,35
A2877,Patient 2877,D718,Crown,General Operatory,11:05,50
A2878,Patient 2878,D482,Checkup/Cleaning,General Operatory,10:55,52
A2879,Patient 2879,D699,Filling,General Operatory,11:20,46
A2880,Patient 2880,D280,Filling,General Operatory,11:50,32
A2881,Patient 2881,D244,Checkup/Cleaning,General Operatory,13:10,36
A2882,Patient 2882,D198,Root Canal,Endodontic Operatory,12:10,69
A2883,Patient 2883,D415,X-ray/Imaging,Imaging Room,11:00,13
A2884,Patient 2884,D276,Checkup/Cleaning,General Operatory,11:10,57
A2885,Patient 2885,D262,Extraction,General Operatory,09:55,35
A2886,Patient 2886,D416,Filling,General Operatory,13:50,36
A2887,Patient 2887,D591,Checkup/Cleaning,General Operatory,13:45,50
A2888,Patient 2888,D688,Checkup/Cleaning,General Operatory,09:20,52
A2889,Patient 2889,D256,Extraction,General Operatory,13:15,22
A2890,Patient 2890,D137,X-ray/Imaging,Imaging Room,11:25,12
A2891,Patient 2891,D3,Extraction,General Operatory,14:20,23
A2892,Patient 2892,D424,Checkup/Cleaning,General Operatory,10:00,36
A2893,Patient 2893,D151,Extraction,General Operatory,14:45,23
A2894,Patient 2894,D333,X-ray/Imaging,Imaging Room,13:30,13
A2895,Patient 2895,D697,Checkup/Cleaning,General Operatory,10:25,51
A2896,Patient 2896,D150,Checkup/Cleaning,General Operatory,09:25,41
A2897,Patient 2897,D502,Filling,General Operatory,12:20,37
A2898,Patient 2898,D259,Checkup/Cleaning,General Operatory,10:50,44
A2899,Patient 2899,D62,Extraction,General Operatory,10:05,36
A2900,Patient 2900,D424,Checkup/Cleaning,General Operatory,09:30,39
A2901,Patient 2901,D287,Checkup/Cleaning,General Operatory,09:35,54
A2902,Patient 2902,D543,Checkup/Cleaning,General Operatory,11:30,44
A2903,Patient 2903,D660,Checkup/Cleaning,General Operatory,14:00,36
A2904,Patient 2904,D489,X-ray/Imaging,Imaging Room,11:20,12
A2905,Patient 2905,D226,Filling,General Operatory,11:00,28
A2906,Patient 2906,D661,Filling,General Operatory,11:05,34
A2907,Patient 2907,D658,Crown,General Operatory,12:40,33
A2908,Patient 2908,D535,Checkup/Cleaning,General Operatory,10:25,33
A2909,Patient 2909,D318,Extraction,General Operatory,10:25,20
A2910,Patient 2910,D110,Checkup/Cleaning,General Operatory,12:30,39
A2911,Patient 2911,D685,Crown,General Operatory,14:10,57
A2912,Patient 2912,D543,Crown,General Operatory,11:45,50
A2913,Patient 2913,D4,Checkup/Cleaning,General Operatory,10:30,30
A2914,Patient 2914,D430,Filling,General Operatory,10:10,20
A2915,Patient 2915,D192,Checkup/Cleaning,General Operatory,13:10,39
A2916,Patient 2916,D258,Extraction,General Operatory,10:50,28
A2917,Patient 2917,D644,Filling,General Operatory,10:55,58
A2918,Patient 2918,D366,Checkup/Cleaning,General Operatory,10:40,45
A2919,Patient 2919,D251,Checkup/Cleaning,General Operatory,11:30,57
A2920,Patient 2920,D483,Root Canal,Endodontic Operatory,10:10,77
A2921,Patient 2921,D234,Filling,General Operatory,09:45,55
A2922,Patient 2922,D106,Filling,General Operatory,11:15,28
A2923,Patient 2923,D45,Checkup/Cleaning,General Operatory,12:45,43
A2924,Patient 2924,D106,Extraction,General Operatory,12:25,37
A2925,Patient 2925,D227,Extraction,General Operatory,12:25,26
A2926,Patient 2926,D38,Checkup/Cleaning,General Operatory,10:45,59
A2927,Patient 2927,D124,X-ray/Imaging,Imaging Room,13:25,15
A2928,Patient 2928,D215,Checkup/Cleaning,General Operatory,10:20,59
A2929,Patient 2929,D122,Checkup/Cleaning,General Operatory,11:50,38
A2930,Patient 2930,D550,Extraction,General Operatory,11:15,27
A2931,Patient 2931,D706,Checkup/Cleaning,General Operatory,13:45,35
A2932,Patient 2932,D502,Root Canal,Endodontic Operatory,15:15,66
A2933,Patient 2933,D339,Checkup/Cleaning,General Operatory,10:40,46
A2934,Patient 2934,D590,Checkup/Cleaning,General Operatory,14:00,43
A2935,Patient 2935,D366,Root Canal,Endodontic Operatory,10:20,77
A2936,Patient 2936,D28,Extraction,General Operatory,10:30,40
A2937,Patient 2937,D684,Checkup/Cleaning,General Operatory,14:25,35
A2938,Patient 2938,D240,Extraction,General Operatory,09:25,25
A2939,Patient 2939,D203,Checkup/Cleaning,General Operatory,09:35,44
A2940,Patient 2940,D232,Extraction,General Operatory,09:25,21
A2941,Patient 2941,D376,Extraction,General Operatory,11:45,29
A2942,Patient 2942,D158,Extraction,General Operatory,10:20,25
A2943,Patient 2943,D8,Checkup/Cleaning,General Operatory,12:55,31
A2944,Patient 2944,D701,Root Canal,Endodontic Operatory,09:45,73
A2945,Patient 2945,D162,Checkup/Cleaning,General Operatory,11:20,34
A2946,Patient 2946,D446,Checkup/Cleaning,General Operatory,11:00,56
A2947,Patient 2947,D731,Filling,General Operatory,13:05,55
A2948,Patient 2948,D606,Crown,General Operatory,12:50,59
A2949,Patient 2949,D464,Checkup/Cleaning,General Operatory,14:15,49
A2950,Patient 2950,D221,X-ray/Imaging,Imaging Room,09:55,13
A2951,Patient 2951,D456,Checkup/Cleaning,General Operatory,10:45,38
A2952,Patient 2952,D21,Checkup/Cleaning,General Operatory,11:50,39
A2953,Patient 2953,D477,Crown,General Operatory,12:40,57
A2954,Patient 2954,D712,Checkup/Cleaning,General Operatory,10:20,31
A2955,Patient 2955,D116,Filling,General Operatory,11:05,45
A2956,Patient 2956,D730,Extraction,General Operatory,09:45,24
A2957,Patient 2957,D185,Filling,General Operatory,11:20,34
A2958,Patient 2958,D247,Crown,General Operatory,11:45,46
A2959,Patient 2959,D557,Crown,General Operatory,11:05,37
A2960,Patient 2960,D86,Checkup/Cleaning,General Operatory,11:00,47
A2961,Patient 2961,D268,Checkup/Cleaning,General Operatory,15:25,34
A2962,Patient 2962,D46,Filling,General Operatory,10:00,33
A2963,Patient 2963,D716,Extraction,General Operatory,09:50,36
A2964,Patient 2964,D453,Checkup/Cleaning,General Operatory,10:55,53
A2965,Patient 2965,D83,Extraction,General Operatory,12:25,30
A2966,Patient 2966,D698,Checkup/Cleaning,General Operatory,11:10,57
A2967,Patient 2967,D34,Root Canal,Endodontic Operatory,09:05,84
A2968,Patient 2968,D741,Checkup/Cleaning,General Operatory,09:50,40
A2969,Patient 2969,D600,Checkup/Cleaning,General Operatory,09:40,52
A2970,Patient 2970,D101,Filling,General Operatory,10:45,54
A2971,Patient 2971,D59,Root Canal,Endodontic Operatory,12:20,83
A2972,Patient 2972,D737,Checkup/Cleaning,General Operatory,11:35,41
A2973,Patient 2973,D689,Checkup/Cleaning,General Operatory,13:50,59
A2974,Patient 2974,D300,Checkup/Cleaning,General Operatory,12:55,32
A2975,Patient 2975,D615,Extraction,General Operatory,10:10,37
A2976,Patient 2976,D503,Filling,General Operatory,10:00,24
A2977,Patient 2977,D296,Filling,General Operatory,12:45,22
A2978,Patient 2978,D481,Checkup/Cleaning,General Operatory,09:50,43
A2979,Patient 2979,D46,Filling,General Operatory,13:10,20
A2980,Patient 2980,D252,Filling,General Operatory,11:10,60
A2981,Patient 2981,D371,Extraction,General Operatory,10:45,28
A2982,Patient 2982,D415,Filling,General Operatory,09:35,27
A2983,Patient 2983,D153,Root Canal,Endodontic Operatory,11:00,76
A2984,Patient 2984,D379,Extraction,General Operatory,11:25,31
A2985,Patient 2985,D591,Filling,General Operatory,13:55,22
A2986,Patient 2986,D641,Filling,General Operatory,11:00,46
A2987,Patient 2987,D421,Extraction,General Operatory,13:10,39
A2988,Patient 2988,D633,Filling,General Operatory,16:05,21
A2989,Patient 2989,D652,X-ray/Imaging,Imaging Room,09:20,14
A2990,Patient 2990,D67,Checkup/Cleaning,General Operatory,09:15,55
A2991,Patient 2991,D402,Checkup/Cleaning,General Operatory,10:20,46
A2992,Patient 2992,D542,Extraction,General Operatory,10:50,28
A2993,Patient 2993,D660,Checkup/Cleaning,General Operatory,12:40,60
A2994,Patient 2994,D255,Filling,General Operatory,10:40,44
A2995,Patient 2995,D542,Extraction,General Operatory,10:05,32
A2996,Patient 2996,D159,Extraction,General Operatory,13:15,24
A2997,Patient 2997,D634,Extraction,General Operatory,11:15,25
A2998,Patient 2998,D661,Extraction,General Operatory,10:10,29
A2999,Patient 2999,D163,Checkup/Cleaning,General Operatory,09:50,58
A3000,Patient 3000,D378,Extraction,General Operatory,12:30,36
A3001,Patient 3001,D107,Checkup/Cleaning,General Operatory,11:15,54
A3002,Patient 3002,D474,Crown,General Operatory,12:25,56
A3003,Patient 3003,D647,Filling,General Operatory,14:30,42
A3004,Patient 3004,D298,Crown,General Operatory,11:10,31
A3005,Patient 3005,D235,Extraction,General Operatory,11:50,31
A3006,Patient 3006,D700,Checkup/Cleaning,General Operatory,11:15,36
A3007,Patient 3007,D685,Checkup/Cleaning,General Operatory,12:40,42
A3008,Patient 3008,D287,Crown,General Operatory,11:00,46
A3009,Patient 3009,D518,Crown,General Operatory,14:30,30
A3010,Patient 3010,D749,Checkup/Cleaning,General Operatory,13:15,37
A3011,Patient 3011,D532,Checkup/Cleaning,General Operatory,12:20,38
A3012,Patient 3012,D477,Extraction,General Operatory,13:15,21
A3013,Patient 3013,D39,Checkup/Cleaning,General Operatory,11:00,50
A3014,Patient 3014,D245,Checkup/Cleaning,General Operatory,10:10,36
A3015,Patient 3015,D199,Root Canal,Endodontic Operatory,13:45,68
A3016,Patient 3016,D726,Checkup/Cleaning,General Operatory,09:15,53
A3017,Patient 3017,D105,Checkup/Cleaning,General Operatory,10:50,52
A3018,Patient 3018,D539,Filling,General Operatory,13:50,27
A3019,Patient 3019,D622,X-ray/Imaging,Imaging Room,14:00,11
A3020,Patient 3020,D647,Extraction,General Operatory,09:55,35
A3021,Patient 3021,D415,Extraction,General Operatory,09:35,27
A3022,Patient 3022,D36,Extraction,General Operatory,15:00,22
A3023,Patient 3023,D518,Filling,General Operatory,11:20,40
A3024,Patient 3024,D473,X-ray/Imaging,Imaging Room,15:05,13
A3025,Patient 3025,D738,Crown,General Operatory,10:45,58
A3026,Patient 3026,D190,Checkup/Cleaning,General Operatory,11:20,30
A3027,Patient 3027,D601,Checkup/Cleaning,General Operatory,12:15,54
A3028,Patient 3028,D563,Checkup/Cleaning,General Operatory,10:25,49
A3029,Patient 3029,D251,Extraction,General Operatory,11:55,30
A3030,Patient 3030,D720,Filling,General Operatory,15:50,38
A3031,Patient 3031,D123,X-ray/Imaging,Imaging Room,11:30,13
A3032,Patient 3032,D697,Checkup/Cleaning,General Operatory,13:05,41
A3033,Patient 3033,D138,Crown,General Operatory,11:55,32
A3034,Patient 3034,D73,Root Canal,Endodontic Operatory,12:55,87
A3035,Patient 3035,D589,Checkup/Cleaning,General Operatory,10:00,47
A3036,Patient 3036,D237,Filling,General Operatory,11:10,50
A3037,Patient 3037,D601,Checkup/Cleaning,General Operatory,10:55,43
A3038,Patient 3038,D741,Checkup/Cleaning,General Operatory,11:10,36
A3039,Patient 3039,D518,Checkup/Cleaning,General Operatory,11:30,37
A3040,Patient 3040,D344,Checkup/Cleaning,General Operatory,10:05,32
A3041,Patient 3041,D38,Extraction,General Operatory,09:45,29
A3042,Patient 3042,D549,Filling,General Operatory,11:45,22
A3043,Patient 3043,D646,Checkup/Cleaning,General Operatory,11:25,55
A3044,Patient 3044,D505,Crown,General Operatory,11:15,43
A3045,Patient 3045,D532,Extraction,General Operatory,14:00,23
A3046,Patient 3046,D437,Root Canal,Endodontic Operatory,10:55,60
A3047,Patient 3047,D57,Filling,General Operatory,11:40,33
A3048,Patient 3048,D408,Crown,General Operatory,11:15,32
A3049,Patient 3049,D396,Checkup/Cleaning,General Operatory,10:05,44
A3050,Patient 3050,D218,Checkup/Cleaning,General Operatory,11:25,35
A3051,Patient 3051,D261,Crown,General Operatory,09:35,41
A3052,Patient 3052,D522,Filling,General Operatory,10:30,47
A3053,Patient 3053,D498,Extraction,General Operatory,12:50,35
A3054,Patient 3054,D660,Crown,General Operatory,11:15,49
A3055,Patient 3055,D271,Checkup/Cleaning,General Operatory,09:50,60
A3056,Patient 3056,D248,Checkup/Cleaning,General Operatory,09:40,47
A3057,Patient 3057,D459,Root Canal,Endodontic Operatory,11:20,70
A3058,Patient 3058,D489,Crown,General Operatory,14:05,59
A3059,Patient 3059,D140,Filling,General Operatory,09:35,33
A3060,Patient 3060,D630,Extraction,General Operatory,09:35,21
A3061,Patient 3061,D463,Extraction,General Operatory,12:55,20
A3062,Patient 3062,D520,Filling,General Operatory,13:35,56
A3063,Patient 3063,D297,Checkup/Cleaning,General Operatory,10:15,35
A3064,Patient 3064,D262,Filling,General Operatory,11:55,30
A3065,Patient 3065,D724,Filling,General Operatory,12:45,60
A3066,Patient 3066,D587,Root Canal,Endodontic Operatory,13:50,87
A3067,Patient 3067,D566,Extraction,General Operatory,14:10,39
A3068,Patient 3068,D92,Crown,General Operatory,09:45,39
A3069,Patient 3069,D375,Filling,General Operatory,12:45,60
A3070,Patient 3070,D151,Checkup/Cleaning,General Operatory,11:15,33
A3071,Patient 3071,D513,Crown,General Operatory,10:35,48
A3072,Patient 3072,D180,Crown,General Operatory,10:00,33
A3073,Patient 3073,D302,Root Canal,Endodontic Operatory,12:25,84
A3074,Patient 3074,D578,Filling,General Operatory,13:00,23
A3075,Patient 3075,D717,Checkup/Cleaning,General Operatory,11:20,47
A3076,Patient 3076,D408,Extraction,General Operatory,11:40,34
A3077,Patient 3077,D32,Extraction,General Operatory,13:05,25
A3078,Patient 3078,D317,Filling,General Operatory,13:25,34
A3079,Patient 3079,D226,Checkup/Cleaning,General Operatory,14:00,51
A3080,Patient 3080,D666,Checkup/Cleaning,General Operatory,13:40,60
A3081,Patient 3081,D674,Crown,General Operatory,09:25,54
A3082,Patient 3082,D4,Crown,General Operatory,09:50,60
A3083,Patient 3083,D146,Crown,General Operatory,10:50,48
A3084,Patient 3084,D350,Checkup/Cleaning,General Operatory,14:05,55
A3085,Patient 3085,D416,Filling,General Operatory,13:50,42
A3086,Patient 3086,D445,Extraction,General Operatory,15:00,22
A3087,Patient 3087,D392,Filling,General Operatory,10:30,42
A3088,Patient 3088,D75,Crown,General Operatory,10:20,36
A3089,Patient 3089,D494,Root Canal,Endodontic Operatory,13:40,63
A3090,Patient 3090,D195,Root Canal,Endodontic Operatory,13:45,70
A3091,Patient 3091,D124,Checkup/Cleaning,General Operatory,14:30,36
A3092,Patient 3092,D409,Filling,General Operatory,14:05,35
A3093,Patient 3093,D522,Checkup/Cleaning,General Operatory,09:10,58
A3094,Patient 3094,D169,Filling,General Operatory,10:45,34
A3095,Patient 3095,D684,Crown,General Operatory,13:05,43
A3096,Patient 3096,D399,Checkup/Cleaning,General Operatory,10:10,31
A3097,Patient 3097,D516,Checkup/Cleaning,General Operatory,14:00,32
A3098,Patient 3098,D627,Checkup/Cleaning,General Operatory,14:00,56
A3099,Patient 3099,D50,Crown,General Operatory,13:45,42
A3100,Patient 3100,D627,Extraction,General Operatory,12:00,22
A3101,Patient 3101,D622,Checkup/Cleaning,General Operatory,12:10,53
A3102,Patient 3102,D465,Filling,General Operatory,11:55,31
A3103,Patient 3103,D535,Checkup/Cleaning,General Operatory,10:15,48
A3104,Patient 3104,D643,Checkup/Cleaning,General Operatory,11:25,53
A3105,Patient 3105,D653,Checkup/Cleaning,General Operatory,12:45,30
A3106,Patient 3106,D454,Filling,General Operatory,09:10,45
A3107,Patient 3107,D732,Crown,General Operatory,11:10,58
A3108,Patient 3108,D422,Extraction,General Operatory,10:10,39
A3109,Patient 3109,D20,Filling,General Operatory,13:20,25
A3110,Patient 3110,D743,Extraction,General Operatory,09:55,35
A3111,Patient 3111,D165,Filling,General Operatory,11:00,58
A3112,Patient 3112,D24,Filling,General Operatory,13:10,53
A3113,Patient 3113,D270,Checkup/Cleaning,General Operatory,10:00,36
A3114,Patient 3114,D465,Checkup/Cleaning,General Operatory,09:25,59
A3115,Patient 3115,D367,Extraction,General Operatory,10:10,25
A3116,Patient 3116,D411,Checkup/Cleaning,General Operatory,09:35,47
A3117,Patient 3117,D11,Checkup/Cleaning,General Operatory,09:15,58
A3118,Patient 3118,D81,Extraction,General Operatory,11:30,20
A3119,Patient 3119,D225,Root Canal,Endodontic Operatory,11:20,67
A3120,Patient 3120,D686,Checkup/Cleaning,General Operatory,12:45,44
A3121,Patient 3121,D588,X-ray/Imaging,Imaging Room,09:25,13
A3122,Patient 3122,D224,Filling,General Operatory,11:30,54
A3123,Patient 3123,D271,Filling,General Operatory,14:55,30
A3124,Patient 3124,D331,Checkup/Cleaning,General Operatory,12:25,57
A3125,Patient 3125,D523,Checkup/Cleaning,General Operatory,11:10,56
A3126,Patient 3126,D283,Checkup/Cleaning,General Operatory,09:40,31
A3127,Patient 3127,D210,Extraction,General Operatory,11:50,23
A3128,Patient 3128,D548,Checkup/Cleaning,General Operatory,11:45,34
A3129,Patient 3129,D684,Filling,General Operatory,09:45,31
A3130,Patient 3130,D166,Extraction,General Operatory,11:50,35
A3131,Patient 3131,D550,Root Canal,Endodontic Operatory,13:40,63
A3132,Patient 3132,D268,Filling,General Operatory,11:20,46
A3133,Patient 3133,D560,Checkup/Cleaning,General Operatory,12:45,56
A3134,Patient 3134,D449,Checkup/Cleaning,General Operatory,15:20,43
A3135,Patient 3135,D553,Checkup/Cleaning,General Operatory,11:45,33
A3136,Patient 3136,D182,Filling,General Operatory,12:15,40
A3137,Patient 3137,D347,Checkup/Cleaning,General Operatory,09:45,54
A3138,Patient 3138,D505,Root Canal,Endodontic Operatory,13:00,78
A3139,Patient 3139,D439,Filling,General Operatory,11:50,27
A3140,Patient 3140,D717,Checkup/Cleaning,General Operatory,11:25,57
A3141,Patient 3141,D415,Filling,General Operatory,11:20,29
A3142,Patient 3142,D374,Root Canal,Endodontic Operatory,13:35,72
A3143,Patient 3143,D87,Extraction,General Operatory,09:25,25
A3144,Patient 3144,D645,Checkup/Cleaning,General Operatory,09:15,51
A3145,Patient 3145,D403,Extraction,General Operatory,11:10,31
A3146,Patient 3146,D553,X-ray/Imaging,Imaging Room,11:00,10
A3147,Patient 3147,D415,Filling,General Operatory,10:50,24
A3148,Patient 3148,D75,X-ray/Imaging,Imaging Room,12:00,11
A3149,Patient 3149,D408,X-ray/Imaging,Imaging Room,09:50,14
A3150,Patient 3150,D605,Filling,General Operatory,09:35,37
A3151,Patient 3151,D639,Extraction,General Operatory,15:50,29
A3152,Patient 3152,D17,X-ray/Imaging,Imaging Room,10:10,11
A3153,Patient 3153,D35,X-ray/Imaging,Imaging Room,14:10,15
A3154,Patient 3154,D679,Root Canal,Endodontic Operatory,10:50,73
A3155,Patient 3155,D734,Extraction,General Operatory,12:25,36
A3156,Patient 3156,D306,Crown,General Operatory,11:50,40
A3157,Patient 3157,D525,Filling,General Operatory,10:45,24
A3158,Patient 3158,D291,Checkup/Cleaning,General Operatory,13:10,50
A3159,Patient 3159,D469,X-ray/Imaging,Imaging Room,13:25,10
A3160,Patient 3160,D94,Filling,General Operatory,09:45,31
A3161,Patient 3161,D412,Filling,General Operatory,09:40,50
A3162,Patient 3162,D673,Checkup/Cleaning,General Operatory,13:00,59
A3163,Patient 3163,D282,Filling,General Operatory,10:40,24
A3164,Patient 3164,D737,Extraction,General Operatory,11:55,34
A3165,Patient 3165,D545,Filling,General Operatory,09:45,54
A3166,Patient 3166,D589,Crown,General Operatory,09:55,46
A3167,Patient 3167,D133,Checkup/Cleaning,General Operatory,09:40,48
A3168,Patient 3168,D40,Root Canal,Endodontic Operatory,12:35,77
A3169,Patient 3169,D1,Filling,General Operatory,11:15,31
A3170,Patient 3170,D244,Filling,General Operatory,10:10,37
A3171,Patient 3171,D400,Filling,General Operatory,12:35,59
A3172,Patient 3172,D583,Checkup/Cleaning,General Operatory,09:20,51
A3173,Patient 3173,D287,Crown,General Operatory,11:35,35
A3174,Patient 3174,D384,Checkup/Cleaning,General Operatory,10:55,35
A3175,Patient 3175,D472,Filling,General Operatory,11:10,32
A3176,Patient 3176,D627,Checkup/Cleaning,General Operatory,10:25,50
A3177,Patient 3177,D137,Extraction,General Operatory,15:30,38
A3178,Patient 3178,D401,Root Canal,Endodontic Operatory,14:00,67
A3179,Patient 3179,D560,X-ray/Imaging,Imaging Room,11:10,14
A3180,Patient 3180,D415,Checkup/Cleaning,General Operatory,10:55,32
A3181,Patient 3181,D192,Filling,General Operatory,13:10,41
A3182,Patient 3182,D183,Crown,General Operatory,10:00,40
A3183,Patient 3183,D590,Checkup/Cleaning,General Operatory,13:45,60
A3184,Patient 3184,D712,Checkup/Cleaning,General Operatory,13:00,46
A3185,Patient 3185,D105,Checkup/Cleaning,General Operatory,10:25,60
A3186,Patient 3186,D574,Extraction,General Operatory,12:20,31
A3187,Patient 3187,D662,Filling,General Operatory,10:25,36
A3188,Patient 3188,D333,Checkup/Cleaning,General Operatory,14:40,40
A3189,Patient 3189,D697,Checkup/Cleaning,General Operatory,09:45,38
A3190,Patient 3190,D199,Checkup/Cleaning,General Operatory,11:15,49
A3191,Patient 3191,D591,Checkup/Cleaning,General Operatory,11:15,56
A3192,Patient 3192,D614,Filling,General Operatory,09:45,23
A3193,Patient 3193,D722,Checkup/Cleaning,General Operatory,12:15,37
A3194,Patient 3194,D89,Root Canal,Endodontic Operatory,10:00,66
A3195,Patient 3195,D91,Checkup/Cleaning,General Operatory,09:30,44
A3196,Patient 3196,D336,Checkup/Cleaning,General Operatory,12:55,36
A3197,Patient 3197,D375,Extraction,General Operatory,14:45,26
A3198,Patient 3198,D488,Extraction,General Operatory,10:00,36
A3199,Patient 3199,D437,Filling,General Operatory,10:45,40
A3200,Patient 3200,D636,Checkup/Cleaning,General Operatory,09:50,57
A3201,Patient 3201,D291,X-ray/Imaging,Imaging Room,10:10,10
A3202,Patient 3202,D182,Filling,General Operatory,13:40,59
A3203,Patient 3203,D713,Filling,General Operatory,13:40,50
A3204,Patient 3204,D620,Extraction,General Operatory,14:50,24
A3205,Patient 3205,D7,Checkup/Cleaning,General Operatory,10:20,34
A3206,Patient 3206,D540,Filling,General Operatory,12:25,42
A3207,Patient 3207,D141,Crown,General Operatory,15:30,47
A3208,Patient 3208,D427,Checkup/Cleaning,General Operatory,15:45,40
A3209,Patient 3209,D519,Filling,General Operatory,14:05,48
A3210,Patient 3210,D287,Checkup/Cleaning,General Operatory,09:40,35
A3211,Patient 3211,D724,Checkup/Cleaning,General Operatory,14:00,40
A3212,Patient 3212,D555,Extraction,General Operatory,10:15,38
A3213,Patient 3213,D325,Root Canal,Endodontic Operatory,13:35,86
A3214,Patient 3214,D183,Filling,General Operatory,10:35,39
A3215,Patient 3215,D85,Root Canal,Endodontic Operatory,09:40,73
A3216,Patient 3216,D140,Crown,General Operatory,09:15,30
A3217,Patient 3217,D160,Root Canal,Endodontic Operatory,10:25,71
A3218,Patient 3218,D601,Extraction,General Operatory,11:00,27
A3219,Patient 3219,D135,Extraction,General Operatory,11:40,23
A3220,Patient 3220,D325,Checkup/Cleaning,General Operatory,12:40,30
A3221,Patient 3221,D493,Checkup/Cleaning,General Operatory,14:25,36
A3222,Patient 3222,D436,Filling,General Operatory,10:40,31
A3223,Patient 3223,D291,Checkup/Cleaning,General Operatory,13:05,57
A3224,Patient 3224,D632,Filling,General Operatory,14:05,57
A3225,Patient 3225,D148,Filling,General Operatory,10:20,34
A3226,Patient 3226,D653,Root Canal,Endodontic Operatory,12:25,83
A3227,Patient 3227,D154,Extraction,General Operatory,10:25,24
A3228,Patient 3228,D721,Checkup/Cleaning,General Operatory,11:25,41
A3229,Patient 3229,D72,Filling,General Operatory,14:20,31
A3230,Patient 3230,D109,Extraction,General Operatory,14:25,26
A3231,Patient 3231,D130,Checkup/Cleaning,General Operatory,11:15,34
A3232,Patient 3232,D642,Checkup/Cleaning,General Operatory,10:10,32
A3233,Patient 3233,D9,Crown,General Operatory,09:35,46
A3234,Patient 3234,D269,Filling,General Operatory,14:20,33
A3235,Patient 3235,D475,Checkup/Cleaning,General Operatory,10:15,47
A3236,Patient 3236,D414,Filling,General Operatory,11:05,25
A3237,Patient 3237,D182,Root Canal,Endodontic Operatory,12:25,88
A3238,Patient 3238,D476,Checkup/Cleaning,General Operatory,10:20,53
A3239,Patient 3239,D643,Checkup/Cleaning,General Operatory,11:25,34
A3240,Patient 3240,D585,Crown,General Operatory,09:50,40
A3241,Patient 3241,D93,Filling,General Operatory,11:45,49
A3242,Patient 3242,D247,Extraction,General Operatory,09:45,32
A3243,Patient 3243,D187,Extraction,General Operatory,13:20,23
A3244,Patient 3244,D180,Checkup/Cleaning,General Operatory,09:55,51
A3245,Patient 3245,D454,Root Canal,Endodontic Operatory,09:40,83
A3246,Patient 3246,D672,Filling,General Operatory,15:15,31
A3247,Patient 3247,D334,Checkup/Cleaning,General Operatory,14:20,34
A3248,Patient 3248,D630,Checkup/Cleaning,General Operatory,09:15,43
A3249,Patient 3249,D438,Root Canal,Endodontic Operatory,15:15,81
A3250,Patient 3250,D78,Extraction,General Operatory,14:25,27
A3251,Patient 3251,D148,Checkup/Cleaning,General Operatory,10:15,35
A3252,Patient 3252,D720,X-ray/Imaging,Imaging Room,16:05,14
A3253,Patient 3253,D209,Checkup/Cleaning,General Operatory,10:00,60
A3254,Patient 3254,D428,Checkup/Cleaning,General Operatory,10:50,53
A3255,Patient 3255,D505,Checkup/Cleaning,General Operatory,11:25,55
A3256,Patient 3256,D254,Crown,General Operatory,11:25,48
A3257,Patient 3257,D260,Filling,General Operatory,12:40,51
A3258,Patient 3258,D185,Crown,General Operatory,11:40,49
A3259,Patient 3259,D450,Checkup/Cleaning,General Operatory,10:10,48
A3260,Patient 3260,D72,Checkup/Cleaning,General Operatory,11:25,40
A3261,Patient 3261,D480,Root Canal,Endodontic Operatory,12:05,89
A3262,Patient 3262,D220,Filling,General Operatory,10:25,40
A3263,Patient 3263,D572,Crown,General Operatory,10:55,46
A3264,Patient 3264,D153,Checkup/Cleaning,General Operatory,15:05,51
A3265,Patient 3265,D138,Root Canal,Endodontic Operatory,12:25,72
A3266,Patient 3266,D562,Checkup/Cleaning,General Operatory,10:05,31
A3267,Patient 3267,D568,Filling,General Operatory,13:10,49
A3268,Patient 3268,D519,Crown,General Operatory,12:25,44
A3269,Patient 3269,D710,Extraction,General Operatory,14:20,31
A3270,Patient 3270,D366,Checkup/Cleaning,General Operatory,10:50,50
A3271,Patient 3271,D63,Root Canal,Endodontic Operatory,10:35,89
A3272,Patient 3272,D207,Checkup/Cleaning,General Operatory,11:10,39
A3273,Patient 3273,D661,Checkup/Cleaning,General Operatory,11:40,48
A3274,Patient 3274,D329,Checkup/Cleaning,General Operatory,10:00,32
A3275,Patient 3275,D216,Crown,General Operatory,15:10,48
A3276,Patient 3276,D24,Root Canal,Endodontic Operatory,12:30,80
A3277,Patient 3277,D748,Crown,General Operatory,09:45,53
A3278,Patient 3278,D95,Checkup/Cleaning,General Operatory,10:20,45
A3279,Patient 3279,D198,Checkup/Cleaning,General Operatory,10:45,56
A3280,Patient 3280,D591,Filling,General Operatory,10:55,50
A3281,Patient 3281,D704,Filling,General Operatory,12:55,25
A3282,Patient 3282,D149,Filling,General Operatory,10:50,60
A3283,Patient 3283,D119,Checkup/Cleaning,General Operatory,11:45,33
A3284,Patient 3284,D420,Filling,General Operatory,10:55,28
A3285,Patient 3285,D621,Root Canal,Endodontic Operatory,09:10,81
A3286,Patient 3286,D116,Filling,General Operatory,09:25,26
A3287,Patient 3287,D43,Checkup/Cleaning,General Operatory,10:10,53
A3288,Patient 3288,D140,Extraction,General Operatory,11:40,36
A3289,Patient 3289,D255,Checkup/Cleaning,General Operatory,10:40,49
A3290,Patient 3290,D38,Checkup/Cleaning,General Operatory,10:15,36
A3291,Patient 3291,D346,Checkup/Cleaning,General Operatory,14:00,30
A3292,Patient 3292,D467,Extraction,General Operatory,14:50,29
A3293,Patient 3293,D107,Checkup/Cleaning,General Operatory,11:20,55
A3294,Patient 3294,D103,Checkup/Cleaning,General Operatory,11:50,30
A3295,Patient 3295,D700,Filling,General Operatory,09:30,53
A3296,Patient 3296,D9,Filling,General Operatory,09:20,40
A3297,Patient 3297,D611,Checkup/Cleaning,General Operatory,09:45,34
A3298,Patient 3298,D199,Extraction,General Operatory,12:40,31
A3299,Patient 3299,D68,Root Canal,Endodontic Operatory,12:20,83
A3300,Patient 3300,D220,Extraction,General Operatory,13:05,38
A3301,Patient 3301,D132,Root Canal,Endodontic Operatory,09:35,78
A3302,Patient 3302,D100,Checkup/Cleaning,General Operatory,10:55,44
A3303,Patient 3303,D283,Checkup/Cleaning,General Operatory,10:20,59
A3304,Patient 3304,D335,Filling,General Operatory,11:20,44
A3305,Patient 3305,D218,Root Canal,Endodontic Operatory,09:15,68
A3306,Patient 3306,D27,Checkup/Cleaning,General Operatory,09:35,45
A3307,Patient 3307,D127,Filling,General Operatory,11:30,30
A3308,Patient 3308,D571,Filling,General Operatory,09:50,23
A3309,Patient 3309,D635,Checkup/Cleaning,General Operatory,10:25,53
A3310,Patient 3310,D442,Filling,General Operatory,11:10,57
A3311,Patient 3311,D234,Checkup/Cleaning,General Operatory,11:40,57
A3312,Patient 3312,D666,Crown,General Operatory,12:35,33
A3313,Patient 3313,D268,X-ray/Imaging,Imaging Room,16:10,11
A3314,Patient 3314,D658,Checkup/Cleaning,General Operatory,13:55,52
A3315,Patient 3315,D34,Checkup/Cleaning,General Operatory,09:50,33
A3316,Patient 3316,D372,Crown,General Operatory,10:25,42
A3317,Patient 3317,D656,Filling,General Operatory,14:25,47
A3318,Patient 3318,D638,Checkup/Cleaning,General Operatory,10:50,44
A3319,Patient 3319,D381,Checkup/Cleaning,General Operatory,11:00,56
A3320,Patient 3320,D258,Filling,General Operatory,09:30,26
A3321,Patient 3321,D473,Filling,General Operatory,10:20,27
A3322,Patient 3322,D61,Root Canal,Endodontic Operatory,15:10,85
A3323,Patient 3323,D126,Checkup/Cleaning,General Operatory,14:45,30
A3324,Patient 3324,D568,Checkup/Cleaning,General Operatory,11:30,44
A3325,Patient 3325,D93,Filling,General Operatory,12:40,47
A3326,Patient 3326,D558,Checkup/Cleaning,General Operatory,11:40,33
A3327,Patient 3327,D459,Checkup/Cleaning,General Operatory,09:50,48
A3328,Patient 3328,D351,Extraction,General Operatory,09:20,34
A3329,Patient 3329,D521,Checkup/Cleaning,General Operatory,09:25,44
A3330,Patient 3330,D56,Filling,General Operatory,09:55,34
A3331,Patient 3331,D49,Root Canal,Endodontic Operatory,12:35,69
A3332,Patient 3332,D283,Filling,General Operatory,11:40,32
A3333,Patient 3333,D180,Checkup/Cleaning,General Operatory,09:45,36
A3334,Patient 3334,D579,Filling,General Operatory,11:00,42
A3335,Patient 3335,D693,Filling,General Operatory,14:05,47
A3336,Patient 3336,D611,Checkup/Cleaning,General Operatory,09:20,30
A3337,Patient 3337,D575,Checkup/Cleaning,General Operatory,13:55,36
A3338,Patient 3338,D622,Filling,General Operatory,12:40,48
A3339,Patient 3339,D404,Filling,General Operatory,11:10,29
A3340,Patient 3340,D600,Checkup/Cleaning,General Operatory,11:20,37
A3341,Patient 3341,D717,Crown,General Operatory,09:50,30
A3342,Patient 3342,D273,Filling,General Operatory,09:25,47
A3343,Patient 3343,D339,Extraction,General Operatory,11:30,20
A3344,Patient 3344,D120,Checkup/Cleaning,General Operatory,12:40,48
A3345,Patient 3345,D128,Crown,General Operatory,09:25,31
A3346,Patient 3346,D600,Checkup/Cleaning,General Operatory,10:25,54
A3347,Patient 3347,D733,Filling,General Operatory,12:50,60
A3348,Patient 3348,D588,Checkup/Cleaning,General Operatory,10:35,37
A3349,Patient 3349,D325,Root Canal,Endodontic Operatory,12:45,61
A3350,Patient 3350,D624,Filling,General Operatory,11:45,57
A3351,Patient 3351,D509,Crown,General Operatory,15:45,42
A3352,Patient 3352,D542,X-ray/Imaging,Imaging Room,09:15,15
A3353,Patient 3353,D204,Filling,General Operatory,12:45,48
A3354,Patient 3354,D425,Filling,General Operatory,12:50,55
A3355,Patient 3355,D105,Filling,General Operatory,09:20,44
A3356,Patient 3356,D222,Filling,General Operatory,10:25,23
A3357,Patient 3357,D585,Checkup/Cleaning,General Operatory,11:25,37
A3358,Patient 3358,D331,Filling,General Operatory,14:15,33
A3359,Patient 3359,D686,Filling,General Operatory,14:20,38
A3360,Patient 3360,D117,X-ray/Imaging,Imaging Room,15:30,13
A3361,Patient 3361,D69,Extraction,General Operatory,10:15,28
A3362,Patient 3362,D677,Checkup/Cleaning,General Operatory,12:20,36
A3363,Patient 3363,D528,Filling,General Operatory,14:10,54
A3364,Patient 3364,D109,Checkup/Cleaning,General Operatory,14:25,31
A3365,Patient 3365,D677,Extraction,General Operatory,14:35,20
A3366,Patient 3366,D266,Checkup/Cleaning,General Operatory,13:35,59
A3367,Patient 3367,D241,Filling,General Operatory,10:50,59
A3368,Patient 3368,D610,Filling,General Operatory,11:15,57
A3369,Patient 3369,D115,Checkup/Cleaning,General Operatory,09:45,44
A3370,Patient 3370,D516,Extraction,General Operatory,14:20,29
A3371,Patient 3371,D32,Root Canal,Endodontic Operatory,10:10,87
A3372,Patient 3372,D409,Crown,General Operatory,13:50,39
A3373,Patient 3373,D165,Root Canal,Endodontic Operatory,12:35,74
A3374,Patient 3374,D526,Extraction,General Operatory,14:15,27
A3375,Patient 3375,D520,Filling,General Operatory,14:05,20
A3376,Patient 3376,D64,Root Canal,Endodontic Operatory,13:30,68
A3377,Patient 3377,D429,Filling,General Operatory,12:40,50
A3378,Patient 3378,D185,Root Canal,Endodontic Operatory,10:15,72
A3379,Patient 3379,D307,Filling,General Operatory,11:25,25
A3380,Patient 3380,D162,Filling,General Operatory,13:10,51
A3381,Patient 3381,D277,Root Canal,Endodontic Operatory,13:45,79
A3382,Patient 3382,D574,Crown,General Operatory,12:40,34
A3383,Patient 3383,D593,Crown,General Operatory,14:30,51
A3384,Patient 3384,D681,Extraction,General Operatory,09:50,28
A3385,Patient 3385,D364,Checkup/Cleaning,General Operatory,09:55,33
A3386,Patient 3386,D595,Filling,General Operatory,12:15,42
A3387,Patient 3387,D507,Crown,General Operatory,10:55,50
A3388,Patient 3388,D500,Checkup/Cleaning,General Operatory,11:30,58
A3389,Patient 3389,D572,Checkup/Cleaning,General Operatory,12:30,53
A3390,Patient 3390,D110,Root Canal,Endodontic Operatory,13:50,74
A3391,Patient 3391,D187,Checkup/Cleaning,General Operatory,13:10,31
A3392,Patient 3392,D719,Extraction,General Operatory,12:40,39
A3393,Patient 3393,D560,Checkup/Cleaning,General Operatory,14:10,38
A3394,Patient 3394,D27,Checkup/Cleaning,General Operatory,09:55,46
A3395,Patient 3395,D67,Filling,General Operatory,10:55,29
A3396,Patient 3396,D105,Filling,General Operatory,10:30,30
A3397,Patient 3397,D249,Root Canal,Endodontic Operatory,11:35,73
A3398,Patient 3398,D560,Checkup/Cleaning,General Operatory,13:50,46
A3399,Patient 3399,D273,Filling,General Operatory,10:55,54
A3400,Patient 3400,D234,Extraction,General Operatory,10:05,33
A3401,Patient 3401,D405,Filling,General Operatory,11:45,53
A3402,Patient 3402,D590,Checkup/Cleaning,General Operatory,13:50,30
A3403,Patient 3403,D92,Checkup/Cleaning,General Operatory,11:20,36
A3404,Patient 3404,D601,Crown,General Operatory,11:05,53
A3405,Patient 3405,D678,Root Canal,Endodontic Operatory,12:30,79
A3406,Patient 3406,D210,Extraction,General Operatory,10:00,23
A3407,Patient 3407,D487,Extraction,General Operatory,11:30,20
A3408,Patient 3408,D255,Checkup/Cleaning,General Operatory,10:25,38
A3409,Patient 3409,D524,Checkup/Cleaning,General Operatory,11:10,40
A3410,Patient 3410,D170,Filling,General Operatory,15:30,37
A3411,Patient 3411,D508,Checkup/Cleaning,General Operatory,13:50,33
A3412,Patient 3412,D440,Checkup/Cleaning,General Operatory,14:30,31
A3413,Patient 3413,D714,Checkup/Cleaning,General Operatory,15:55,30
A3414,Patient 3414,D427,Filling,General Operatory,12:50,24
A3415,Patient 3415,D67,Root Canal,Endodontic Operatory,10:30,64
A3416,Patient 3416,D609,Filling,General Operatory,10:25,54
A3417,Patient 3417,D560,Filling,General Operatory,15:50,20
A3418,Patient 3418,D473,Root Canal,Endodontic Operatory,10:00,64
A3419,Patient 3419,D82,Filling,General Operatory,13:45,46
A3420,Patient 3420,D232,Root Canal,Endodontic Operatory,09:30,79
A3421,Patient 3421,D642,Filling,General Operatory,13:10,36
A3422,Patient 3422,D632,Extraction,General Operatory,15:25,39
A3423,Patient 3423,D716,X-ray/Imaging,Imaging Room,11:25,13
A3424,Patient 3424,D563,Filling,General Operatory,10:20,52
A3425,Patient 3425,D320,Extraction,General Operatory,11:40,22
A3426,Patient 3426,D603,Checkup/Cleaning,General Operatory,15:15,40
A3427,Patient 3427,D114,Checkup/Cleaning,General Operatory,13:25,34
A3428,Patient 3428,D696,Checkup/Cleaning,General Operatory,13:00,57
A3429,Patient 3429,D370,Checkup/Cleaning,General Operatory,09:45,59
A3430,Patient 3430,D360,Checkup/Cleaning,General Operatory,10:10,45
A3431,Patient 3431,D700,Extraction,General Operatory,11:55,27
A3432,Patient 3432,D551,Root Canal,Endodontic Operatory,14:05,77
A3433,Patient 3433,D213,Filling,General Operatory,12:25,35
A3434,Patient 3434,D103,Filling,General Operatory,10:15,36
A3435,Patient 3435,D614,Checkup/Cleaning,General Operatory,09:10,45
A3436,Patient 3436,D26,Filling,General Operatory,11:15,56
A3437,Patient 3437,D306,Filling,General Operatory,09:55,57
A3438,Patient 3438,D49,Checkup/Cleaning,General Operatory,12:30,42
A3439,Patient 3439,D571,Extraction,General Operatory,10:20,33
A3440,Patient 3440,D52,Checkup/Cleaning,General Operatory,12:20,43
A3441,Patient 3441,D15,Root Canal,Endodontic Operatory,09:50,89
A3442,Patient 3442,D434,Crown,General Operatory,11:35,45
A3443,Patient 3443,D349,Filling,General Operatory,13:20,21
A3444,Patient 3444,D316,Root Canal,Endodontic Operatory,10:50,90
A3445,Patient 3445,D519,Root Canal,Endodontic Operatory,12:15,60
A3446,Patient 3446,D249,Crown,General Operatory,11:40,41
A3447,Patient 3447,D391,Root Canal,Endodontic Operatory,10:15,87
A3448,Patient 3448,D429,Checkup/Cleaning,General Operatory,09:50,39
A3449,Patient 3449,D407,Extraction,General Operatory,10:50,39
A3450,Patient 3450,D235,Crown,General Operatory,13:15,30
A3451,Patient 3451,D165,Crown,General Operatory,10:55,33
A3452,Patient 3452,D302,Checkup/Cleaning,General Operatory,15:25,54
A3453,Patient 3453,D439,X-ray/Imaging,Imaging Room,13:25,13
A3454,Patient 3454,D319,Filling,General Operatory,13:45,40
A3455,Patient 3455,D400,Checkup/Cleaning,General Operatory,11:05,32
A3456,Patient 3456,D727,X-ray/Imaging,Imaging Room,10:30,10
A3457,Patient 3457,D258,Filling,General Operatory,10:45,53
A3458,Patient 3458,D62,Checkup/Cleaning,General Operatory,10:20,58
A3459,Patient 3459,D111,Filling,General Operatory,12:40,53
A3460,Patient 3460,D729,Filling,General Operatory,09:20,55
A3461,Patient 3461,D82,Checkup/Cleaning,General Operatory,12:40,49
A3462,Patient 3462,D14,Crown,General Operatory,11:20,38
A3463,Patient 3463,D736,Filling,General Operatory,15:25,36
A3464,Patient 3464,D654,Root Canal,Endodontic Operatory,09:50,62
A3465,Patient 3465,D169,Checkup/Cleaning,General Operatory,12:25,46
A3466,Patient 3466,D491,Checkup/Cleaning,General Operatory,11:50,43
A3467,Patient 3467,D748,Filling,General Operatory,09:35,54
A3468,Patient 3468,D568,Filling,General Operatory,10:05,60
A3469,Patient 3469,D272,Crown,General Operatory,11:25,35
A3470,Patient 3470,D127,Extraction,General Operatory,13:10,27
A3471,Patient 3471,D260,Filling,General Operatory,09:50,37
A3472,Patient 3472,D693,Crown,General Operatory,12:35,38
A3473,Patient 3473,D293,Extraction,General Operatory,10:45,30
A3474,Patient 3474,D202,Root Canal,Endodontic Operatory,09:50,62
A3475,Patient 3475,D199,Checkup/Cleaning,General Operatory,12:25,52
A3476,Patient 3476,D551,Extraction,General Operatory,13:25,35
A3477,Patient 3477,D87,Filling,General Operatory,11:20,45
A3478,Patient 3478,D249,Extraction,General Operatory,12:50,40
A3479,Patient 3479,D502,Checkup/Cleaning,General Operatory,15:50,36
A3480,Patient 3480,D552,Filling,General Operatory,11:20,30
A3481,Patient 3481,D487,Filling,General Operatory,13:25,20
A3482,Patient 3482,D63,Root Canal,Endodontic Operatory,10:40,62
A3483,Patient 3483,D253,Root Canal,Endodontic Operatory,12:45,68
A3484,Patient 3484,D200,Checkup/Cleaning,General Operatory,14:15,49
A3485,Patient 3485,D333,Extraction,General Operatory,14:20,36
A3486,Patient 3486,D274,Extraction,General Operatory,12:30,27
A3487,Patient 3487,D313,Checkup/Cleaning,General Operatory,15:35,57
A3488,Patient 3488,D107,Filling,General Operatory,11:40,45
A3489,Patient 3489,D518,Checkup/Cleaning,General Operatory,10:10,58
A3490,Patient 3490,D354,X-ray/Imaging,Imaging Room,11:40,12
A3491,Patient 3491,D687,X-ray/Imaging,Imaging Room,11:50,12
A3492,Patient 3492,D55,Root Canal,Endodontic Operatory,15:25,66
A3493,Patient 3493,D371,Extraction,General Operatory,11:10,35
A3494,Patient 3494,D223,Filling,General Operatory,09:05,55
A3495,Patient 3495,D658,Extraction,General Operatory,11:25,30
A3496,Patient 3496,D127,Checkup/Cleaning,General Operatory,13:10,44
A3497,Patient 3497,D677,Checkup/Cleaning,General Operatory,14:00,47
A3498,Patient 3498,D638,Filling,General Operatory,11:00,47
A3499,Patient 3499,D527,Root Canal,Endodontic Operatory,14:10,88
A3500,Patient 3500,D63,Checkup/Cleaning,General Operatory,10:25,40
A3501,Patient 3501,D720,Checkup/Cleaning,General Operatory,11:00,45
A3502,Patient 3502,D461,Extraction,General Operatory,11:30,28
A3503,Patient 3503,D38,Root Canal,Endodontic Operatory,10:40,87
A3504,Patient 3504,D554,Extraction,General Operatory,10:50,32
A3505,Patient 3505,D180,Checkup/Cleaning,General Operatory,10:20,58
A3506,Patient 3506,D665,Checkup/Cleaning,General Operatory,11:20,44
A3507,Patient 3507,D242,Checkup/Cleaning,General Operatory,09:50,55
A3508,Patient 3508,D116,X-ray/Imaging,Imaging Room,11:15,15
A3509,Patient 3509,D31,Filling,General Operatory,14:00,30
A3510,Patient 3510,D177,Filling,General Operatory,09:45,52
A3511,Patient 3511,D571,Crown,General Operatory,09:15,35
A3512,Patient 3512,D46,Root Canal,Endodontic Operatory,09:55,60
A3513,Patient 3513,D180,Crown,General Operatory,10:20,30
A3514,Patient 3514,D396,Filling,General Operatory,09:45,44
A3515,Patient 3515,D31,Filling,General Operatory,14:05,60
A3516,Patient 3516,D693,Filling,General Operatory,10:45,44
A3517,Patient 3517,D561,Checkup/Cleaning,General Operatory,11:10,39
A3518,Patient 3518,D393,Root Canal,Endodontic Operatory,09:55,69
A3519,Patient 3519,D567,Checkup/Cleaning,General Operatory,10:45,40
A3520,Patient 3520,D657,Crown,General Operatory,12:40,48
A3521,Patient 3521,D495,Checkup/Cleaning,General Operatory,11:35,55
A3522,Patient 3522,D657,Checkup/Cleaning,General Operatory,11:40,40
A3523,Patient 3523,D603,Checkup/Cleaning,General Operatory,15:05,51
A3524,Patient 3524,D36,Checkup/Cleaning,General Operatory,14:00,53
A3525,Patient 3525,D469,Root Canal,Endodontic Operatory,09:40,72
A3526,Patient 3526,D379,Root Canal,Endodontic Operatory,11:40,68
A3527,Patient 3527,D389,Filling,General Operatory,11:20,24
A3528,Patient 3528,D706,Checkup/Cleaning,General Operatory,14:05,43
A3529,Patient 3529,D433,Checkup/Cleaning,General Operatory,09:35,32
A3530,Patient 3530,D380,Checkup/Cleaning,General Operatory,13:50,32
A3531,Patient 3531,D721,Root Canal,Endodontic Operatory,09:55,90
A3532,Patient 3532,D2,Root Canal,Endodontic Operatory,11:05,77
A3533,Patient 3533,D409,Extraction,General Operatory,12:55,38
A3534,Patient 3534,D481,Checkup/Cleaning,General Operatory,09:30,49
A3535,Patient 3535,D576,Root Canal,Endodontic Operatory,12:35,73
A3536,Patient 3536,D208,Checkup/Cleaning,General Operatory,11:50,34
A3537,Patient 3537,D744,Filling,General Operatory,11:15,59
A3538,Patient 3538,D398,Extraction,General Operatory,14:05,20
A3539,Patient 3539,D553,Filling,General Operatory,11:00,55
A3540,Patient 3540,D580,Checkup/Cleaning,General Operatory,13:10,46
A3541,Patient 3541,D630,Checkup/Cleaning,General Operatory,10:30,30
A3542,Patient 3542,D440,Checkup/Cleaning,General Operatory,14:10,44
A3543,Patient 3543,D584,Filling,General Operatory,11:25,44
A3544,Patient 3544,D243,Checkup/Cleaning,General Operatory,09:15,60
A3545,Patient 3545,D442,Crown,General Operatory,12:40,54
A3546,Patient 3546,D647,Filling,General Operatory,14:10,55
A3547,Patient 3547,D390,Checkup/Cleaning,General Operatory,13:45,32
A3548,Patient 3548,D586,Filling,General Operatory,09:40,28
A3549,Patient 3549,D370,Checkup/Cleaning,General Operatory,09:40,40
A3550,Patient 3550,D499,Filling,General Operatory,13:00,25
A3551,Patient 3551,D500,Checkup/Cleaning,General Operatory,09:10,49
A3552,Patient 3552,D99,Filling,General Operatory,11:00,55
A3553,Patient 3553,D95,Extraction,General Operatory,10:00,38
A3554,Patient 3554,D447,Checkup/Cleaning,General Operatory,10:25,35
A3555,Patient 3555,D489,Checkup/Cleaning,General Operatory,11:10,48
A3556,Patient 3556,D55,Root Canal,Endodontic Operatory,12:20,88
A3557,Patient 3557,D273,Crown,General Operatory,11:50,33
A3558,Patient 3558,D355,Extraction,General Operatory,09:55,31
A3559,Patient 3559,D327,Filling,General Operatory,09:10,52
A3560,Patient 3560,D592,Checkup/Cleaning,General Operatory,11:20,57
A3561,Patient 3561,D509,Root Canal,Endodontic Operatory,13:20,82
A3562,Patient 3562,D51,Checkup/Cleaning,General Operatory,09:30,42
A3563,Patient 3563,D420,Checkup/Cleaning,General Operatory,12:25,31
A3564,Patient 3564,D217,Root Canal,Endodontic Operatory,11:20,68
A3565,Patient 3565,D182,Filling,General Operatory,13:55,55
A3566,Patient 3566,D739,Crown,General Operatory,10:50,38
A3567,Patient 3567,D92,Filling,General Operatory,09:20,53
A3568,Patient 3568,D706,Checkup/Cleaning,General Operatory,10:50,44
A3569,Patient 3569,D140,X-ray/Imaging,Imaging Room,10:35,10
A3570,Patient 3570,D383,Checkup/Cleaning,General Operatory,09:35,32
A3571,Patient 3571,D576,Extraction,General Operatory,10:55,21
A3572,Patient 3572,D589,Filling,General Operatory,10:50,20
A3573,Patient 3573,D475,Crown,General Operatory,14:20,33
A3574,Patient 3574,D323,Checkup/Cleaning,General Operatory,13:50,32
A3575,Patient 3575,D372,Checkup/Cleaning,General Operatory,11:25,56
A3576,Patient 3576,D55,Root Canal,Endodontic Operatory,10:45,64
A3577,Patient 3577,D34,Filling,General Operatory,10:45,47
A3578,Patient 3578,D697,Checkup/Cleaning,General Operatory,11:25,60
A3579,Patient 3579,D718,Root Canal,Endodontic Operatory,09:35,80
A3580,Patient 3580,D588,Root Canal,Endodontic Operatory,10:30,77
A3581,Patient 3581,D716,Checkup/Cleaning,General Operatory,10:30,55
A3582,Patient 3582,D582,Filling,General Operatory,14:15,46
A3583,Patient 3583,D587,Checkup/Cleaning,General Operatory,11:30,57
A3584,Patient 3584,D135,Filling,General Operatory,10:00,37
A3585,Patient 3585,D424,Root Canal,Endodontic Operatory,10:50,62
A3586,Patient 3586,D145,X-ray/Imaging,Imaging Room,14:50,11
A3587,Patient 3587,D552,Checkup/Cleaning,General Operatory,11:00,58
A3588,Patient 3588,D37,Checkup/Cleaning,General Operatory,10:10,31
A3589,Patient 3589,D575,Extraction,General Operatory,11:00,32
A3590,Patient 3590,D71,Filling,General Operatory,10:10,38
A3591,Patient 3591,D449,Checkup/Cleaning,General Operatory,15:15,54
A3592,Patient 3592,D346,Crown,General Operatory,12:50,34
A3593,Patient 3593,D62,Filling,General Operatory,11:00,37
A3594,Patient 3594,D40,Extraction,General Operatory,11:25,34
A3595,Patient 3595,D562,Checkup/Cleaning,General Operatory,11:30,52
A3596,Patient 3596,D555,Filling,General Operatory,09:55,55
A3597,Patient 3597,D326,Root Canal,Endodontic Operatory,11:25,72
A3598,Patient 3598,D306,Filling,General Operatory,10:40,28
A3599,Patient 3599,D339,Checkup/Cleaning,General Operatory,11:35,44
A3600,Patient 3600,D284,Extraction,General Operatory,11:45,32
A3601,Patient 3601,D635,Checkup/Cleaning,General Operatory,10:15,32
A3602,Patient 3602,D164,Checkup/Cleaning,General Operatory,10:30,35
A3603,Patient 3603,D609,Checkup/Cleaning,General Operatory,10:05,59
A3604,Patient 3604,D110,Checkup/Cleaning,General Operatory,13:55,50
A3605,Patient 3605,D749,Checkup/Cleaning,General Operatory,10:00,49
A3606,Patient 3606,D103,X-ray/Imaging,Imaging Room,10:30,10
A3607,Patient 3607,D398,Checkup/Cleaning,General Operatory,10:55,51
A3608,Patient 3608,D337,Root Canal,Endodontic Operatory,10:00,82
A3609,Patient 3609,D56,Extraction,General Operatory,09:50,25
A3610,Patient 3610,D25,Filling,General Operatory,09:55,59
A3611,Patient 3611,D323,Root Canal,Endodontic Operatory,12:00,89
A3612,Patient 3612,D699,Checkup/Cleaning,General Operatory,10:55,30
A3613,Patient 3613,D187,Filling,General Operatory,14:45,40
A3614,Patient 3614,D366,Crown,General Operatory,09:20,31
A3615,Patient 3615,D428,Root Canal,Endodontic Operatory,09:10,82
A3616,Patient 3616,D328,Checkup/Cleaning,General Operatory,11:25,36
A3617,Patient 3617,D356,X-ray/Imaging,Imaging Room,13:30,15
A3618,Patient 3618,D266,Filling,General Operatory,12:10,59
A3619,Patient 3619,D449,Checkup/Cleaning,General Operatory,15:25,60
A3620,Patient 3620,D103,Root Canal,Endodontic Operatory,09:10,82
A3621,Patient 3621,D475,Filling,General Operatory,11:55,23
A3622,Patient 3622,D691,Filling,General Operatory,10:50,21
A3623,Patient 3623,D50,Checkup/Cleaning,General Operatory,12:50,42
A3624,Patient 3624,D222,X-ray/Imaging,Imaging Room,09:25,15
A3625,Patient 3625,D707,Crown,General Operatory,11:05,33
A3626,Patient 3626,D357,Checkup/Cleaning,General Operatory,09:40,31
A3627,Patient 3627,D47,Filling,General Operatory,10:50,38
A3628,Patient 3628,D556,Checkup/Cleaning,General Operatory,09:20,49
A3629,Patient 3629,D670,Checkup/Cleaning,General Operatory,13:50,49
A3630,Patient 3630,D559,Filling,General Operatory,11:50,35
A3631,Patient 3631,D349,Checkup/Cleaning,General Operatory,11:15,41
A3632,Patient 3632,D35,Checkup/Cleaning,General Operatory,12:45,60
A3633,Patient 3633,D592,Checkup/Cleaning,General Operatory,10:30,30
A3634,Patient 3634,D439,Crown,General Operatory,14:30,59
A3635,Patient 3635,D61,Checkup/Cleaning,General Operatory,14:10,42
A3636,Patient 3636,D489,Checkup/Cleaning,General Operatory,13:50,54
A3637,Patient 3637,D491,Filling,General Operatory,13:00,28
A3638,Patient 3638,D679,Checkup/Cleaning,General Operatory,10:05,57
A3639,Patient 3639,D595,Extraction,General Operatory,15:30,31
A3640,Patient 3640,D22,Checkup/Cleaning,General Operatory,10:10,45
A3641,Patient 3641,D161,Checkup/Cleaning,General Operatory,09:20,30
A3642,Patient 3642,D649,Checkup/Cleaning,General Operatory,10:20,30
A3643,Patient 3643,D218,X-ray/Imaging,Imaging Room,10:05,12
A3644,Patient 3644,D401,Checkup/Cleaning,General Operatory,11:50,33
A3645,Patient 3645,D261,Checkup/Cleaning,General Operatory,10:45,31
A3646,Patient 3646,D678,Crown,General Operatory,14:10,52
A3647,Patient 3647,D225,Root Canal,Endodontic Operatory,09:45,69
A3648,Patient 3648,D72,Checkup/Cleaning,General Operatory,11:20,55
A3649,Patient 3649,D41,Extraction,General Operatory,15:15,33
A3650,Patient 3650,D365,Checkup/Cleaning,General Operatory,14:35,50
A3651,Patient 3651,D570,Crown,General Operatory,12:25,46
A3652,Patient 3652,D15,Checkup/Cleaning,General Operatory,09:10,58
A3653,Patient 3653,D394,Filling,General Operatory,14:20,34
A3654,Patient 3654,D632,Crown,General Operatory,14:05,39
A3655,Patient 3655,D468,Checkup/Cleaning,General Operatory,14:05,58
A3656,Patient 3656,D557,Filling,General Operatory,11:10,56
A3657,Patient 3657,D90,Checkup/Cleaning,General Operatory,13:00,53
A3658,Patient 3658,D320,Checkup/Cleaning,General Operatory,10:00,31
A3659,Patient 3659,D430,Extraction,General Operatory,11:20,25
A3660,Patient 3660,D711,Checkup/Cleaning,General Operatory,11:45,41
A3661,Patient 3661,D192,Checkup/Cleaning,General Operatory,11:15,44
A3662,Patient 3662,D712,Filling,General Operatory,11:30,20
A3663,Patient 3663,D94,Root Canal,Endodontic Operatory,09:15,86
A3664,Patient 3664,D731,Root Canal,Endodontic Operatory,09:55,60
A3665,Patient 3665,D442,Extraction,General Operatory,11:25,25
A3666,Patient 3666,D743,Extraction,General Operatory,10:30,22
A3667,Patient 3667,D128,Filling,General Operatory,10:25,51
A3668,Patient 3668,D703,Filling,General Operatory,11:25,26
A3669,Patient 3669,D115,Filling,General Operatory,10:55,33
A3670,Patient 3670,D341,Filling,General Operatory,11:15,25
A3671,Patient 3671,D321,Filling,General Operatory,14:05,49
A3672,Patient 3672,D172,Extraction,General Operatory,12:55,23
A3673,Patient 3673,D530,Checkup/Cleaning,General Operatory,14:35,31
A3674,Patient 3674,D243,Filling,General Operatory,11:10,58
A3675,Patient 3675,D69,Filling,General Operatory,12:50,44
A3676,Patient 3676,D521,Crown,General Operatory,09:40,45
A3677,Patient 3677,D283,Checkup/Cleaning,General Operatory,09:45,58
A3678,Patient 3678,D674,Checkup/Cleaning,General Operatory,09:20,46
A3679,Patient 3679,D740,Root Canal,Endodontic Operatory,09:10,65
A3680,Patient 3680,D182,Filling,General Operatory,12:40,59
A3681,Patient 3681,D131,Extraction,General Operatory,10:55,27
A3682,Patient 3682,D61,Checkup/Cleaning,General Operatory,12:45,38
A3683,Patient 3683,D286,Extraction,General Operatory,14:25,24
A3684,Patient 3684,D113,Checkup/Cleaning,General Operatory,11:45,60
A3685,Patient 3685,D617,Extraction,General Operatory,10:50,20
A3686,Patient 3686,D643,Extraction,General Operatory,10:30,24
A3687,Patient 3687,D213,X-ray/Imaging,Imaging Room,14:05,12
A3688,Patient 3688,D225,Crown,General Operatory,11:00,34
A3689,Patient 3689,D510,Filling,General Operatory,12:55,28
A3690,Patient 3690,D250,Filling,General Operatory,09:55,32
A3691,Patient 3691,D516,Checkup/Cleaning,General Operatory,11:10,40
A3692,Patient 3692,D260,Filling,General Operatory,12:55,20
A3693,Patient 3693,D353,Extraction,General Operatory,10:15,39
A3694,Patient 3694,D468,Filling,General Operatory,13:45,45
A3695,Patient 3695,D626,Filling,General Operatory,14:25,28
A3696,Patient 3696,D701,Checkup/Cleaning,General Operatory,12:50,35
A3697,Patient 3697,D426,Extraction,General Operatory,12:40,22
A3698,Patient 3698,D388,Crown,General Operatory,14:25,31
A3699,Patient 3699,D597,Extraction,General Operatory,10:55,36
A3700,Patient 3700,D30,Checkup/Cleaning,General Operatory,10:55,56
A3701,Patient 3701,D283,Checkup/Cleaning,General Operatory,10:00,42
A3702,Patient 3702,D155,Filling,General Operatory,11:15,32
A3703,Patient 3703,D499,Checkup/Cleaning,General Operatory,11:40,31
A3704,Patient 3704,D571,Crown,General Operatory,10:10,56
A3705,Patient 3705,D472,X-ray/Imaging,Imaging Room,12:40,10
A3706,Patient 3706,D718,Filling,General Operatory,09:45,29
A3707,Patient 3707,D525,Root Canal,Endodontic Operatory,09:40,71
A3708,Patient 3708,D311,Filling,General Operatory,11:15,36
A3709,Patient 3709,D452,X-ray/Imaging,Imaging Room,11:10,13
A3710,Patient 3710,D620,Root Canal,Endodontic Operatory,10:15,82
A3711,Patient 3711,D427,Checkup/Cleaning,General Operatory,14:20,39
A3712,Patient 3712,D386,Checkup/Cleaning,General Operatory,10:55,36
A3713,Patient 3713,D395,Checkup/Cleaning,General Operatory,11:05,58
A3714,Patient 3714,D91,Checkup/Cleaning,General Operatory,10:05,34
A3715,Patient 3715,D421,Extraction,General Operatory,13:20,30
A3716,Patient 3716,D713,Checkup/Cleaning,General Operatory,10:50,51
A3717,Patient 3717,D696,Filling,General Operatory,12:35,52
A3718,Patient 3718,D547,Extraction,General Operatory,14:20,39
A3719,Patient 3719,D101,Extraction,General Operatory,09:50,33
A3720,Patient 3720,D246,Extraction,General Operatory,13:30,22
A3721,Patient 3721,D585,Extraction,General Operatory,09:25,28
A3722,Patient 3722,D574,Checkup/Cleaning,General Operatory,11:05,37
A3723,Patient 3723,D472,X-ray/Imaging,Imaging Room,12:25,11
A3724,Patient 3724,D374,Filling,General Operatory,11:00,34
A3725,Patient 3725,D208,Crown,General Operatory,14:30,31
A3726,Patient 3726,D80,Checkup/Cleaning,General Operatory,12:40,56
A3727,Patient 3727,D512,Filling,General Operatory,12:55,43
A3728,Patient 3728,D379,Crown,General Operatory,13:00,54
A3729,Patient 3729,D707,Filling,General Operatory,12:35,37
A3730,Patient 3730,D465,Filling,General Operatory,11:10,37
A3731,Patient 3731,D344,Crown,General Operatory,10:10,41
A3732,Patient 3732,D380,Filling,General Operatory,12:40,37
A3733,Patient 3733,D746,Filling,General Operatory,11:15,52
A3734,Patient 3734,D442,Checkup/Cleaning,General Operatory,10:50,38
A3735,Patient 3735,D182,Checkup/Cleaning,General Operatory,11:20,41
A3736,Patient 3736,D715,Crown,General Operatory,10:25,48
A3737,Patient 3737,D314,Filling,General Operatory,11:10,41
A3738,Patient 3738,D611,Checkup/Cleaning,General Operatory,10:20,55
A3739,Patient 3739,D391,Filling,General Operatory,09:15,48
A3740,Patient 3740,D246,Checkup/Cleaning,General Operatory,11:15,57
A3741,Patient 3741,D246,Filling,General Operatory,10:00,57
A3742,Patient 3742,D186,Filling,General Operatory,10:00,38
A3743,Patient 3743,D667,Filling,General Operatory,09:20,32
A3744,Patient 3744,D426,Root Canal,Endodontic Operatory,15:10,69
A3745,Patient 3745,D317,Checkup/Cleaning,General Operatory,10:10,55
A3746,Patient 3746,D581,Filling,General Operatory,09:50,49
A3747,Patient 3747,D698,Crown,General Operatory,12:55,30
A3748,Patient 3748,D508,Crown,General Operatory,12:20,56
A3749,Patient 3749,D146,Crown,General Operatory,10:25,32
A3750,Patient 3750,D458,Checkup/Cleaning,General Operatory,12:50,59
A3751,Patient 3751,D326,Checkup/Cleaning,General Operatory,11:25,41
A3752,Patient 3752,D181,Filling,General Operatory,11:30,52
A3753,Patient 3753,D266,Checkup/Cleaning,General Operatory,14:05,51
A3754,Patient 3754,D50,Checkup/Cleaning,General Operatory,13:55,36
A3755,Patient 3755,D664,Crown,General Operatory,09:40,51
A3756,Patient 3756,D421,Root Canal,Endodontic Operatory,12:25,88
A3757,Patient 3757,D228,Crown,General Operatory,09:55,44
A3758,Patient 3758,D592,Filling,General Operatory,10:00,40
A3759,Patient 3759,D200,Filling,General Operatory,11:20,27
A3760,Patient 3760,D662,Root Canal,Endodontic Operatory,11:15,89
A3761,Patient 3761,D718,Filling,General Operatory,11:45,29
A3762,Patient 3762,D550,Checkup/Cleaning,General Operatory,12:25,59
A3763,Patient 3763,D665,Filling,General Operatory,10:50,22
A3764,Patient 3764,D156,Filling,General Operatory,10:40,31
A3765,Patient 3765,D68,Checkup/Cleaning,General Operatory,11:25,40
A3766,Patient 3766,D123,Filling,General Operatory,12:20,58
A3767,Patient 3767,D588,Extraction,General Operatory,11:35,23
A3768,Patient 3768,D408,Filling,General Operatory,10:25,60
A3769,Patient 3769,D507,X-ray/Imaging,Imaging Room,10:55,10
A3770,Patient 3770,D203,Filling,General Operatory,10:00,42
A3771,Patient 3771,D531,Root Canal,Endodontic Operatory,10:15,65
A3772,Patient 3772,D616,Extraction,General Operatory,11:10,38
A3773,Patient 3773,D497,Root Canal,Endodontic Operatory,10:05,71
A3774,Patient 3774,D631,Filling,General Operatory,09:55,33
A3775,Patient 3775,D174,Checkup/Cleaning,General Operatory,11:30,52
A3776,Patient 3776,D233,Extraction,General Operatory,14:25,26
A3777,Patient 3777,D623,Checkup/Cleaning,General Operatory,11:45,39
A3778,Patient 3778,D708,Extraction,General Operatory,11:40,27
A3779,Patient 3779,D231,Checkup/Cleaning,General Operatory,12:15,43
A3780,Patient 3780,D520,Filling,General Operatory,12:45,22
A3781,Patient 3781,D94,Crown,General Operatory,09:50,47
A3782,Patient 3782,D524,Checkup/Cleaning,General Operatory,09:55,49
A3783,Patient 3783,D518,Root Canal,Endodontic Operatory,13:45,86
A3784,Patient 3784,D391,Checkup/Cleaning,General Operatory,10:00,30
A3785,Patient 3785,D160,Filling,General Operatory,11:05,42
A3786,Patient 3786,D228,Crown,General Operatory,11:00,47
A3787,Patient 3787,D648,X-ray/Imaging,Imaging Room,11:20,15
A3788,Patient 3788,D683,Root Canal,Endodontic Operatory,09:50,80
A3789,Patient 3789,D547,Crown,General Operatory,12:40,54
A3790,Patient 3790,D206,Checkup/Cleaning,General Operatory,09:55,54
A3791,Patient 3791,D149,Checkup/Cleaning,General Operatory,10:50,60
A3792,Patient 3792,D146,X-ray/Imaging,Imaging Room,10:45,15
A3793,Patient 3793,D650,Checkup/Cleaning,General Operatory,11:25,49
A3794,Patient 3794,D158,Checkup/Cleaning,General Operatory,11:35,51
A3795,Patient 3795,D158,Extraction,General Operatory,11:20,40
A3796,Patient 3796,D183,Extraction,General Operatory,09:55,31
A3797,Patient 3797,D387,Checkup/Cleaning,General Operatory,13:55,58
A3798,Patient 3798,D217,Filling,General Operatory,10:10,23
A3799,Patient 3799,D651,Root Canal,Endodontic Operatory,11:00,75
A3800,Patient 3800,D69,Crown,General Operatory,12:50,33
A3801,Patient 3801,D279,Filling,General Operatory,09:50,51
A3802,Patient 3802,D242,Checkup/Cleaning,General Operatory,11:25,51
A3803,Patient 3803,D573,Crown,General Operatory,09:40,54
A3804,Patient 3804,D332,Checkup/Cleaning,General Operatory,12:35,58
A3805,Patient 3805,D226,Root Canal,Endodontic Operatory,12:10,65
A3806,Patient 3806,D521,Root Canal,Endodontic Operatory,09:50,81
A3807,Patient 3807,D585,Root Canal,Endodontic Operatory,10:35,75
A3808,Patient 3808,D396,Checkup/Cleaning,General Operatory,11:40,53
A3809,Patient 3809,D47,Filling,General Operatory,13:50,36
A3810,Patient 3810,D179,Crown,General Operatory,09:30,51
A3811,Patient 3811,D89,Filling,General Operatory,09:15,37
A3812,Patient 3812,D580,Root Canal,Endodontic Operatory,11:20,81
A3813,Patient 3813,D439,Checkup/Cleaning,General Operatory,12:40,48
A3814,Patient 3814,D591,Extraction,General Operatory,11:25,38
A3815,Patient 3815,D329,Filling,General Operatory,09:55,51
A3816,Patient 3816,D62,Filling,General Operatory,11:35,20
A3817,Patient 3817,D19,Checkup/Cleaning,General Operatory,09:45,43
A3818,Patient 3818,D73,Extraction,General Operatory,11:20,40
A3819,Patient 3819,D140,Extraction,General Operatory,09:30,22
A3820,Patient 3820,D76,Crown,General Operatory,11:10,48
A3821,Patient 3821,D636,Filling,General Operatory,13:05,54
A3822,Patient 3822,D416,Checkup/Cleaning,General Operatory,14:00,60
A3823,Patient 3823,D221,Checkup/Cleaning,General Operatory,10:20,43
A3824,Patient 3824,D237,Checkup/Cleaning,General Operatory,14:15,49
A3825,Patient 3825,D136,Filling,General Operatory,13:40,44
A3826,Patient 3826,D472,X-ray/Imaging,Imaging Room,14:30,15
A3827,Patient 3827,D548,Extraction,General Operatory,13:10,40
A3828,Patient 3828,D361,Checkup/Cleaning,General Operatory,09:50,50
A3829,Patient 3829,D702,Filling,General Operatory,09:15,39
A3830,Patient 3830,D618,Checkup/Cleaning,General Operatory,12:30,54
A3831,Patient 3831,D317,Checkup/Cleaning,General Operatory,13:10,60
A3832,Patient 3832,D653,Checkup/Cleaning,General Operatory,10:55,37
A3833,Patient 3833,D47,Checkup/Cleaning,General Operatory,11:05,48
A3834,Patient 3834,D25,Root Canal,Endodontic Operatory,11:05,75
A3835,Patient 3835,D279,X-ray/Imaging,Imaging Room,11:15,14
A3836,Patient 3836,D291,Filling,General Operatory,09:55,23
A3837,Patient 3837,D431,X-ray/Imaging,Imaging Room,12:40,13
A3838,Patient 3838,D317,Filling,General Operatory,11:35,47
A3839,Patient 3839,D305,Filling,General Operatory,11:25,57
A3840,Patient 3840,D92,Filling,General Operatory,10:15,32
A3841,Patient 3841,D437,Extraction,General Operatory,12:40,21
A3842,Patient 3842,D34,Checkup/Cleaning,General Operatory,10:10,37
A3843,Patient 3843,D716,Checkup/Cleaning,General Operatory,09:45,36
A3844,Patient 3844,D396,X-ray/Imaging,Imaging Room,12:00,14
A3845,Patient 3845,D191,X-ray/Imaging,Imaging Room,09:20,13
A3846,Patient 3846,D651,Filling,General Operatory,09:45,42
A3847,Patient 3847,D713,Filling,General Operatory,10:50,40
A3848,Patient 3848,D712,Filling,General Operatory,12:35,49
A3849,Patient 3849,D184,Filling,General Operatory,09:45,27
A3850,Patient 3850,D165,Filling,General Operatory,12:35,33
A3851,Patient 3851,D241,X-ray/Imaging,Imaging Room,11:05,12
A3852,Patient 3852,D538,Extraction,General Operatory,11:50,37
A3853,Patient 3853,D344,Extraction,General Operatory,11:45,31
A3854,Patient 3854,D674,Filling,General Operatory,10:05,39
A3855,Patient 3855,D300,Extraction,General Operatory,13:05,29
A3856,Patient 3856,D75,Root Canal,Endodontic Operatory,12:35,69
A3857,Patient 3857,D406,Filling,General Operatory,13:45,58
A3858,Patient 3858,D623,Checkup/Cleaning,General Operatory,14:15,52
A3859,Patient 3859,D283,Filling,General Operatory,09:45,38
A3860,Patient 3860,D277,Crown,General Operatory,11:20,38
A3861,Patient 3861,D693,Root Canal,Endodontic Operatory,13:30,82
A3862,Patient 3862,D150,Checkup/Cleaning,General Operatory,10:20,48
A3863,Patient 3863,D431,Checkup/Cleaning,General Operatory,12:20,53
A3864,Patient 3864,D590,Extraction,General Operatory,14:15,37
A3865,Patient 3865,D597,Crown,General Operatory,11:00,38
A3866,Patient 3866,D162,Checkup/Cleaning,General Operatory,14:55,30
A3867,Patient 3867,D457,Checkup/Cleaning,General Operatory,09:50,52
A3868,Patient 3868,D491,Root Canal,Endodontic Operatory,11:20,75
A3869,Patient 3869,D532,Checkup/Cleaning,General Operatory,14:10,39
A3870,Patient 3870,D380,Checkup/Cleaning,General Operatory,13:40,55
A3871,Patient 3871,D129,Checkup/Cleaning,General Operatory,09:30,30
A3872,Patient 3872,D285,Filling,General Operatory,11:20,39
A3873,Patient 3873,D152,Extraction,General Operatory,13:50,27
A3874,Patient 3874,D29,Checkup/Cleaning,General Operatory,11:20,53
A3875,Patient 3875,D110,Checkup/Cleaning,General Operatory,11:15,33
A3876,Patient 3876,D342,Crown,General Operatory,12:40,57
A3877,Patient 3877,D724,Filling,General Operatory,12:55,32
A3878,Patient 3878,D346,Extraction,General Operatory,11:20,35
A3879,Patient 3879,D441,X-ray/Imaging,Imaging Room,11:25,10
A3880,Patient 3880,D224,Crown,General Operatory,13:05,38
A3881,Patient 3881,D566,Checkup/Cleaning,General Operatory,14:05,38
A3882,Patient 3882,D407,Filling,General Operatory,09:25,25
A3883,Patient 3883,D556,Filling,General Operatory,09:30,23
A3884,Patient 3884,D188,Checkup/Cleaning,General Operatory,10:55,43
A3885,Patient 3885,D35,Crown,General Operatory,12:45,36
A3886,Patient 3886,D300,Checkup/Cleaning,General Operatory,09:50,43
A3887,Patient 3887,D20,Checkup/Cleaning,General Operatory,11:45,51
A3888,Patient 3888,D426,Filling,General Operatory,15:40,45
A3889,Patient 3889,D29,Checkup/Cleaning,General Operatory,10:40,55
A3890,Patient 3890,D728,Extraction,General Operatory,10:55,24
A3891,Patient 3891,D391,Root Canal,Endodontic Operatory,09:10,90
A3892,Patient 3892,D670,Checkup/Cleaning,General Operatory,12:40,51
A3893,Patient 3893,D293,Checkup/Cleaning,General Operatory,09:10,38
A3894,Patient 3894,D310,Checkup/Cleaning,General Operatory,09:55,40
A3895,Patient 3895,D234,Filling,General Operatory,09:55,43
A3896,Patient 3896,D166,Root Canal,Endodontic Operatory,10:05,79
A3897,Patient 3897,D401,Checkup/Cleaning,General Operatory,14:30,44
A3898,Patient 3898,D748,Crown,General Operatory,11:05,59
A3899,Patient 3899,D204,Checkup/Cleaning,General Operatory,10:25,46
A3900,Patient 3900,D240,Checkup/Cleaning,General Operatory,09:30,30
A3901,Patient 3901,D411,Filling,General Operatory,09:25,26
A3902,Patient 3902,D11,Checkup/Cleaning,General Operatory,09:25,37
A3903,Patient 3903,D419,Filling,General Operatory,12:55,24
A3904,Patient 3904,D687,Crown,General Operatory,11:30,55
A3905,Patient 3905,D11,Filling,General Operatory,09:40,47
A3906,Patient 3906,D625,Extraction,General Operatory,09:50,30
A3907,Patient 3907,D178,Checkup/Cleaning,General Operatory,09:50,41
A3908,Patient 3908,D81,Crown,General Operatory,10:25,35
A3909,Patient 3909,D570,Root Canal,Endodontic Operatory,12:05,86
A3910,Patient 3910,D241,Checkup/Cleaning,General Operatory,10:40,38
A3911,Patient 3911,D48,Checkup/Cleaning,General Operatory,11:20,39
A3912,Patient 3912,D596,Root Canal,Endodontic Operatory,13:35,85
A3913,Patient 3913,D94,Filling,General Operatory,09:20,30
A3914,Patient 3914,D300,Checkup/Cleaning,General Operatory,10:15,41
A3915,Patient 3915,D740,Filling,General Operatory,11:05,36
A3916,Patient 3916,D474,Extraction,General Operatory,15:50,23
A3917,Patient 3917,D658,Extraction,General Operatory,12:30,35
A3918,Patient 3918,D424,Checkup/Cleaning,General Operatory,11:35,55
A3919,Patient 3919,D188,Crown,General Operatory,12:40,31
A3920,Patient 3920,D656,Filling,General Operatory,14:25,54
A3921,Patient 3921,D158,Root Canal,Endodontic Operatory,10:20,75
A3922,Patient 3922,D348,Filling,General Operatory,09:20,24
A3923,Patient 3923,D325,Filling,General Operatory,15:20,57
A3924,Patient 3924,D395,Filling,General Operatory,10:00,54
A3925,Patient 3925,D520,Extraction,General Operatory,11:20,24
A3926,Patient 3926,D256,Extraction,General Operatory,12:50,34
A3927,Patient 3927,D191,Checkup/Cleaning,General Operatory,09:15,32
A3928,Patient 3928,D123,Filling,General Operatory,11:00,52
A3929,Patient 3929,D714,Checkup/Cleaning,General Operatory,14:00,52
A3930,Patient 3930,D629,Checkup/Cleaning,General Operatory,11:10,59
A3931,Patient 3931,D51,Crown,General Operatory,09:50,45
A3932,Patient 3932,D645,Crown,General Operatory,09:30,49
A3933,Patient 3933,D107,Filling,General Operatory,12:45,59
A3934,Patient 3934,D712,Filling,General Operatory,11:15,58
A3935,Patient 3935,D506,Checkup/Cleaning,General Operatory,10:15,35
A3936,Patient 3936,D398,Extraction,General Operatory,11:20,27
A3937,Patient 3937,D466,Checkup/Cleaning,General Operatory,10:10,30
A3938,Patient 3938,D154,Checkup/Cleaning,General Operatory,09:35,42
A3939,Patient 3939,D696,Checkup/Cleaning,General Operatory,11:45,55
A3940,Patient 3940,D662,Filling,General Operatory,09:10,32
A3941,Patient 3941,D709,Filling,General Operatory,11:05,32
A3942,Patient 3942,D302,Checkup/Cleaning,General Operatory,14:55,58
A3943,Patient 3943,D313,Filling,General Operatory,12:40,53
A3944,Patient 3944,D614,Filling,General Operatory,09:25,41
A3945,Patient 3945,D476,Checkup/Cleaning,General Operatory,09:35,35
A3946,Patient 3946,D629,Extraction,General Operatory,14:05,36
A3947,Patient 3947,D74,Extraction,General Operatory,10:15,30
A3948,Patient 3948,D509,Checkup/Cleaning,General Operatory,11:10,52
A3949,Patient 3949,D438,Extraction,General Operatory,11:25,26
A3950,Patient 3950,D325,Filling,General Operatory,11:15,37
A3951,Patient 3951,D510,Filling,General Operatory,10:10,30
A3952,Patient 3952,D581,Checkup/Cleaning,General Operatory,10:10,43
A3953,Patient 3953,D358,Filling,General Operatory,14:55,29
A3954,Patient 3954,D138,Checkup/Cleaning,General Operatory,12:50,41
A3955,Patient 3955,D155,Filling,General Operatory,11:05,27
A3956,Patient 3956,D421,Checkup/Cleaning,General Operatory,13:05,34
A3957,Patient 3957,D324,Root Canal,Endodontic Operatory,13:45,82
A3958,Patient 3958,D239,Filling,General Operatory,12:45,49
A3959,Patient 3959,D662,Filling,General Operatory,10:35,59
A3960,Patient 3960,D681,Root Canal,Endodontic Operatory,09:35,65
A3961,Patient 3961,D387,Checkup/Cleaning,General Operatory,12:50,51
A3962,Patient 3962,D527,Checkup/Cleaning,General Operatory,12:55,51
A3963,Patient 3963,D100,Checkup/Cleaning,General Operatory,11:00,53
A3964,Patient 3964,D671,Filling,General Operatory,09:30,22
A3965,Patient 3965,D588,Filling,General Operatory,10:45,34
A3966,Patient 3966,D66,Root Canal,Endodontic Operatory,09:50,62
A3967,Patient 3967,D97,Crown,General Operatory,14:15,35
A3968,Patient 3968,D382,Extraction,General Operatory,12:50,36
A3969,Patient 3969,D729,Filling,General Operatory,11:45,29
A3970,Patient 3970,D557,Filling,General Operatory,10:05,51
A3971,Patient 3971,D9,Checkup/Cleaning,General Operatory,09:40,48
A3972,Patient 3972,D335,Checkup/Cleaning,General Operatory,10:10,47
A3973,Patient 3973,D317,X-ray/Imaging,Imaging Room,14:30,11
A3974,Patient 3974,D44,Root Canal,Endodontic Operatory,14:00,65
A3975,Patient 3975,D510,Filling,General Operatory,11:25,53
A3976,Patient 3976,D322,Filling,General Operatory,14:05,44
A3977,Patient 3977,D289,Crown,General Operatory,13:00,42
A3978,Patient 3978,D122,Filling,General Operatory,09:30,28
A3979,Patient 3979,D675,Checkup/Cleaning,General Operatory,11:10,49
A3980,Patient 3980,D149,Checkup/Cleaning,General Operatory,10:45,36
A3981,Patient 3981,D313,Extraction,General Operatory,12:30,21
A3982,Patient 3982,D627,Checkup/Cleaning,General Operatory,14:20,36
A3983,Patient 3983,D289,Extraction,General Operatory,12:50,36
A3984,Patient 3984,D93,Filling,General Operatory,11:15,59
A3985,Patient 3985,D417,Filling,General Operatory,10:35,58
A3986,Patient 3986,D590,Extraction,General Operatory,14:00,23
A3987,Patient 3987,D527,Extraction,General Operatory,13:25,23
A3988,Patient 3988,D21,Checkup/Cleaning,General Operatory,11:35,58
A3989,Patient 3989,D420,Checkup/Cleaning,General Operatory,13:45,52
A3990,Patient 3990,D724,Checkup/Cleaning,General Operatory,12:30,30
A3991,Patient 3991,D166,Filling,General Operatory,11:00,32
A3992,Patient 3992,D194,Crown,General Operatory,12:55,30
A3993,Patient 3993,D48,Checkup/Cleaning,General Operatory,11:30,35
A3994,Patient 3994,D543,Crown,General Operatory,12:40,47
A3995,Patient 3995,D364,Filling,General Operatory,10:30,30
A3996,Patient 3996,D176,Extraction,General Operatory,15:50,38
A3997,Patient 3997,D64,Checkup/Cleaning,General Operatory,14:05,42
A3998,Patient 3998,D168,Root Canal,Endodontic Operatory,11:15,84
A3999,Patient 3999,D233,Checkup/Cleaning,General Operatory,11:15,47
A4000,Patient 4000,D625,Crown,General Operatory,14:15,51
A4001,Patient 4001,D220,Root Canal,Endodontic Operatory,12:30,73
A4002,Patient 4002,D518,Checkup/Cleaning,General Operatory,13:20,33
A4003,Patient 4003,D413,Checkup/Cleaning,General Operatory,10:00,44
A4004,Patient 4004,D445,Filling,General Operatory,09:50,26
A4005,Patient 4005,D195,Checkup/Cleaning,General Operatory,15:15,46
A4006,Patient 4006,D206,Crown,General Operatory,10:30,52
A4007,Patient 4007,D102,Extraction,General Operatory,10:45,36
A4008,Patient 4008,D358,Crown,General Operatory,13:15,44
A4009,Patient 4009,D746,Crown,General Operatory,11:30,46
A4010,Patient 4010,D726,Crown,General Operatory,10:25,53
A4011,Patient 4011,D416,X-ray/Imaging,Imaging Room,12:45,13
A4012,Patient 4012,D98,Extraction,General Operatory,15:55,33
A4013,Patient 4013,D741,Filling,General Operatory,09:05,57
A4014,Patient 4014,D651,Crown,General Operatory,10:30,47
A4015,Patient 4015,D670,Root Canal,Endodontic Operatory,14:55,67
A4016,Patient 4016,D637,Checkup/Cleaning,General Operatory,10:10,49
A4017,Patient 4017,D120,Filling,General Operatory,13:40,52
A4018,Patient 4018,D361,X-ray/Imaging,Imaging Room,11:20,13
A4019,Patient 4019,D659,Checkup/Cleaning,General Operatory,11:30,52
A4020,Patient 4020,D677,Filling,General Operatory,14:00,21
A4021,Patient 4021,D719,Filling,General Operatory,14:05,43
A4022,Patient 4022,D547,Filling,General Operatory,14:10,30
A4023,Patient 4023,D589,Root Canal,Endodontic Operatory,10:10,64
A4024,Patient 4024,D210,Checkup/Cleaning,General Operatory,13:15,46
A4025,Patient 4025,D167,Checkup/Cleaning,General Operatory,14:00,37
A4026,Patient 4026,D688,Filling,General Operatory,09:35,60
A4027,Patient 4027,D306,Crown,General Operatory,11:40,48
A4028,Patient 4028,D24,Filling,General Operatory,11:15,60
A4029,Patient 4029,D633,Filling,General Operatory,12:10,57
A4030,Patient 4030,D449,Filling,General Operatory,12:15,45
A4031,Patient 4031,D576,Checkup/Cleaning,General Operatory,14:00,55
A4032,Patient 4032,D315,Extraction,General Operatory,11:50,35
A4033,Patient 4033,D361,Extraction,General Operatory,10:15,38
A4034,Patient 4034,D283,Checkup/Cleaning,General Operatory,09:45,46
A4035,Patient 4035,D517,Root Canal,Endodontic Operatory,12:35,63
A4036,Patient 4036,D249,Checkup/Cleaning,General Operatory,13:20,44
A4037,Patient 4037,D352,Checkup/Cleaning,General Operatory,13:10,53
A4038,Patient 4038,D547,Checkup/Cleaning,General Operatory,12:50,42
A4039,Patient 4039,D547,Checkup/Cleaning,General Operatory,12:15,39
A4040,Patient 4040,D620,Checkup/Cleaning,General Operatory,13:00,50
A4041,Patient 4041,D11,Checkup/Cleaning,General Operatory,09:10,35
A4042,Patient 4042,D168,Filling,General Operatory,10:10,49
A4043,Patient 4043,D410,Checkup/Cleaning,General Operatory,09:10,49
A4044,Patient 4044,D558,Checkup/Cleaning,General Operatory,11:20,47
A4045,Patient 4045,D368,Filling,General Operatory,11:20,34
A4046,Patient 4046,D553,Filling,General Operatory,11:20,32
A4047,Patient 4047,D338,Filling,General Operatory,10:35,54
A4048,Patient 4048,D634,Filling,General Operatory,09:50,50
A4049,Patient 4049,D567,Checkup/Cleaning,General Operatory,09:05,57
A4050,Patient 4050,D153,Crown,General Operatory,15:30,44
A4051,Patient 4051,D14,Checkup/Cleaning,General Operatory,10:10,36
A4052,Patient 4052,D738,Filling,General Operatory,11:20,45
A4053,Patient 4053,D611,Filling,General Operatory,09:35,33
A4054,Patient 4054,D397,Checkup/Cleaning,General Operatory,10:25,47
A4055,Patient 4055,D197,Root Canal,Endodontic Operatory,12:40,77
A4056,Patient 4056,D443,Filling,General Operatory,14:20,23
A4057,Patient 4057,D739,Crown,General Operatory,11:15,50
A4058,Patient 4058,D484,Checkup/Cleaning,General Operatory,10:20,58
A4059,Patient 4059,D32,Checkup/Cleaning,General Operatory,10:10,54
A4060,Patient 4060,D382,Crown,General Operatory,10:00,33
A4061,Patient 4061,D278,Crown,General Operatory,12:20,39
A4062,Patient 4062,D616,Filling,General Operatory,10:25,22
A4063,Patient 4063,D281,Extraction,General Operatory,11:00,33
A4064,Patient 4064,D384,Checkup/Cleaning,General Operatory,09:30,60
A4065,Patient 4065,D146,Root Canal,Endodontic Operatory,09:25,64
A4066,Patient 4066,D353,Extraction,General Operatory,14:45,33
A4067,Patient 4067,D141,Checkup/Cleaning,General Operatory,15:20,43
A4068,Patient 4068,D189,Crown,General Operatory,10:25,35
A4069,Patient 4069,D9,Checkup/Cleaning,General Operatory,10:50,36
A4070,Patient 4070,D451,Root Canal,Endodontic Operatory,10:00,68
A4071,Patient 4071,D492,Crown,General Operatory,10:50,39
A4072,Patient 4072,D702,Root Canal,Endodontic Operatory,10:25,71
A4073,Patient 4073,D616,Filling,General Operatory,09:25,30
A4074,Patient 4074,D548,Checkup/Cleaning,General Operatory,11:20,30
A4075,Patient 4075,D141,Checkup/Cleaning,General Operatory,12:20,53
A4076,Patient 4076,D105,Checkup/Cleaning,General Operatory,11:35,56
A4077,Patient 4077,D58,Checkup/Cleaning,General Operatory,12:25,37
A4078,Patient 4078,D675,Checkup/Cleaning,General Operatory,15:20,32
A4079,Patient 4079,D735,Root Canal,Endodontic Operatory,15:30,67
A4080,Patient 4080,D147,Extraction,General Operatory,11:25,34
A4081,Patient 4081,D436,Root Canal,Endodontic Operatory,10:45,77
A4082,Patient 4082,D750,Checkup/Cleaning,General Operatory,14:00,41
A4083,Patient 4083,D730,Extraction,General Operatory,10:00,37
A4084,Patient 4084,D186,Filling,General Operatory,10:10,39
A4085,Patient 4085,D144,Extraction,General Operatory,10:10,30
A4086,Patient 4086,D119,X-ray/Imaging,Imaging Room,10:20,12
A4087,Patient 4087,D630,Checkup/Cleaning,General Operatory,09:30,32
A4088,Patient 4088,D54,Filling,General Operatory,09:30,60
A4089,Patient 4089,D316,Filling,General Operatory,12:45,36
A4090,Patient 4090,D315,Checkup/Cleaning,General Operatory,14:35,37
A4091,Patient 4091,D654,Checkup/Cleaning,General Operatory,10:00,54
A4092,Patient 4092,D449,Crown,General Operatory,13:50,53
A4093,Patient 4093,D115,Root Canal,Endodontic Operatory,09:40,87
A4094,Patient 4094,D365,Filling,General Operatory,11:20,56
A4095,Patient 4095,D267,Checkup/Cleaning,General Operatory,12:45,58
A4096,Patient 4096,D38,Checkup/Cleaning,General Operatory,11:00,45
A4097,Patient 4097,D32,Checkup/Cleaning,General Operatory,13:00,33
A4098,Patient 4098,D432,Checkup/Cleaning,General Operatory,09:55,55
A4099,Patient 4099,D246,Root Canal,Endodontic Operatory,12:35,76
A4100,Patient 4100,D438,Crown,General Operatory,12:45,46
A4101,Patient 4101,D548,Crown,General Operatory,12:35,55
A4102,Patient 4102,D362,Root Canal,Endodontic Operatory,12:50,75
A4103,Patient 4103,D202,Checkup/Cleaning,General Operatory,13:00,56
A4104,Patient 4104,D189,Checkup/Cleaning,General Operatory,11:25,32
A4105,Patient 4105,D126,Filling,General Operatory,11:35,39
A4106,Patient 4106,D677,Checkup/Cleaning,General Operatory,13:55,40
A4107,Patient 4107,D495,Root Canal,Endodontic Operatory,10:10,85
A4108,Patient 4108,D104,Filling,General Operatory,11:45,26
A4109,Patient 4109,D703,Filling,General Operatory,11:40,38
A4110,Patient 4110,D509,Checkup/Cleaning,General Operatory,12:35,45
A4111,Patient 4111,D167,Filling,General Operatory,13:45,45
A4112,Patient 4112,D318,Checkup/Cleaning,General Operatory,11:15,56
A4113,Patient 4113,D602,Extraction,General Operatory,13:00,28
A4114,Patient 4114,D441,Checkup/Cleaning,General Operatory,09:45,58
A4115,Patient 4115,D625,Filling,General Operatory,14:00,57
A4116,Patient 4116,D707,Checkup/Cleaning,General Operatory,14:25,31
A4117,Patient 4117,D568,Checkup/Cleaning,General Operatory,12:45,37
A4118,Patient 4118,D545,Crown,General Operatory,10:40,56
A4119,Patient 4119,D168,Checkup/Cleaning,General Operatory,13:25,32
A4120,Patient 4120,D420,Extraction,General Operatory,12:25,29
A4121,Patient 4121,D667,Checkup/Cleaning,General Operatory,11:05,38
A4122,Patient 4122,D530,Checkup/Cleaning,General Operatory,14:40,54
A4123,Patient 4123,D742,Filling,General Operatory,12:20,43
A4124,Patient 4124,D575,Crown,General Operatory,15:40,41
A4125,Patient 4125,D337,Extraction,General Operatory,10:25,38
A4126,Patient 4126,D130,Crown,General Operatory,09:45,53
A4127,Patient 4127,D53,Checkup/Cleaning,General Operatory,11:55,32
A4128,Patient 4128,D474,Extraction,General Operatory,14:20,39
A4129,Patient 4129,D76,Root Canal,Endodontic Operatory,14:00,69
A4130,Patient 4130,D193,Extraction,General Operatory,09:40,34
A4131,Patient 4131,D15,Crown,General Operatory,10:55,54
A4132,Patient 4132,D307,Crown,General Operatory,09:55,38
A4133,Patient 4133,D273,Root Canal,Endodontic Operatory,10:10,66
A4134,Patient 4134,D164,Filling,General Operatory,10:35,45
A4135,Patient 4135,D85,Checkup/Cleaning,General Operatory,10:35,36
A4136,Patient 4136,D215,Filling,General Operatory,14:35,41
A4137,Patient 4137,D550,Checkup/Cleaning,General Operatory,14:00,32
A4138,Patient 4138,D625,X-ray/Imaging,Imaging Room,15:05,13
A4139,Patient 4139,D82,Checkup/Cleaning,General Operatory,12:45,59
A4140,Patient 4140,D12,Crown,General Operatory,11:15,30
A4141,Patient 4141,D673,Crown,General Operatory,14:30,60
A4142,Patient 4142,D646,Root Canal,Endodontic Operatory,10:05,86
A4143,Patient 4143,D480,Filling,General Operatory,12:20,43
A4144,Patient 4144,D574,Crown,General Operatory,12:45,59
A4145,Patient 4145,D213,Checkup/Cleaning,General Operatory,12:15,55
A4146,Patient 4146,D644,Root Canal,Endodontic Operatory,10:45,70
A4147,Patient 4147,D552,Root Canal,Endodontic Operatory,10:35,84
A4148,Patient 4148,D13,Root Canal,Endodontic Operatory,09:45,81
A4149,Patient 4149,D130,Extraction,General Operatory,10:50,20
A4150,Patient 4150,D125,Filling,General Operatory,10:45,57
A4151,Patient 4151,D255,X-ray/Imaging,Imaging Room,09:50,14
A4152,Patient 4152,D486,Checkup/Cleaning,General Operatory,14:20,50
A4153,Patient 4153,D358,Checkup/Cleaning,General Operatory,11:10,53
A4154,Patient 4154,D588,Checkup/Cleaning,General Operatory,10:20,46
A4155,Patient 4155,D104,Crown,General Operatory,09:45,52
A4156,Patient 4156,D291,Checkup/Cleaning,General Operatory,10:00,58
A4157,Patient 4157,D218,Extraction,General Operatory,10:00,26
A4158,Patient 4158,D352,Crown,General Operatory,14:30,55
A4159,Patient 4159,D509,Checkup/Cleaning,General Operatory,12:15,54
A4160,Patient 4160,D451,Checkup/Cleaning,General Operatory,10:15,52
A4161,Patient 4161,D738,Filling,General Operatory,10:55,56
A4162,Patient 4162,D362,Checkup/Cleaning,General Operatory,09:45,49
A4163,Patient 4163,D642,Checkup/Cleaning,General Operatory,14:35,40
A4164,Patient 4164,D93,Filling,General Operatory,11:30,38
A4165,Patient 4165,D89,Extraction,General Operatory,11:40,32
A4166,Patient 4166,D246,Filling,General Operatory,10:05,56
A4167,Patient 4167,D356,Root Canal,Endodontic Operatory,10:05,63
A4168,Patient 4168,D298,Checkup/Cleaning,General Operatory,14:10,60
A4169,Patient 4169,D44,Extraction,General Operatory,11:15,36
A4170,Patient 4170,D498,Checkup/Cleaning,General Operatory,15:25,30
A4171,Patient 4171,D558,Filling,General Operatory,09:50,44
A4172,Patient 4172,D352,Crown,General Operatory,10:20,39
A4173,Patient 4173,D85,Filling,General Operatory,09:55,36
A4174,Patient 4174,D722,Extraction,General Operatory,10:55,22
A4175,Patient 4175,D639,X-ray/Imaging,Imaging Room,13:05,13
A4176,Patient 4176,D210,Checkup/Cleaning,General Operatory,14:35,57
A4177,Patient 4177,D307,Filling,General Operatory,09:35,36
A4178,Patient 4178,D128,Checkup/Cleaning,General Operatory,10:55,51
A4179,Patient 4179,D2,Checkup/Cleaning,General Operatory,10:00,36
A4180,Patient 4180,D147,Filling,General Operatory,11:25,33
A4181,Patient 4181,D522,Crown,General Operatory,10:45,38
A4182,Patient 4182,D693,Checkup/Cleaning,General Operatory,14:20,33
A4183,Patient 4183,D236,Filling,General Operatory,10:25,33
A4184,Patient 4184,D422,Filling,General Operatory,11:50,22
A4185,Patient 4185,D412,Checkup/Cleaning,General Operatory,11:35,54
A4186,Patient 4186,D642,X-ray/Imaging,Imaging Room,13:10,10
A4187,Patient 4187,D178,Filling,General Operatory,13:15,37
A4188,Patient 4188,D466,Root Canal,Endodontic Operatory,09:55,87
A4189,Patient 4189,D115,Crown,General Operatory,11:35,37
A4190,Patient 4190,D551,Extraction,General Operatory,10:15,34
A4191,Patient 4191,D127,Filling,General Operatory,10:15,32
A4192,Patient 4192,D567,X-ray/Imaging,Imaging Room,11:40,10
A4193,Patient 4193,D393,Root Canal,Endodontic Operatory,11:00,86
A4194,Patient 4194,D208,Checkup/Cleaning,General Operatory,13:15,36
A4195,Patient 4195,D536,Crown,General Operatory,12:25,46
A4196,Patient 4196,D562,Filling,General Operatory,12:55,42
A4197,Patient 4197,D750,Checkup/Cleaning,General Operatory,12:45,42
A4198,Patient 4198,D461,Checkup/Cleaning,General Operatory,10:00,38
A4199,Patient 4199,D735,Checkup/Cleaning,General Operatory,13:55,30
A4200,Patient 4200,D358,Checkup/Cleaning,General Operatory,13:00,56
A4201,Patient 4201,D24,Checkup/Cleaning,General Operatory,11:25,34
A4202,Patient 4202,D358,Checkup/Cleaning,General Operatory,10:00,35
A4203,Patient 4203,D70,Extraction,General Operatory,11:35,25
A4204,Patient 4204,D88,Extraction,General Operatory,10:20,40
A4205,Patient 4205,D473,Checkup/Cleaning,General Operatory,14:30,38
A4206,Patient 4206,D68,Checkup/Cleaning,General Operatory,13:05,52
A4207,Patient 4207,D707,Filling,General Operatory,11:20,37
A4208,Patient 4208,D221,Checkup/Cleaning,General Operatory,11:25,41
A4209,Patient 4209,D565,Extraction,General Operatory,11:10,21
A4210,Patient 4210,D732,Extraction,General Operatory,14:00,23
A4211,Patient 4211,D148,Root Canal,Endodontic Operatory,09:40,77
A4212,Patient 4212,D602,Extraction,General Operatory,12:25,37
A4213,Patient 4213,D400,X-ray/Imaging,Imaging Room,12:35,14
A4214,Patient 4214,D188,Checkup/Cleaning,General Operatory,12:35,32
A4215,Patient 4215,D148,Checkup/Cleaning,General Operatory,10:05,30
A4216,Patient 4216,D177,Filling,General Operatory,11:15,26
A4217,Patient 4217,D53,Checkup/Cleaning,General Operatory,11:45,39
A4218,Patient 4218,D442,Checkup/Cleaning,General Operatory,10:50,42
A4219,Patient 4219,D487,Checkup/Cleaning,General Operatory,11:40,47
A4220,Patient 4220,D712,Extraction,General Operatory,09:50,21
A4221,Patient 4221,D33,Filling,General Operatory,12:40,35
A4222,Patient 4222,D739,Checkup/Cleaning,General Operatory,12:25,48
A4223,Patient 4223,D420,X-ray/Imaging,Imaging Room,10:50,14
A4224,Patient 4224,D348,Filling,General Operatory,09:45,58
A4225,Patient 4225,D62,Checkup/Cleaning,General Operatory,09:30,37
A4226,Patient 4226,D577,X-ray/Imaging,Imaging Room,12:00,10
A4227,Patient 4227,D222,Extraction,General Operatory,09:15,22
A4228,Patient 4228,D671,Filling,General Operatory,09:15,30
A4229,Patient 4229,D210,Filling,General Operatory,12:40,44
A4230,Patient 4230,D522,Filling,General Operatory,11:00,24
A4231,Patient 4231,D508,Checkup/Cleaning,General Operatory,11:05,33
A4232,Patient 4232,D324,Crown,General Operatory,15:20,52
A4233,Patient 4233,D418,Root Canal,Endodontic Operatory,10:15,75
A4234,Patient 4234,D172,Filling,General Operatory,12:20,24
A4235,Patient 4235,D466,Checkup/Cleaning,General Operatory,09:55,37
A4236,Patient 4236,D149,Root Canal,Endodontic Operatory,12:15,84
A4237,Patient 4237,D135,Checkup/Cleaning,General Operatory,09:35,34
A4238,Patient 4238,D16,Checkup/Cleaning,General Operatory,11:25,35
A4239,Patient 4239,D277,Root Canal,Endodontic Operatory,13:30,64
A4240,Patient 4240,D598,Checkup/Cleaning,General Operatory,11:30,53
A4241,Patient 4241,D486,Crown,General Operatory,12:40,42
A4242,Patient 4242,D214,Extraction,General Operatory,11:15,33
A4243,Patient 4243,D362,Checkup/Cleaning,General Operatory,10:15,37
A4244,Patient 4244,D419,Checkup/Cleaning,General Operatory,13:00,44
A4245,Patient 4245,D738,Filling,General Operatory,12:40,28
A4246,Patient 4246,D709,Filling,General Operatory,12:15,54
A4247,Patient 4247,D392,Checkup/Cleaning,General Operatory,09:45,33
A4248,Patient 4248,D684,Checkup/Cleaning,General Operatory,13:10,60
A4249,Patient 4249,D94,Checkup/Cleaning,General Operatory,10:55,43
A4250,Patient 4250,D720,Checkup/Cleaning,General Operatory,15:35,49
A4251,Patient 4251,D424,Checkup/Cleaning,General Operatory,10:20,47
A4252,Patient 4252,D691,Filling,General Operatory,12:40,33
A4253,Patient 4253,D61,Crown,General Operatory,13:55,46
A4254,Patient 4254,D320,Filling,General Operatory,13:05,21
A4255,Patient 4255,D449,Root Canal,Endodontic Operatory,11:15,77
A4256,Patient 4256,D113,Filling,General Operatory,11:50,51
A4257,Patient 4257,D581,Checkup/Cleaning,General Operatory,11:15,43
A4258,Patient 4258,D52,Filling,General Operatory,15:10,53
A4259,Patient 4259,D403,Extraction,General Operatory,11:00,40
A4260,Patient 4260,D334,X-ray/Imaging,Imaging Room,14:15,12
A4261,Patient 4261,D523,Filling,General Operatory,11:15,48
A4262,Patient 4262,D162,Checkup/Cleaning,General Operatory,13:05,48
A4263,Patient 4263,D327,Checkup/Cleaning,General Operatory,09:10,35
A4264,Patient 4264,D173,Checkup/Cleaning,General Operatory,10:15,35
A4265,Patient 4265,D703,Crown,General Operatory,14:15,34
A4266,Patient 4266,D368,Crown,General Operatory,11:00,30
A4267,Patient 4267,D3,Checkup/Cleaning,General Operatory,13:20,30
A4268,Patient 4268,D386,Checkup/Cleaning,General Operatory,14:05,39
A4269,Patient 4269,D465,Checkup/Cleaning,General Operatory,10:35,33
A4270,Patient 4270,D4,Filling,General Operatory,11:35,56
A4271,Patient 4271,D93,Checkup/Cleaning,General Operatory,11:15,33
A4272,Patient 4272,D24,Filling,General Operatory,11:55,25
A4273,Patient 4273,D643,Checkup/Cleaning,General Operatory,10:15,37
A4274,Patient 4274,D207,Crown,General Operatory,15:35,53
A4275,Patient 4275,D690,Filling,General Operatory,13:00,56
A4276,Patient 4276,D734,Extraction,General Operatory,11:20,32
A4277,Patient 4277,D345,Checkup/Cleaning,General Operatory,09:40,56
A4278,Patient 4278,D436,Filling,General Operatory,10:05,36
A4279,Patient 4279,D42,Checkup/Cleaning,General Operatory,13:10,59
A4280,Patient 4280,D528,Checkup/Cleaning,General Operatory,10:15,37
A4281,Patient 4281,D122,Crown,General Operatory,11:15,53
A4282,Patient 4282,D457,Checkup/Cleaning,General Operatory,12:50,33
A4283,Patient 4283,D326,Checkup/Cleaning,General Operatory,10:50,49
A4284,Patient 4284,D711,Checkup/Cleaning,General Operatory,10:20,46
A4285,Patient 4285,D317,Checkup/Cleaning,General Operatory,10:25,30
A4286,Patient 4286,D267,Root Canal,Endodontic Operatory,09:45,81
A4287,Patient 4287,D372,Checkup/Cleaning,General Operatory,09:25,54
A4288,Patient 4288,D423,Filling,General Operatory,10:10,48
A4289,Patient 4289,D589,Extraction,General Operatory,10:30,28
A4290,Patient 4290,D721,Checkup/Cleaning,General Operatory,11:40,42
A4291,Patient 4291,D152,Extraction,General Operatory,11:25,23
A4292,Patient 4292,D142,Checkup/Cleaning,General Operatory,12:35,50
A4293,Patient 4293,D143,Extraction,General Operatory,10:20,37
A4294,Patient 4294,D156,Crown,General Operatory,09:40,50
A4295,Patient 4295,D458,Filling,General Operatory,09:55,38
A4296,Patient 4296,D401,Checkup/Cleaning,General Operatory,11:45,46
A4297,Patient 4297,D72,Filling,General Operatory,11:15,40
A4298,Patient 4298,D233,Root Canal,Endodontic Operatory,13:35,71
A4299,Patient 4299,D422,Checkup/Cleaning,General Operatory,10:05,60
A4300,Patient 4300,D466,Checkup/Cleaning,General Operatory,09:20,39
A4301,Patient 4301,D635,Checkup/Cleaning,General Operatory,10:30,54
A4302,Patient 4302,D565,Extraction,General Operatory,10:45,23
A4303,Patient 4303,D704,Filling,General Operatory,13:00,24
A4304,Patient 4304,D647,X-ray/Imaging,Imaging Room,13:00,12
A4305,Patient 4305,D294,Extraction,General Operatory,10:50,32
A4306,Patient 4306,D63,Filling,General Operatory,09:15,31
A4307,Patient 4307,D271,Filling,General Operatory,09:55,21
A4308,Patient 4308,D131,Filling,General Operatory,11:15,53
A4309,Patient 4309,D89,Checkup/Cleaning,General Operatory,10:35,53
A4310,Patient 4310,D206,X-ray/Imaging,Imaging Room,11:25,11
A4311,Patient 4311,D438,Checkup/Cleaning,General Operatory,10:50,32
A4312,Patient 4312,D671,Crown,General Operatory,10:40,60
A4313,Patient 4313,D12,Filling,General Operatory,10:05,47
A4314,Patient 4314,D230,X-ray/Imaging,Imaging Room,15:45,15
A4315,Patient 4315,D320,Filling,General Operatory,11:30,22
A4316,Patient 4316,D148,X-ray/Imaging,Imaging Room,09:55,13
A4317,Patient 4317,D308,Filling,General Operatory,10:25,21
A4318,Patient 4318,D91,Checkup/Cleaning,General Operatory,10:25,30
A4319,Patient 4319,D737,Extraction,General Operatory,10:05,40
A4320,Patient 4320,D504,Root Canal,Endodontic Operatory,11:05,68
A4321,Patient 4321,D572,X-ray/Imaging,Imaging Room,12:50,10
A4322,Patient 4322,D548,Checkup/Cleaning,General Operatory,11:15,60
A4323,Patient 4323,D696,Checkup/Cleaning,General Operatory,12:50,44
A4324,Patient 4324,D404,Filling,General Operatory,14:20,20
A4325,Patient 4325,D429,Extraction,General Operatory,11:40,32
A4326,Patient 4326,D157,Crown,General Operatory,11:25,38
A4327,Patient 4327,D453,Crown,General Operatory,11:40,43
A4328,Patient 4328,D453,Filling,General Operatory,11:50,37
A4329,Patient 4329,D301,Filling,General Operatory,13:00,25
A4330,Patient 4330,D593,Checkup/Cleaning,General Operatory,11:15,36
A4331,Patient 4331,D38,Filling,General Operatory,11:50,26
A4332,Patient 4332,D311,Filling,General Operatory,11:20,50
A4333,Patient 4333,D129,Checkup/Cleaning,General Operatory,09:55,57
A4334,Patient 4334,D315,Checkup/Cleaning,General Operatory,11:35,53
A4335,Patient 4335,D561,Checkup/Cleaning,General Operatory,10:50,33
A4336,Patient 4336,D345,Root Canal,Endodontic Operatory,11:00,73
A4337,Patient 4337,D620,Extraction,General Operatory,10:10,31
A4338,Patient 4338,D263,Filling,General Operatory,09:35,31
A4339,Patient 4339,D676,Extraction,General Operatory,13:55,29
A4340,Patient 4340,D127,Checkup/Cleaning,General Operatory,13:05,52
A4341,Patient 4341,D201,Filling,General Operatory,13:00,25
A4342,Patient 4342,D475,Checkup/Cleaning,General Operatory,13:00,57
A4343,Patient 4343,D240,Checkup/Cleaning,General Operatory,11:05,40
A4344,Patient 4344,D295,Filling,General Operatory,14:10,52
A4345,Patient 4345,D742,Checkup/Cleaning,General Operatory,12:50,46
A4346,Patient 4346,D430,Filling,General Operatory,10:05,45
A4347,Patient 4347,D19,Checkup/Cleaning,General Operatory,14:20,33
A4348,Patient 4348,D45,Checkup/Cleaning,General Operatory,14:35,35
A4349,Patient 4349,D319,Checkup/Cleaning,General Operatory,12:15,53
A4350,Patient 4350,D744,Checkup/Cleaning,General Operatory,09:50,57
A4351,Patient 4351,D726,Filling,General Operatory,11:05,39
A4352,Patient 4352,D435,Checkup/Cleaning,General Operatory,11:15,60
A4353,Patient 4353,D146,Checkup/Cleaning,General Operatory,10:55,53
A4354,Patient 4354,D395,Checkup/Cleaning,General Operatory,09:20,31
A4355,Patient 4355,D64,X-ray/Imaging,Imaging Room,11:30,11
A4356,Patient 4356,D458,Filling,General Operatory,13:10,57
A4357,Patient 4357,D51,Checkup/Cleaning,General Operatory,09:45,55
A4358,Patient 4358,D14,Checkup/Cleaning,General Operatory,11:15,59
A4359,Patient 4359,D247,Checkup/Cleaning,General Operatory,09:50,52
A4360,Patient 4360,D604,Root Canal,Endodontic Operatory,13:50,84
A4361,Patient 4361,D425,Checkup/Cleaning,General Operatory,10:25,53
A4362,Patient 4362,D398,Crown,General Operatory,15:35,34
A4363,Patient 4363,D701,Extraction,General Operatory,13:25,21
A4364,Patient 4364,D265,Checkup/Cleaning,General Operatory,10:25,50
A4365,Patient 4365,D478,Root Canal,Endodontic Operatory,11:10,70
A4366,Patient 4366,D10,Extraction,General Operatory,10:15,22
A4367,Patient 4367,D349,Checkup/Cleaning,General Operatory,09:50,46
A4368,Patient 4368,D24,Filling,General Operatory,13:20,30
A4369,Patient 4369,D693,Crown,General Operatory,13:40,44
A4370,Patient 4370,D483,Checkup/Cleaning,General Operatory,10:30,44
A4371,Patient 4371,D733,Checkup/Cleaning,General Operatory,11:20,33
A4372,Patient 4372,D437,Checkup/Cleaning,General Operatory,13:40,52
A4373,Patient 4373,D631,Filling,General Operatory,10:00,29
A4374,Patient 4374,D694,Filling,General Operatory,10:45,57
A4375,Patient 4375,D258,Filling,General Operatory,10:50,27
A4376,Patient 4376,D497,Checkup/Cleaning,General Operatory,10:15,37
A4377,Patient 4377,D430,Filling,General Operatory,09:25,26
A4378,Patient 4378,D294,Filling,General Operatory,12:30,55
A4379,Patient 4379,D477,Crown,General Operatory,09:45,46
A4380,Patient 4380,D174,Extraction,General Operatory,09:20,29
A4381,Patient 4381,D219,Crown,General Operatory,10:55,60
A4382,Patient 4382,D125,Filling,General Operatory,15:45,22
A4383,Patient 4383,D617,Extraction,General Operatory,10:55,32
A4384,Patient 4384,D467,Checkup/Cleaning,General Operatory,11:10,51
A4385,Patient 4385,D399,Root Canal,Endodontic Operatory,12:40,81
A4386,Patient 4386,D68,Filling,General Operatory,10:25,27
A4387,Patient 4387,D374,Extraction,General Operatory,11:10,24
A4388,Patient 4388,D57,Extraction,General Operatory,11:25,33
A4389,Patient 4389,D398,Checkup/Cleaning,General Operatory,11:00,45
A4390,Patient 4390,D203,Filling,General Operatory,11:15,53
A4391,Patient 4391,D161,Checkup/Cleaning,General Operatory,10:40,36
A4392,Patient 4392,D635,Filling,General Operatory,10:40,34
A4393,Patient 4393,D296,Filling,General Operatory,13:45,38
A4394,Patient 4394,D226,Checkup/Cleaning,General Operatory,11:15,39
A4395,Patient 4395,D616,Root Canal,Endodontic Operatory,10:55,62
A4396,Patient 4396,D324,Crown,General Operatory,10:55,31
A4397,Patient 4397,D378,Crown,General Operatory,12:35,42
A4398,Patient 4398,D732,Filling,General Operatory,13:55,44
A4399,Patient 4399,D414,Extraction,General Operatory,09:50,27
A4400,Patient 4400,D338,Checkup/Cleaning,General Operatory,09:15,47
A4401,Patient 4401,D4,Checkup/Cleaning,General Operatory,09:25,56
A4402,Patient 4402,D511,Filling,General Operatory,11:50,29
A4403,Patient 4403,D600,Root Canal,Endodontic Operatory,09:20,87
A4404,Patient 4404,D484,Checkup/Cleaning,General Operatory,09:55,40
A4405,Patient 4405,D141,Filling,General Operatory,12:50,24
A4406,Patient 4406,D338,Root Canal,Endodontic Operatory,09:45,64
A4407,Patient 4407,D382,Root Canal,Endodontic Operatory,12:30,75
A4408,Patient 4408,D350,Filling,General Operatory,11:55,29
A4409,Patient 4409,D47,Root Canal,Endodontic Operatory,13:45,85
A4410,Patient 4410,D165,Checkup/Cleaning,General Operatory,10:55,42
A4411,Patient 4411,D303,Root Canal,Endodontic Operatory,11:10,73
A4412,Patient 4412,D287,Filling,General Operatory,09:55,49
A4413,Patient 4413,D38,Filling,General Operatory,09:10,48
A4414,Patient 4414,D472,Checkup/Cleaning,General Operatory,14:00,56
A4415,Patient 4415,D126,Filling,General Operatory,14:45,36
A4416,Patient 4416,D545,X-ray/Imaging,Imaging Room,10:05,11
A4417,Patient 4417,D222,Checkup/Cleaning,General Operatory,10:05,40
A4418,Patient 4418,D543,Checkup/Cleaning,General Operatory,11:35,35
A4419,Patient 4419,D75,Root Canal,Endodontic Operatory,14:05,76
A4420,Patient 4420,D723,Filling,General Operatory,12:20,31
A4421,Patient 4421,D166,Filling,General Operatory,10:15,41
A4422,Patient 4422,D702,Filling,General Operatory,10:05,29
A4423,Patient 4423,D569,Filling,General Operatory,09:40,39
A4424,Patient 4424,D427,Filling,General Operatory,11:15,28
A4425,Patient 4425,D669,Crown,General Operatory,09:15,51
A4426,Patient 4426,D490,Crown,General Operatory,14:10,57
A4427,Patient 4427,D347,Checkup/Cleaning,General Operatory,10:15,47
A4428,Patient 4428,D428,Extraction,General Operatory,10:40,31
A4429,Patient 4429,D224,Crown,General Operatory,13:10,43
A4430,Patient 4430,D487,Extraction,General Operatory,12:45,33
A4431,Patient 4431,D270,Filling,General Operatory,11:45,53
A4432,Patient 4432,D696,Checkup/Cleaning,General Operatory,13:05,31
A4433,Patient 4433,D380,Root Canal,Endodontic Operatory,11:05,68
A4434,Patient 4434,D27,Extraction,General Operatory,11:20,39
A4435,Patient 4435,D486,Checkup/Cleaning,General Operatory,12:45,43
A4436,Patient 4436,D336,Filling,General Operatory,11:25,48
A4437,Patient 4437,D10,Checkup/Cleaning,General Operatory,12:55,51
A4438,Patient 4438,D422,Filling,General Operatory,13:15,50
A4439,Patient 4439,D475,Filling,General Operatory,11:30,41
A4440,Patient 4440,D163,Filling,General Operatory,10:40,24
A4441,Patient 4441,D248,Root Canal,Endodontic Operatory,09:45,76
A4442,Patient 4442,D186,Filling,General Operatory,12:45,45
A4443,Patient 4443,D467,Extraction,General Operatory,10:00,25
A4444,Patient 4444,D180,Crown,General Operatory,11:20,34
A4445,Patient 4445,D109,Root Canal,Endodontic Operatory,11:20,86
A4446,Patient 4446,D667,Crown,General Operatory,10:35,43
A4447,Patient 4447,D504,Checkup/Cleaning,General Operatory,11:05,35
A4448,Patient 4448,D162,Extraction,General Operatory,11:20,37
A4449,Patient 4449,D296,Checkup/Cleaning,General Operatory,12:45,47
A4450,Patient 4450,D567,Checkup/Cleaning,General Operatory,09:15,41
A4451,Patient 4451,D436,X-ray/Imaging,Imaging Room,09:50,10
A4452,Patient 4452,D184,Checkup/Cleaning,General Operatory,09:35,58
A4453,Patient 4453,D583,Root Canal,Endodontic Operatory,09:25,60
A4454,Patient 4454,D189,Extraction,General Operatory,11:20,28
A4455,Patient 4455,D63,Filling,General Operatory,11:30,21
A4456,Patient 4456,D462,Filling,General Operatory,09:15,21
A4457,Patient 4457,D410,Crown,General Operatory,11:10,44
A4458,Patient 4458,D351,Extraction,General Operatory,10:35,21
A4459,Patient 4459,D204,Checkup/Cleaning,General Operatory,14:35,43
A4460,Patient 4460,D188,Checkup/Cleaning,General Operatory,12:50,38
A4461,Patient 4461,D230,Crown,General Operatory,15:25,57
A4462,Patient 4462,D164,Filling,General Operatory,10:00,48
A4463,Patient 4463,D569,Checkup/Cleaning,General Operatory,10:35,37
A4464,Patient 4464,D408,Root Canal,Endodontic Operatory,09:40,70
A4465,Patient 4465,D161,Crown,General Operatory,11:05,49
A4466,Patient 4466,D564,Checkup/Cleaning,General Operatory,13:50,52
A4467,Patient 4467,D620,Checkup/Cleaning,General Operatory,12:50,44
A4468,Patient 4468,D506,Checkup/Cleaning,General Operatory,09:55,57
A4469,Patient 4469,D587,Checkup/Cleaning,General Operatory,10:05,42
A4470,Patient 4470,D668,Checkup/Cleaning,General Operatory,10:50,54
A4471,Patient 4471,D61,Checkup/Cleaning,General Operatory,14:05,43
A4472,Patient 4472,D464,Filling,General Operatory,15:20,41
A4473,Patient 4473,D465,Crown,General Operatory,10:45,47
A4474,Patient 4474,D365,X-ray/Imaging,Imaging Room,11:40,14
A4475,Patient 4475,D639,Extraction,General Operatory,12:15,38
A4476,Patient 4476,D464,Extraction,General Operatory,15:45,36
A4477,Patient 4477,D446,Checkup/Cleaning,General Operatory,12:50,30
A4478,Patient 4478,D373,Root Canal,Endodontic Operatory,14:35,87
A4479,Patient 4479,D174,Checkup/Cleaning,General Operatory,10:40,30
A4480,Patient 4480,D579,X-ray/Imaging,Imaging Room,10:45,11
A4481,Patient 4481,D170,Checkup/Cleaning,General Operatory,12:35,32
A4482,Patient 4482,D244,Extraction,General Operatory,11:50,28
A4483,Patient 4483,D587,Crown,General Operatory,09:55,48
A4484,Patient 4484,D161,Checkup/Cleaning,General Operatory,09:25,36
A4485,Patient 4485,D178,Checkup/Cleaning,General Operatory,10:10,35
A4486,Patient 4486,D69,Checkup/Cleaning,General Operatory,11:30,55
A4487,Patient 4487,D353,Crown,General Operatory,10:25,31
A4488,Patient 4488,D747,Checkup/Cleaning,General Operatory,10:10,40
A4489,Patient 4489,D736,Extraction,General Operatory,11:15,21
A4490,Patient 4490,D595,Filling,General Operatory,15:35,55
A4491,Patient 4491,D292,Extraction,General Operatory,13:00,26
A4492,Patient 4492,D252,Checkup/Cleaning,General Operatory,11:30,35
A4493,Patient 4493,D404,Crown,General Operatory,12:20,48
A4494,Patient 4494,D8,Root Canal,Endodontic Operatory,11:45,60
A4495,Patient 4495,D552,X-ray/Imaging,Imaging Room,09:20,11
A4496,Patient 4496,D276,Root Canal,Endodontic Operatory,11:20,62
A4497,Patient 4497,D59,Filling,General Operatory,14:45,41
A4498,Patient 4498,D403,Checkup/Cleaning,General Operatory,14:10,57
A4499,Patient 4499,D630,Checkup/Cleaning,General Operatory,09:20,31
A4500,Patient 4500,D249,X-ray/Imaging,Imaging Room,09:55,13
A4501,Patient 4501,D493,Filling,General Operatory,12:25,57
A4502,Patient 4502,D164,Checkup/Cleaning,General Operatory,10:05,30
A4503,Patient 4503,D610,Root Canal,Endodontic Operatory,12:30,68
A4504,Patient 4504,D580,Checkup/Cleaning,General Operatory,11:50,44
A4505,Patient 4505,D101,Filling,General Operatory,10:20,31
A4506,Patient 4506,D78,Extraction,General Operatory,12:40,23
A4507,Patient 4507,D238,Extraction,General Operatory,12:35,24
A4508,Patient 4508,D485,Checkup/Cleaning,General Operatory,14:35,51
A4509,Patient 4509,D645,Crown,General Operatory,09:55,38
A4510,Patient 4510,D146,Extraction,General Operatory,09:55,39
A4511,Patient 4511,D460,Root Canal,Endodontic Operatory,09:05,67
A4512,Patient 4512,D585,Filling,General Operatory,10:05,54
A4513,Patient 4513,D141,Checkup/Cleaning,General Operatory,10:50,36
A4514,Patient 4514,D65,Filling,General Operatory,11:35,34
A4515,Patient 4515,D364,Checkup/Cleaning,General Operatory,10:05,33
A4516,Patient 4516,D738,Root Canal,Endodontic Operatory,14:10,63
A4517,Patient 4517,D108,Checkup/Cleaning,General Operatory,14:05,51
A4518,Patient 4518,D530,Crown,General Operatory,13:10,45
A4519,Patient 4519,D654,Checkup/Cleaning,General Operatory,12:45,44
A4520,Patient 4520,D384,Extraction,General Operatory,11:25,28
A4521,Patient 4521,D158,X-ray/Imaging,Imaging Room,11:00,14
A4522,Patient 4522,D726,Root Canal,Endodontic Operatory,11:00,80
A4523,Patient 4523,D718,Crown,General Operatory,09:45,55
A4524,Patient 4524,D185,Extraction,General Operatory,10:30,20
A4525,Patient 4525,D495,Filling,General Operatory,10:25,47
A4526,Patient 4526,D392,Root Canal,Endodontic Operatory,09:20,66
A4527,Patient 4527,D175,Filling,General Operatory,10:05,55
A4528,Patient 4528,D98,Filling,General Operatory,10:55,59
A4529,Patient 4529,D349,Filling,General Operatory,12:50,54
A4530,Patient 4530,D444,Checkup/Cleaning,General Operatory,12:55,58
A4531,Patient 4531,D652,Filling,General Operatory,11:00,42
A4532,Patient 4532,D544,Checkup/Cleaning,General Operatory,13:45,53
A4533,Patient 4533,D329,Extraction,General Operatory,09:35,35
A4534,Patient 4534,D177,Checkup/Cleaning,General Operatory,10:10,46
A4535,Patient 4535,D494,Checkup/Cleaning,General Operatory,15:15,48
A4536,Patient 4536,D372,Checkup/Cleaning,General Operatory,11:55,36
A4537,Patient 4537,D327,Extraction,General Operatory,12:00,22
A4538,Patient 4538,D402,Checkup/Cleaning,General Operatory,09:55,35
A4539,Patient 4539,D359,Checkup/Cleaning,General Operatory,13:55,33
A4540,Patient 4540,D362,Extraction,General Operatory,11:25,40
A4541,Patient 4541,D308,Filling,General Operatory,11:20,55
A4542,Patient 4542,D604,Root Canal,Endodontic Operatory,10:40,88
A4543,Patient 4543,D93,Crown,General Operatory,14:25,35
A4544,Patient 4544,D252,Crown,General Operatory,11:50,32
A4545,Patient 4545,D588,Checkup/Cleaning,General Operatory,11:15,30
A4546,Patient 4546,D621,Extraction,General Operatory,10:00,33
A4547,Patient 4547,D711,Filling,General Operatory,11:45,28
A4548,Patient 4548,D1,Checkup/Cleaning,General Operatory,09:45,56
A4549,Patient 4549,D595,Filling,General Operatory,10:50,32
A4550,Patient 4550,D489,Root Canal,Endodontic Operatory,10:40,80
A4551,Patient 4551,D735,Checkup/Cleaning,General Operatory,10:50,32
A4552,Patient 4552,D589,Checkup/Cleaning,General Operatory,11:20,41
A4553,Patient 4553,D552,Extraction,General Operatory,09:30,24
A4554,Patient 4554,D475,Checkup/Cleaning,General Operatory,12:45,60
A4555,Patient 4555,D392,Crown,General Operatory,09:35,52
A4556,Patient 4556,D22,Crown,General Operatory,10:25,34
A4557,Patient 4557,D675,Checkup/Cleaning,General Operatory,12:40,42
A4558,Patient 4558,D114,Crown,General Operatory,11:10,53
A4559,Patient 4559,D486,X-ray/Imaging,Imaging Room,11:40,11
A4560,Patient 4560,D224,Extraction,General Operatory,09:45,31
A4561,Patient 4561,D587,Checkup/Cleaning,General Operatory,09:55,44
A4562,Patient 4562,D278,Filling,General Operatory,15:30,48
A4563,Patient 4563,D675,Checkup/Cleaning,General Operatory,13:50,37
A4564,Patient 4564,D211,X-ray/Imaging,Imaging Room,14:55,11
A4565,Patient 4565,D118,Checkup/Cleaning,General Operatory,14:35,59
A4566,Patient 4566,D266,Checkup/Cleaning,General Operatory,12:35,32
A4567,Patient 4567,D141,Crown,General Operatory,11:10,52
A4568,Patient 4568,D358,Checkup/Cleaning,General Operatory,11:15,56
A4569,Patient 4569,D202,Filling,General Operatory,11:35,49
A4570,Patient 4570,D536,Filling,General Operatory,15:05,46
A4571,Patient 4571,D433,Crown,General Operatory,11:30,36
A4572,Patient 4572,D619,Checkup/Cleaning,General Operatory,10:00,49
A4573,Patient 4573,D439,Root Canal,Endodontic Operatory,11:20,75
A4574,Patient 4574,D103,Filling,General Operatory,09:15,48
A4575,Patient 4575,D507,Extraction,General Operatory,10:55,38
A4576,Patient 4576,D307,Extraction,General Operatory,09:30,21
A4577,Patient 4577,D574,Checkup/Cleaning,General Operatory,12:30,39
A4578,Patient 4578,D80,Root Canal,Endodontic Operatory,11:00,65
A4579,Patient 4579,D354,Filling,General Operatory,14:20,41
A4580,Patient 4580,D514,Root Canal,Endodontic Operatory,11:30,78
A4581,Patient 4581,D584,Root Canal,Endodontic Operatory,11:05,60
A4582,Patient 4582,D301,Root Canal,Endodontic Operatory,12:40,71
A4583,Patient 4583,D388,Root Canal,Endodontic Operatory,11:40,64
A4584,Patient 4584,D582,Checkup/Cleaning,General Operatory,12:20,52
A4585,Patient 4585,D203,Filling,General Operatory,09:10,37
A4586,Patient 4586,D4,Filling,General Operatory,10:55,34
A4587,Patient 4587,D641,Crown,General Operatory,13:55,45
A4588,Patient 4588,D179,Checkup/Cleaning,General Operatory,10:00,53
A4589,Patient 4589,D329,Root Canal,Endodontic Operatory,09:05,79
A4590,Patient 4590,D596,Root Canal,Endodontic Operatory,12:25,75
A4591,Patient 4591,D269,Extraction,General Operatory,12:50,21
A4592,Patient 4592,D664,Extraction,General Operatory,10:10,23
A4593,Patient 4593,D467,Filling,General Operatory,11:25,53
A4594,Patient 4594,D218,Filling,General Operatory,10:50,45
A4595,Patient 4595,D85,Filling,General Operatory,11:25,48
A4596,Patient 4596,D426,Checkup/Cleaning,General Operatory,15:35,43
A4597,Patient 4597,D135,Extraction,General Operatory,11:30,32
A4598,Patient 4598,D414,Filling,General Operatory,10:15,24
A4599,Patient 4599,D711,Checkup/Cleaning,General Operatory,14:40,41
A4600,Patient 4600,D624,Filling,General Operatory,10:15,23
A4601,Patient 4601,D487,Crown,General Operatory,12:50,35
A4602,Patient 4602,D12,Root Canal,Endodontic Operatory,09:40,69
A4603,Patient 4603,D715,Filling,General Operatory,09:45,55
A4604,Patient 4604,D298,X-ray/Imaging,Imaging Room,12:50,12
A4605,Patient 4605,D35,Checkup/Cleaning,General Operatory,11:00,31
A4606,Patient 4606,D455,Checkup/Cleaning,General Operatory,14:10,43
A4607,Patient 4607,D252,Checkup/Cleaning,General Operatory,11:40,42
A4608,Patient 4608,D682,Checkup/Cleaning,General Operatory,12:40,56
A4609,Patient 4609,D718,Root Canal,Endodontic Operatory,09:35,88
A4610,Patient 4610,D139,Checkup/Cleaning,General Operatory,11:40,35
A4611,Patient 4611,D487,Crown,General Operatory,11:15,50
A4612,Patient 4612,D630,Checkup/Cleaning,General Operatory,10:20,46
A4613,Patient 4613,D663,Filling,General Operatory,09:40,41
A4614,Patient 4614,D338,Extraction,General Operatory,10:25,21
A4615,Patient 4615,D211,Filling,General Operatory,11:25,33
A4616,Patient 4616,D714,Filling,General Operatory,15:25,59
A4617,Patient 4617,D494,X-ray/Imaging,Imaging Room,14:20,10
A4618,Patient 4618,D653,Checkup/Cleaning,General Operatory,15:55,30
A4619,Patient 4619,D310,Filling,General Operatory,14:25,28
A4620,Patient 4620,D712,Filling,General Operatory,13:20,36
A4621,Patient 4621,D433,Root Canal,Endodontic Operatory,09:35,84
A4622,Patient 4622,D412,Extraction,General Operatory,09:35,34
A4623,Patient 4623,D401,Checkup/Cleaning,General Operatory,09:45,56
A4624,Patient 4624,D412,Root Canal,Endodontic Operatory,10:10,78
A4625,Patient 4625,D486,Checkup/Cleaning,General Operatory,13:10,55
A4626,Patient 4626,D182,Root Canal,Endodontic Operatory,15:20,76
A4627,Patient 4627,D83,Extraction,General Operatory,15:45,38
A4628,Patient 4628,D164,Filling,General Operatory,09:35,55
A4629,Patient 4629,D720,Checkup/Cleaning,General Operatory,15:10,58
A4630,Patient 4630,D239,Filling,General Operatory,12:35,49
A4631,Patient 4631,D547,Filling,General Operatory,14:00,39
A4632,Patient 4632,D176,Filling,General Operatory,10:45,38
A4633,Patient 4633,D212,Extraction,General Operatory,10:45,38
A4634,Patient 4634,D90,Extraction,General Operatory,11:35,27
A4635,Patient 4635,D704,X-ray/Imaging,Imaging Room,12:55,14
A4636,Patient 4636,D116,Checkup/Cleaning,General Operatory,11:00,54
A4637,Patient 4637,D429,Filling,General Operatory,12:50,44
A4638,Patient 4638,D66,Extraction,General Operatory,11:25,37
A4639,Patient 4639,D3,Filling,General Operatory,12:40,58
A4640,Patient 4640,D279,Checkup/Cleaning,General Operatory,10:35,59
A4641,Patient 4641,D675,Root Canal,Endodontic Operatory,10:50,85
A4642,Patient 4642,D711,Extraction,General Operatory,11:55,22
A4643,Patient 4643,D115,Filling,General Operatory,11:00,52
A4644,Patient 4644,D396,Extraction,General Operatory,11:30,40
A4645,Patient 4645,D695,Checkup/Cleaning,General Operatory,13:05,58
A4646,Patient 4646,D594,Crown,General Operatory,10:50,54
A4647,Patient 4647,D389,Extraction,General Operatory,14:55,28
A4648,Patient 4648,D741,Extraction,General Operatory,10:35,40
A4649,Patient 4649,D337,Checkup/Cleaning,General Operatory,09:45,60
A4650,Patient 4650,D118,Filling,General Operatory,10:10,58
A4651,Patient 4651,D646,Checkup/Cleaning,General Operatory,10:00,44
A4652,Patient 4652,D32,Filling,General Operatory,10:15,54
A4653,Patient 4653,D656,Crown,General Operatory,14:00,60
A4654,Patient 4654,D466,Checkup/Cleaning,General Operatory,10:45,34
A4655,Patient 4655,D616,Crown,General Operatory,09:25,47
A4656,Patient 4656,D307,Root Canal,Endodontic Operatory,10:50,70
A4657,Patient 4657,D677,Crown,General Operatory,11:20,44
A4658,Patient 4658,D520,Extraction,General Operatory,14:00,30
A4659,Patient 4659,D657,Extraction,General Operatory,11:20,40
A4660,Patient 4660,D78,Filling,General Operatory,13:00,20
A4661,Patient 4661,D702,Checkup/Cleaning,General Operatory,09:55,49
A4662,Patient 4662,D176,Root Canal,Endodontic Operatory,12:10,72
A4663,Patient 4663,D16,Filling,General Operatory,10:45,53
A4664,Patient 4664,D246,Extraction,General Operatory,10:25,34
A4665,Patient 4665,D180,X-ray/Imaging,Imaging Room,10:05,13
A4666,Patient 4666,D288,Checkup/Cleaning,General Operatory,15:50,40
A4667,Patient 4667,D391,Extraction,General Operatory,10:55,25
A4668,Patient 4668,D343,X-ray/Imaging,Imaging Room,15:00,15
A4669,Patient 4669,D7,Checkup/Cleaning,General Operatory,13:05,30
A4670,Patient 4670,D678,Crown,General Operatory,11:25,34
A4671,Patient 4671,D674,Crown,General Operatory,10:30,36
A4672,Patient 4672,D20,Filling,General Operatory,10:15,29
A4673,Patient 4673,D373,Checkup/Cleaning,General Operatory,14:00,35
A4674,Patient 4674,D584,Filling,General Operatory,11:25,23
A4675,Patient 4675,D386,Extraction,General Operatory,10:55,34
A4676,Patient 4676,D301,Checkup/Cleaning,General Operatory,10:05,40
A4677,Patient 4677,D44,Filling,General Operatory,14:10,34
A4678,Patient 4678,D262,Filling,General Operatory,13:25,25
A4679,Patient 4679,D451,Root Canal,Endodontic Operatory,09:35,84
A4680,Patient 4680,D249,Crown,General Operatory,12:50,56
A4681,Patient 4681,D523,Filling,General Operatory,12:55,27
A4682,Patient 4682,D463,X-ray/Imaging,Imaging Room,13:20,11
A4683,Patient 4683,D284,Crown,General Operatory,11:20,42
A4684,Patient 4684,D203,X-ray/Imaging,Imaging Room,10:00,11
A4685,Patient 4685,D391,Filling,General Operatory,11:05,49
A4686,Patient 4686,D542,Filling,General Operatory,09:15,57
A4687,Patient 4687,D382,Filling,General Operatory,14:30,56
A4688,Patient 4688,D683,Crown,General Operatory,10:35,34
A4689,Patient 4689,D263,Checkup/Cleaning,General Operatory,10:00,46
A4690,Patient 4690,D170,X-ray/Imaging,Imaging Room,14:05,14
A4691,Patient 4691,D12,Filling,General Operatory,09:40,45
A4692,Patient 4692,D583,Filling,General Operatory,09:35,31
A4693,Patient 4693,D387,Extraction,General Operatory,13:50,38
A4694,Patient 4694,D603,Crown,General Operatory,15:40,49
A4695,Patient 4695,D254,Checkup/Cleaning,General Operatory,13:05,54
A4696,Patient 4696,D410,Filling,General Operatory,10:55,49
A4697,Patient 4697,D462,Extraction,General Operatory,11:45,31
A4698,Patient 4698,D13,Checkup/Cleaning,General Operatory,10:25,37
A4699,Patient 4699,D177,Checkup/Cleaning,General Operatory,11:10,60
A4700,Patient 4700,D623,Root Canal,Endodontic Operatory,11:15,63
A4701,Patient 4701,D618,Filling,General Operatory,15:55,32
A4702,Patient 4702,D87,Checkup/Cleaning,General Operatory,09:50,34
A4703,Patient 4703,D31,Checkup/Cleaning,General Operatory,12:35,32
A4704,Patient 4704,D51,Extraction,General Operatory,10:00,34
A4705,Patient 4705,D632,Extraction,General Operatory,15:40,22
A4706,Patient 4706,D668,Extraction,General Operatory,11:40,21
A4707,Patient 4707,D749,Crown,General Operatory,10:05,32
A4708,Patient 4708,D122,Checkup/Cleaning,General Operatory,11:40,46
A4709,Patient 4709,D508,Checkup/Cleaning,General Operatory,14:05,58
A4710,Patient 4710,D482,Checkup/Cleaning,General Operatory,14:10,48
A4711,Patient 4711,D446,Extraction,General Operatory,12:25,32
A4712,Patient 4712,D684,Crown,General Operatory,11:15,34
A4713,Patient 4713,D338,Extraction,General Operatory,09:15,40
A4714,Patient 4714,D532,Checkup/Cleaning,General Operatory,15:25,40
A4715,Patient 4715,D32,Filling,General Operatory,11:35,51
A4716,Patient 4716,D624,Crown,General Operatory,13:00,33
A4717,Patient 4717,D573,Crown,General Operatory,09:45,42
A4718,Patient 4718,D559,Crown,General Operatory,10:05,56
A4719,Patient 4719,D412,Filling,General Operatory,09:45,20
A4720,Patient 4720,D675,Filling,General Operatory,11:10,60
A4721,Patient 4721,D631,Filling,General Operatory,13:15,26
A4722,Patient 4722,D586,Checkup/Cleaning,General Operatory,09:25,45
A4723,Patient 4723,D7,Checkup/Cleaning,General Operatory,11:40,55
A4724,Patient 4724,D264,Checkup/Cleaning,General Operatory,10:05,35
A4725,Patient 4725,D75,Extraction,General Operatory,13:25,35
A4726,Patient 4726,D324,Crown,General Operatory,10:50,33
A4727,Patient 4727,D509,Filling,General Operatory,13:55,32
A4728,Patient 4728,D76,Filling,General Operatory,11:00,42
A4729,Patient 4729,D430,Checkup/Cleaning,General Operatory,11:15,48
A4730,Patient 4730,D47,Checkup/Cleaning,General Operatory,15:50,40
A4731,Patient 4731,D598,Filling,General Operatory,10:50,24
A4732,Patient 4732,D529,Filling,General Operatory,12:20,33
A4733,Patient 4733,D195,Checkup/Cleaning,General Operatory,15:30,35
A4734,Patient 4734,D318,Checkup/Cleaning,General Operatory,11:45,44
A4735,Patient 4735,D624,Checkup/Cleaning,General Operatory,11:40,38
A4736,Patient 4736,D27,Filling,General Operatory,09:55,54
A4737,Patient 4737,D231,Checkup/Cleaning,General Operatory,11:15,32
A4738,Patient 4738,D424,Checkup/Cleaning,General Operatory,11:35,54
A4739,Patient 4739,D74,Root Canal,Endodontic Operatory,10:15,80
A4740,Patient 4740,D366,Checkup/Cleaning,General Operatory,09:20,52
A4741,Patient 4741,D552,Filling,General Operatory,10:15,25
A4742,Patient 4742,D393,Checkup/Cleaning,General Operatory,10:25,38
A4743,Patient 4743,D76,Filling,General Operatory,13:40,42
A4744,Patient 4744,D353,Checkup/Cleaning,General Operatory,09:50,53
A4745,Patient 4745,D329,Crown,General Operatory,10:05,44
A4746,Patient 4746,D736,Root Canal,Endodontic Operatory,13:45,72
A4747,Patient 4747,D255,Extraction,General Operatory,10:00,23
A4748,Patient 4748,D663,Filling,General Operatory,09:10,50
A4749,Patient 4749,D292,Checkup/Cleaning,General Operatory,14:10,37
A4750,Patient 4750,D735,Checkup/Cleaning,General Operatory,12:15,58
A4751,Patient 4751,D553,Checkup/Cleaning,General Operatory,11:30,30
A4752,Patient 4752,D619,Crown,General Operatory,12:45,52
A4753,Patient 4753,D183,Checkup/Cleaning,General Operatory,09:20,47
A4754,Patient 4754,D603,Filling,General Operatory,15:20,30
A4755,Patient 4755,D245,Filling,General Operatory,13:00,54
A4756,Patient 4756,D701,Crown,General Operatory,12:35,50
A4757,Patient 4757,D676,Filling,General Operatory,10:50,54
A4758,Patient 4758,D402,Checkup/Cleaning,General Operatory,13:00,49
A4759,Patient 4759,D93,X-ray/Imaging,Imaging Room,11:50,13
A4760,Patient 4760,D727,Extraction,General Operatory,10:50,26
A4761,Patient 4761,D351,Extraction,General Operatory,09:15,24
A4762,Patient 4762,D195,Extraction,General Operatory,12:30,34
A4763,Patient 4763,D22,Filling,General Operatory,09:35,52
A4764,Patient 4764,D500,Checkup/Cleaning,General Operatory,10:55,53
A4765,Patient 4765,D495,X-ray/Imaging,Imaging Room,10:55,10
A4766,Patient 4766,D43,X-ray/Imaging,Imaging Room,10:25,15
A4767,Patient 4767,D717,Extraction,General Operatory,14:50,37
A4768,Patient 4768,D289,Crown,General Operatory,10:00,32
A4769,Patient 4769,D698,Crown,General Operatory,14:40,34
A4770,Patient 4770,D388,Checkup/Cleaning,General Operatory,13:00,40
A4771,Patient 4771,D567,Checkup/Cleaning,General Operatory,10:05,31
A4772,Patient 4772,D409,Checkup/Cleaning,General Operatory,10:50,51
A4773,Patient 4773,D609,Extraction,General Operatory,10:25,21
A4774,Patient 4774,D701,Extraction,General Operatory,09:50,25
A4775,Patient 4775,D322,Checkup/Cleaning,General Operatory,12:05,58
A4776,Patient 4776,D488,Filling,General Operatory,11:30,37
A4777,Patient 4777,D304,Filling,General Operatory,14:55,23
A4778,Patient 4778,D696,Crown,General Operatory,10:25,54
A4779,Patient 4779,D202,Checkup/Cleaning,General Operatory,10:00,54
A4780,Patient 4780,D400,Extraction,General Operatory,14:05,39
A4781,Patient 4781,D747,Checkup/Cleaning,General Operatory,10:20,38
A4782,Patient 4782,D397,X-ray/Imaging,Imaging Room,11:55,11
A4783,Patient 4783,D185,Checkup/Cleaning,General Operatory,11:35,52
A4784,Patient 4784,D385,Crown,General Operatory,10:45,41
A4785,Patient 4785,D142,Extraction,General Operatory,13:25,22
A4786,Patient 4786,D309,Checkup/Cleaning,General Operatory,11:50,41
A4787,Patient 4787,D460,Checkup/Cleaning,General Operatory,10:15,59
A4788,Patient 4788,D411,Checkup/Cleaning,General Operatory,11:00,59
A4789,Patient 4789,D403,Checkup/Cleaning,General Operatory,12:30,42
A4790,Patient 4790,D445,Root Canal,Endodontic Operatory,09:50,71
A4791,Patient 4791,D749,Filling,General Operatory,13:30,25
A4792,Patient 4792,D440,Checkup/Cleaning,General Operatory,13:20,30
A4793,Patient 4793,D602,Checkup/Cleaning,General Operatory,11:20,57
A4794,Patient 4794,D45,Filling,General Operatory,10:00,30
A4795,Patient 4795,D655,Checkup/Cleaning,General Operatory,09:10,41
A4796,Patient 4796,D623,Checkup/Cleaning,General Operatory,12:55,35
A4797,Patient 4797,D472,Root Canal,Endodontic Operatory,12:40,78
A4798,Patient 4798,D376,Checkup/Cleaning,General Operatory,10:45,33
A4799,Patient 4799,D402,Checkup/Cleaning,General Operatory,13:10,49
A4800,Patient 4800,D441,Checkup/Cleaning,General Operatory,10:05,57
A4801,Patient 4801,D505,Crown,General Operatory,11:25,51
A4802,Patient 4802,D280,X-ray/Imaging,Imaging Room,09:50,14
A4803,Patient 4803,D327,Checkup/Cleaning,General Operatory,10:45,47
A4804,Patient 4804,D711,Checkup/Cleaning,General Operatory,10:20,40
A4805,Patient 4805,D93,Checkup/Cleaning,General Operatory,13:20,30
A4806,Patient 4806,D124,Extraction,General Operatory,11:35,39
A4807,Patient 4807,D645,Filling,General Operatory,10:10,33
A4808,Patient 4808,D339,Filling,General Operatory,09:20,45
A4809,Patient 4809,D612,Root Canal,Endodontic Operatory,09:50,71
A4810,Patient 4810,D506,Extraction,General Operatory,11:45,21
A4811,Patient 4811,D390,Checkup/Cleaning,General Operatory,12:15,55
A4812,Patient 4812,D431,Root Canal,Endodontic Operatory,13:55,69
A4813,Patient 4813,D32,Filling,General Operatory,11:55,38
A4814,Patient 4814,D158,Root Canal,Endodontic Operatory,09:35,88
A4815,Patient 4815,D135,Checkup/Cleaning,General Operatory,09:30,55
A4816,Patient 4816,D517,Filling,General Operatory,12:30,24
A4817,Patient 4817,D698,Checkup/Cleaning,General Operatory,10:25,44
A4818,Patient 4818,D93,Filling,General Operatory,11:45,26
A4819,Patient 4819,D56,Checkup/Cleaning,General Operatory,10:30,44
A4820,Patient 4820,D383,Checkup/Cleaning,General Operatory,09:55,38
A4821,Patient 4821,D215,Checkup/Cleaning,General Operatory,11:40,40
A4822,Patient 4822,D581,Checkup/Cleaning,General Operatory,11:25,52
A4823,Patient 4823,D750,Extraction,General Operatory,11:10,26
A4824,Patient 4824,D712,Crown,General Operatory,11:45,59
A4825,Patient 4825,D56,Checkup/Cleaning,General Operatory,09:45,44
A4826,Patient 4826,D82,Root Canal,Endodontic Operatory,13:55,89
A4827,Patient 4827,D590,Filling,General Operatory,13:55,47
A4828,Patient 4828,D736,Filling,General Operatory,12:35,33
A4829,Patient 4829,D398,Crown,General Operatory,10:55,47
A4830,Patient 4830,D331,Extraction,General Operatory,12:55,35
A4831,Patient 4831,D687,Filling,General Operatory,12:40,45
A4832,Patient 4832,D384,Extraction,General Operatory,11:35,21
A4833,Patient 4833,D249,X-ray/Imaging,Imaging Room,11:50,15
A4834,Patient 4834,D749,Checkup/Cleaning,General Operatory,09:45,38
A4835,Patient 4835,D658,Checkup/Cleaning,General Operatory,10:45,35
A4836,Patient 4836,D618,Filling,General Operatory,10:55,51
A4837,Patient 4837,D195,Crown,General Operatory,14:25,34
A4838,Patient 4838,D716,Filling,General Operatory,09:45,28
A4839,Patient 4839,D415,Checkup/Cleaning,General Operatory,09:45,31
A4840,Patient 4840,D137,Checkup/Cleaning,General Operatory,11:10,54
A4841,Patient 4841,D472,Filling,General Operatory,13:45,57
A4842,Patient 4842,D265,Checkup/Cleaning,General Operatory,09:50,45
A4843,Patient 4843,D727,Checkup/Cleaning,General Operatory,10:45,53
A4844,Patient 4844,D668,Checkup/Cleaning,General Operatory,09:20,34
A4845,Patient 4845,D23,Filling,General Operatory,10:30,36
A4846,Patient 4846,D67,Filling,General Operatory,09:20,32
A4847,Patient 4847,D529,Checkup/Cleaning,General Operatory,11:05,34
A4848,Patient 4848,D507,Extraction,General Operatory,14:15,39
A4849,Patient 4849,D153,Crown,General Operatory,15:45,30
A4850,Patient 4850,D340,Root Canal,Endodontic Operatory,10:00,87
A4851,Patient 4851,D276,Extraction,General Operatory,12:20,24
A4852,Patient 4852,D454,Checkup/Cleaning,General Operatory,11:05,48
A4853,Patient 4853,D638,Checkup/Cleaning,General Operatory,09:15,47
A4854,Patient 4854,D31,Checkup/Cleaning,General Operatory,12:25,56
A4855,Patient 4855,D252,Checkup/Cleaning,General Operatory,10:15,34
A4856,Patient 4856,D641,Extraction,General Operatory,11:20,24
A4857,Patient 4857,D461,Filling,General Operatory,09:50,33
A4858,Patient 4858,D425,Crown,General Operatory,12:40,46
A4859,Patient 4859,D408,Filling,General Operatory,11:00,39
A4860,Patient 4860,D29,Crown,General Operatory,09:20,44
A4861,Patient 4861,D572,Filling,General Operatory,12:15,35
A4862,Patient 4862,D344,Extraction,General Operatory,13:20,25
A4863,Patient 4863,D312,Checkup/Cleaning,General Operatory,10:50,39
A4864,Patient 4864,D656,Filling,General Operatory,12:45,39
A4865,Patient 4865,D136,Crown,General Operatory,11:15,38
A4866,Patient 4866,D485,Root Canal,Endodontic Operatory,12:35,71
A4867,Patient 4867,D439,Filling,General Operatory,11:55,28
A4868,Patient 4868,D3,Root Canal,Endodontic Operatory,13:55,73
A4869,Patient 4869,D15,Root Canal,Endodontic Operatory,10:40,67
A4870,Patient 4870,D196,Root Canal,Endodontic Operatory,11:40,81
A4871,Patient 4871,D414,Crown,General Operatory,10:10,55
A4872,Patient 4872,D747,Checkup/Cleaning,General Operatory,10:05,48
A4873,Patient 4873,D323,Filling,General Operatory,10:50,57
A4874,Patient 4874,D536,Crown,General Operatory,14:15,48
A4875,Patient 4875,D696,Filling,General Operatory,14:30,56
A4876,Patient 4876,D726,Checkup/Cleaning,General Operatory,11:05,49
A4877,Patient 4877,D264,Filling,General Operatory,09:45,52
A4878,Patient 4878,D604,Extraction,General Operatory,15:35,30
A4879,Patient 4879,D15,Crown,General Operatory,10:40,49
A4880,Patient 4880,D147,Root Canal,Endodontic Operatory,14:05,84
A4881,Patient 4881,D304,Checkup/Cleaning,General Operatory,13:00,34
A4882,Patient 4882,D605,Checkup/Cleaning,General Operatory,09:15,42
A4883,Patient 4883,D104,Checkup/Cleaning,General Operatory,13:10,47
A4884,Patient 4884,D667,Checkup/Cleaning,General Operatory,09:30,57
A4885,Patient 4885,D631,Checkup/Cleaning,General Operatory,11:20,59
A4886,Patient 4886,D258,Checkup/Cleaning,General Operatory,09:20,52
A4887,Patient 4887,D702,Filling,General Operatory,09:25,30
A4888,Patient 4888,D606,X-ray/Imaging,Imaging Room,11:55,15
A4889,Patient 4889,D308,Checkup/Cleaning,General Operatory,12:40,58
A4890,Patient 4890,D350,Filling,General Operatory,13:10,49
A4891,Patient 4891,D713,Filling,General Operatory,15:35,52
A4892,Patient 4892,D539,Checkup/Cleaning,General Operatory,10:55,60
A4893,Patient 4893,D462,Filling,General Operatory,10:50,54
A4894,Patient 4894,D60,Checkup/Cleaning,General Operatory,11:20,47
A4895,Patient 4895,D70,Filling,General Operatory,10:00,23
A4896,Patient 4896,D749,Checkup/Cleaning,General Operatory,11:45,53
A4897,Patient 4897,D658,Filling,General Operatory,12:50,39
A4898,Patient 4898,D614,Filling,General Operatory,09:50,37
A4899,Patient 4899,D696,Checkup/Cleaning,General Operatory,13:10,43
A4900,Patient 4900,D639,Checkup/Cleaning,General Operatory,15:25,54
A4901,Patient 4901,D198,Crown,General Operatory,10:45,47
A4902,Patient 4902,D636,Crown,General Operatory,09:55,44
A4903,Patient 4903,D405,Root Canal,Endodontic Operatory,14:30,61
A4904,Patient 4904,D61,Filling,General Operatory,12:20,29
A4905,Patient 4905,D394,Filling,General Operatory,10:15,20
A4906,Patient 4906,D331,Filling,General Operatory,14:10,40
A4907,Patient 4907,D701,Filling,General Operatory,11:45,37
A4908,Patient 4908,D682,Crown,General Operatory,12:25,60
A4909,Patient 4909,D336,Root Canal,Endodontic Operatory,11:25,71
A4910,Patient 4910,D103,X-ray/Imaging,Imaging Room,10:30,11
A4911,Patient 4911,D442,Checkup/Cleaning,General Operatory,11:10,30
A4912,Patient 4912,D537,Filling,General Operatory,15:25,53
A4913,Patient 4913,D544,Crown,General Operatory,13:45,39
A4914,Patient 4914,D366,Checkup/Cleaning,General Operatory,10:05,42
A4915,Patient 4915,D333,Checkup/Cleaning,General Operatory,11:35,35
A4916,Patient 4916,D267,Checkup/Cleaning,General Operatory,13:15,46
A4917,Patient 4917,D484,Crown,General Operatory,09:25,30
A4918,Patient 4918,D207,Filling,General Operatory,12:10,54
A4919,Patient 4919,D525,Root Canal,Endodontic Operatory,10:05,86
A4920,Patient 4920,D43,Extraction,General Operatory,10:00,34
A4921,Patient 4921,D419,Checkup/Cleaning,General Operatory,12:50,58
A4922,Patient 4922,D275,Checkup/Cleaning,General Operatory,14:10,36
A4923,Patient 4923,D63,Checkup/Cleaning,General Operatory,10:40,55
A4924,Patient 4924,D749,Checkup/Cleaning,General Operatory,13:10,49
A4925,Patient 4925,D229,Checkup/Cleaning,General Operatory,11:20,49
A4926,Patient 4926,D71,Checkup/Cleaning,General Operatory,12:35,51
A4927,Patient 4927,D598,Root Canal,Endodontic Operatory,09:40,80
A4928,Patient 4928,D488,Filling,General Operatory,11:15,56
A4929,Patient 4929,D280,Checkup/Cleaning,General Operatory,13:00,34
A4930,Patient 4930,D113,Checkup/Cleaning,General Operatory,12:55,42
A4931,Patient 4931,D540,Checkup/Cleaning,General Operatory,11:15,40
A4932,Patient 4932,D210,Filling,General Operatory,14:40,44
A4933,Patient 4933,D307,X-ray/Imaging,Imaging Room,11:05,10
A4934,Patient 4934,D511,Extraction,General Operatory,13:05,27
A4935,Patient 4935,D694,Checkup/Cleaning,General Operatory,11:10,40
A4936,Patient 4936,D562,Checkup/Cleaning,General Operatory,11:10,51
A4937,Patient 4937,D173,Extraction,General Operatory,11:25,28
A4938,Patient 4938,D667,Crown,General Operatory,09:20,57
A4939,Patient 4939,D93,Filling,General Operatory,12:40,53
A4940,Patient 4940,D341,Filling,General Operatory,10:55,59
A4941,Patient 4941,D480,Checkup/Cleaning,General Operatory,10:50,39
A4942,Patient 4942,D233,Checkup/Cleaning,General Operatory,12:40,53
A4943,Patient 4943,D483,Checkup/Cleaning,General Operatory,10:10,43
A4944,Patient 4944,D625,Filling,General Operatory,13:10,27
A4945,Patient 4945,D69,Filling,General Operatory,12:55,47
A4946,Patient 4946,D704,Filling,General Operatory,09:45,30
A4947,Patient 4947,D513,Filling,General Operatory,11:55,28
A4948,Patient 4948,D328,Root Canal,Endodontic Operatory,11:10,76
A4949,Patient 4949,D714,Filling,General Operatory,11:20,37
A4950,Patient 4950,D431,Checkup/Cleaning,General Operatory,15:15,50
A4951,Patient 4951,D173,X-ray/Imaging,Imaging Room,10:15,13
A4952,Patient 4952,D740,Filling,General Operatory,11:10,59
A4953,Patient 4953,D170,Filling,General Operatory,12:45,50
A4954,Patient 4954,D215,Checkup/Cleaning,General Operatory,09:45,44
A4955,Patient 4955,D394,Filling,General Operatory,09:50,57
A4956,Patient 4956,D381,Checkup/Cleaning,General Operatory,13:40,55
A4957,Patient 4957,D480,Filling,General Operatory,12:25,29
A4958,Patient 4958,D391,Root Canal,Endodontic Operatory,10:10,86
A4959,Patient 4959,D320,Filling,General Operatory,12:35,55
A4960,Patient 4960,D431,Crown,General Operatory,11:15,37
A4961,Patient 4961,D743,Checkup/Cleaning,General Operatory,09:55,50
A4962,Patient 4962,D462,Extraction,General Operatory,09:20,38
A4963,Patient 4963,D176,Checkup/Cleaning,General Operatory,15:35,51
A4964,Patient 4964,D58,Checkup/Cleaning,General Operatory,15:25,56
A4965,Patient 4965,D324,Root Canal,Endodontic Operatory,15:10,87
A4966,Patient 4966,D643,Extraction,General Operatory,13:25,21
A4967,Patient 4967,D288,Root Canal,Endodontic Operatory,13:45,74
A4968,Patient 4968,D721,Checkup/Cleaning,General Operatory,14:30,50
A4969,Patient 4969,D431,Filling,General Operatory,11:25,40
A4970,Patient 4970,D538,Checkup/Cleaning,General Operatory,11:30,56
A4971,Patient 4971,D554,Extraction,General Operatory,11:50,21
A4972,Patient 4972,D216,Filling,General Operatory,12:55,24
A4973,Patient 4973,D67,Checkup/Cleaning,General Operatory,09:45,49
A4974,Patient 4974,D595,Checkup/Cleaning,General Operatory,14:20,46
A4975,Patient 4975,D400,Checkup/Cleaning,General Operatory,13:45,56
A4976,Patient 4976,D518,Checkup/Cleaning,General Operatory,11:35,46
A4977,Patient 4977,D211,Filling,General Operatory,10:15,29
A4978,Patient 4978,D409,Checkup/Cleaning,General Operatory,14:10,37
A4979,Patient 4979,D698,Checkup/Cleaning,General Operatory,13:25,33
A4980,Patient 4980,D29,Extraction,General Operatory,10:40,30
A4981,Patient 4981,D561,Crown,General Operatory,10:55,47
A4982,Patient 4982,D581,Extraction,General Operatory,13:05,37
A4983,Patient 4983,D672,Root Canal,Endodontic Operatory,13:35,63
A4984,Patient 4984,D28,Extraction,General Operatory,09:35,35
A4985,Patient 4985,D398,Extraction,General Operatory,10:55,39
A4986,Patient 4986,D49,Filling,General Operatory,11:15,28
A4987,Patient 4987,D151,Filling,General Operatory,11:50,29
A4988,Patient 4988,D622,Crown,General Operatory,12:45,37
A4989,Patient 4989,D679,Crown,General Operatory,10:45,43
A4990,Patient 4990,D623,Crown,General Operatory,10:00,59
A4991,Patient 4991,D731,Checkup/Cleaning,General Operatory,11:30,43
A4992,Patient 4992,D472,Filling,General Operatory,15:40,46
A4993,Patient 4993,D748,Crown,General Operatory,10:15,36
A4994,Patient 4994,D708,Filling,General Operatory,10:00,51
A4995,Patient 4995,D104,Root Canal,Endodontic Operatory,13:50,86
A4996,Patient 4996,D103,Checkup/Cleaning,General Operatory,10:30,40
A4997,Patient 4997,D698,Root Canal,Endodontic Operatory,11:05,70
A4998,Patient 4998,D367,Checkup/Cleaning,General Operatory,13:15,32
A4999,Patient 4999,D633,Extraction,General Operatory,14:05,27
A5000,Patient 5000,D728,Root Canal,Endodontic Operatory,09:25,68
A5001,Patient 5001,D377,X-ray/Imaging,Imaging Room,09:20,14
A5002,Patient 5002,D79,Checkup/Cleaning,General Operatory,09:55,39
A5003,Patient 5003,D668,Crown,General Operatory,11:25,33
A5004,Patient 5004,D233,X-ray/Imaging,Imaging Room,15:35,12
A5005,Patient 5005,D204,Filling,General Operatory,10:05,48
A5006,Patient 5006,D643,Root Canal,Endodontic Operatory,14:10,86
A5007,Patient 5007,D617,Checkup/Cleaning,General Operatory,11:15,31
A5008,Patient 5008,D449,Crown,General Operatory,14:05,44
A5009,Patient 5009,D551,Checkup/Cleaning,General Operatory,09:55,58
A5010,Patient 5010,D655,X-ray/Imaging,Imaging Room,10:20,15
A5011,Patient 5011,D437,Filling,General Operatory,12:45,36
A5012,Patient 5012,D589,Root Canal,Endodontic Operatory,11:10,60
A5013,Patient 5013,D434,Extraction,General Operatory,09:55,33
A5014,Patient 5014,D68,Filling,General Operatory,13:10,28
A5015,Patient 5015,D492,Checkup/Cleaning,General Operatory,10:40,45
A5016,Patient 5016,D122,Filling,General Operatory,10:15,51
A5017,Patient 5017,D724,Crown,General Operatory,13:45,49
A5018,Patient 5018,D679,Filling,General Operatory,11:00,26
A5019,Patient 5019,D573,Root Canal,Endodontic Operatory,10:15,66
A5020,Patient 5020,D140,Filling,General Operatory,10:30,25
A5021,Patient 5021,D378,Crown,General Operatory,12:20,51
A5022,Patient 5022,D233,Checkup/Cleaning,General Operatory,11:10,39
A5023,Patient 5023,D382,Checkup/Cleaning,General Operatory,12:55,41
A5024,Patient 5024,D551,Checkup/Cleaning,General Operatory,14:30,43
A5025,Patient 5025,D25,Crown,General Operatory,09:25,59
A5026,Patient 5026,D299,Root Canal,Endodontic Operatory,12:15,87
A5027,Patient 5027,D399,Checkup/Cleaning,General Operatory,11:55,33
A5028,Patient 5028,D587,Filling,General Operatory,12:50,38
A5029,Patient 5029,D643,Filling,General Operatory,10:10,59
A5030,Patient 5030,D66,Filling,General Operatory,09:55,41
A5031,Patient 5031,D170,Checkup/Cleaning,General Operatory,11:10,51
A5032,Patient 5032,D579,Filling,General Operatory,09:25,38
A5033,Patient 5033,D308,Root Canal,Endodontic Operatory,11:25,81
A5034,Patient 5034,D716,Crown,General Operatory,10:40,52
A5035,Patient 5035,D576,Checkup/Cleaning,General Operatory,15:35,45
A5036,Patient 5036,D295,Checkup/Cleaning,General Operatory,12:55,34
A5037,Patient 5037,D549,Filling,General Operatory,09:20,60
A5038,Patient 5038,D30,Root Canal,Endodontic Operatory,11:25,73
A5039,Patient 5039,D357,X-ray/Imaging,Imaging Room,09:50,15
A5040,Patient 5040,D744,Extraction,General Operatory,12:55,32
A5041,Patient 5041,D120,Filling,General Operatory,12:40,32
A5042,Patient 5042,D464,Filling,General Operatory,13:55,58
A5043,Patient 5043,D426,Filling,General Operatory,10:55,24
A5044,Patient 5044,D321,Extraction,General Operatory,12:30,27
A5045,Patient 5045,D33,Checkup/Cleaning,General Operatory,15:05,57
A5046,Patient 5046,D137,Extraction,General Operatory,12:55,27
A5047,Patient 5047,D603,Filling,General Operatory,11:15,24
A5048,Patient 5048,D434,Filling,General Operatory,10:10,46
A5049,Patient 5049,D633,Extraction,General Operatory,12:45,23
A5050,Patient 5050,D630,Checkup/Cleaning,General Operatory,10:50,34
A5051,Patient 5051,D283,Root Canal,Endodontic Operatory,10:00,63
A5052,Patient 5052,D28,Extraction,General Operatory,09:35,26
A5053,Patient 5053,D65,Filling,General Operatory,10:15,45
A5054,Patient 5054,D315,Checkup/Cleaning,General Operatory,11:10,55
A5055,Patient 5055,D113,Filling,General Operatory,11:25,35
A5056,Patient 5056,D389,Checkup/Cleaning,General Operatory,13:00,48
A5057,Patient 5057,D659,Filling,General Operatory,12:50,59
A5058,Patient 5058,D365,Filling,General Operatory,13:00,30
A5059,Patient 5059,D498,Extraction,General Operatory,15:30,32
A5060,Patient 5060,D95,Checkup/Cleaning,General Operatory,09:25,31
A5061,Patient 5061,D561,Checkup/Cleaning,General Operatory,14:05,35
A5062,Patient 5062,D352,Checkup/Cleaning,General Operatory,10:00,53
A5063,Patient 5063,D296,Crown,General Operatory,14:10,38
A5064,Patient 5064,D493,Checkup/Cleaning,General Operatory,13:50,47
A5065,Patient 5065,D587,Checkup/Cleaning,General Operatory,14:20,45
A5066,Patient 5066,D240,Checkup/Cleaning,General Operatory,10:00,59
A5067,Patient 5067,D388,Extraction,General Operatory,11:50,22
A5068,Patient 5068,D300,Filling,General Operatory,10:10,32
A5069,Patient 5069,D96,Checkup/Cleaning,General Operatory,14:40,52
A5070,Patient 5070,D469,Filling,General Operatory,12:55,49
A5071,Patient 5071,D219,Checkup/Cleaning,General Operatory,13:30,57
A5072,Patient 5072,D297,Checkup/Cleaning,General Operatory,11:30,40
A5073,Patient 5073,D452,Filling,General Operatory,12:15,47
A5074,Patient 5074,D527,Checkup/Cleaning,General Operatory,13:00,52
A5075,Patient 5075,D515,Checkup/Cleaning,General Operatory,14:20,33
A5076,Patient 5076,D492,X-ray/Imaging,Imaging Room,10:15,10
A5077,Patient 5077,D597,Checkup/Cleaning,General Operatory,11:05,32
A5078,Patient 5078,D235,Filling,General Operatory,11:20,54
A5079,Patient 5079,D647,Checkup/Cleaning,General Operatory,10:15,55
A5080,Patient 5080,D562,Checkup/Cleaning,General Operatory,09:45,44
A5081,Patient 5081,D630,Extraction,General Operatory,10:50,40
A5082,Patient 5082,D434,Checkup/Cleaning,General Operatory,11:40,40
A5083,Patient 5083,D55,Filling,General Operatory,13:35,55
A5084,Patient 5084,D147,Crown,General Operatory,12:45,56
A5085,Patient 5085,D251,Crown,General Operatory,10:05,53
A5086,Patient 5086,D270,Checkup/Cleaning,General Operatory,09:45,53
A5087,Patient 5087,D414,Checkup/Cleaning,General Operatory,09:15,35
A5088,Patient 5088,D190,X-ray/Imaging,Imaging Room,11:50,13
A5089,Patient 5089,D663,Extraction,General Operatory,10:35,30
A5090,Patient 5090,D692,Checkup/Cleaning,General Operatory,10:55,56
A5091,Patient 5091,D296,Extraction,General Operatory,12:30,23
A5092,Patient 5092,D28,Filling,General Operatory,09:15,50
A5093,Patient 5093,D323,Checkup/Cleaning,General Operatory,14:20,40
A5094,Patient 5094,D580,Checkup/Cleaning,General Operatory,14:40,33
A5095,Patient 5095,D435,Crown,General Operatory,15:45,36
A5096,Patient 5096,D145,Checkup/Cleaning,General Operatory,10:00,57
A5097,Patient 5097,D39,Checkup/Cleaning,General Operatory,11:25,40
A5098,Patient 5098,D134,Checkup/Cleaning,General Operatory,11:10,35
A5099,Patient 5099,D387,Checkup/Cleaning,General Operatory,11:25,30
A5100,Patient 5100,D48,Crown,General Operatory,14:30,33
A5101,Patient 5101,D263,Filling,General Operatory,09:45,33
A5102,Patient 5102,D104,Checkup/Cleaning,General Operatory,10:05,50
A5103,Patient 5103,D186,Filling,General Operatory,14:30,27
A5104,Patient 5104,D163,Checkup/Cleaning,General Operatory,10:05,49
A5105,Patient 5105,D422,Extraction,General Operatory,10:00,30
A5106,Patient 5106,D312,Checkup/Cleaning,General Operatory,12:30,42
A5107,Patient 5107,D625,Filling,General Operatory,10:05,20
A5108,Patient 5108,D598,Filling,General Operatory,09:25,47
A5109,Patient 5109,D179,Extraction,General Operatory,10:05,38
A5110,Patient 5110,D448,Root Canal,Endodontic Operatory,10:40,80
A5111,Patient 5111,D641,Crown,General Operatory,11:00,56
A5112,Patient 5112,D678,Filling,General Operatory,12:55,60
A5113,Patient 5113,D182,Extraction,General Operatory,12:45,27
A5114,Patient 5114,D95,Checkup/Cleaning,General Operatory,10:15,35
A5115,Patient 5115,D380,Root Canal,Endodontic Operatory,14:45,78
A5116,Patient 5116,D274,Filling,General Operatory,11:10,44
A5117,Patient 5117,D253,Crown,General Operatory,11:25,46
A5118,Patient 5118,D427,Filling,General Operatory,12:50,26
A5119,Patient 5119,D379,Checkup/Cleaning,General Operatory,14:45,42
A5120,Patient 5120,D715,Filling,General Operatory,10:05,38
A5121,Patient 5121,D404,Filling,General Operatory,13:55,40
A5122,Patient 5122,D347,Checkup/Cleaning,General Operatory,10:50,48
A5123,Patient 5123,D131,Root Canal,Endodontic Operatory,15:10,88
A5124,Patient 5124,D565,Crown,General Operatory,09:15,53
A5125,Patient 5125,D297,Checkup/Cleaning,General Operatory,12:55,59
A5126,Patient 5126,D506,Crown,General Operatory,11:20,34
A5127,Patient 5127,D347,Filling,General Operatory,11:05,30
A5128,Patient 5128,D661,Extraction,General Operatory,09:50,33
A5129,Patient 5129,D561,Crown,General Operatory,12:25,40
A5130,Patient 5130,D676,Checkup/Cleaning,General Operatory,12:45,47
A5131,Patient 5131,D440,Checkup/Cleaning,General Operatory,10:10,48
A5132,Patient 5132,D104,Filling,General Operatory,10:00,54
A5133,Patient 5133,D580,Filling,General Operatory,10:20,60
A5134,Patient 5134,D624,Root Canal,Endodontic Operatory,12:20,84
A5135,Patient 5135,D426,Checkup/Cleaning,General Operatory,11:15,57
A5136,Patient 5136,D86,Checkup/Cleaning,General Operatory,15:30,58
A5137,Patient 5137,D672,Checkup/Cleaning,General Operatory,10:45,44
A5138,Patient 5138,D251,Checkup/Cleaning,General Operatory,10:15,55
A5139,Patient 5139,D134,Filling,General Operatory,13:45,50
A5140,Patient 5140,D5,Crown,General Operatory,14:20,38
A5141,Patient 5141,D434,Root Canal,Endodontic Operatory,10:05,90
A5142,Patient 5142,D570,Crown,General Operatory,13:55,42
A5143,Patient 5143,D588,Checkup/Cleaning,General Operatory,09:30,34
A5144,Patient 5144,D408,Root Canal,Endodontic Operatory,11:00,78
A5145,Patient 5145,D453,Filling,General Operatory,10:45,40
A5146,Patient 5146,D148,Extraction,General Operatory,09:35,40
A5147,Patient 5147,D720,Checkup/Cleaning,General Operatory,12:20,54
A5148,Patient 5148,D196,Filling,General Operatory,10:20,49
A5149,Patient 5149,D603,Extraction,General Operatory,11:00,29
A5150,Patient 5150,D405,Root Canal,Endodontic Operatory,12:30,68
A5151,Patient 5151,D684,Checkup/Cleaning,General Operatory,11:35,50
A5152,Patient 5152,D736,Checkup/Cleaning,General Operatory,11:25,44
A5153,Patient 5153,D420,Filling,General Operatory,12:55,21
A5154,Patient 5154,D230,Checkup/Cleaning,General Operatory,13:50,37
A5155,Patient 5155,D34,Checkup/Cleaning,General Operatory,09:20,42
A5156,Patient 5156,D359,Root Canal,Endodontic Operatory,10:45,78
A5157,Patient 5157,D411,Root Canal,Endodontic Operatory,10:55,67
A5158,Patient 5158,D279,Extraction,General Operatory,11:30,21
A5159,Patient 5159,D200,Checkup/Cleaning,General Operatory,11:25,38
A5160,Patient 5160,D488,Crown,General Operatory,14:35,43
A5161,Patient 5161,D673,Root Canal,Endodontic Operatory,12:30,90
A5162,Patient 5162,D547,Root Canal,Endodontic Operatory,11:15,69
A5163,Patient 5163,D559,Root Canal,Endodontic Operatory,09:45,68
A5164,Patient 5164,D73,Crown,General Operatory,12:50,45
A5165,Patient 5165,D39,Checkup/Cleaning,General Operatory,13:50,38
A5166,Patient 5166,D107,Filling,General Operatory,13:20,38
A5167,Patient 5167,D679,Extraction,General Operatory,09:30,20
A5168,Patient 5168,D672,Crown,General Operatory,10:55,35
A5169,Patient 5169,D543,Filling,General Operatory,14:30,46
A5170,Patient 5170,D122,Filling,General Operatory,09:10,54
A5171,Patient 5171,D636,Extraction,General Operatory,11:25,27
A5172,Patient 5172,D125,X-ray/Imaging,Imaging Room,12:55,11
A5173,Patient 5173,D338,Checkup/Cleaning,General Operatory,09:15,38
A5174,Patient 5174,D215,Checkup/Cleaning,General Operatory,11:20,32
A5175,Patient 5175,D713,Filling,General Operatory,12:55,26
A5176,Patient 5176,D103,Checkup/Cleaning,General Operatory,09:50,47
A5177,Patient 5177,D82,Checkup/Cleaning,General Operatory,10:50,45
A5178,Patient 5178,D508,Checkup/Cleaning,General Operatory,10:50,58
A5179,Patient 5179,D597,Extraction,General Operatory,11:10,20
A5180,Patient 5180,D476,Extraction,General Operatory,09:45,20
A5181,Patient 5181,D569,Root Canal,Endodontic Operatory,09:45,62
A5182,Patient 5182,D123,Checkup/Cleaning,General Operatory,12:50,47
A5183,Patient 5183,D307,Checkup/Cleaning,General Operatory,09:45,59
A5184,Patient 5184,D623,Checkup/Cleaning,General Operatory,11:45,43
A5185,Patient 5185,D378,Filling,General Operatory,15:40,38
A5186,Patient 5186,D193,Extraction,General Operatory,10:40,27
A5187,Patient 5187,D39,Crown,General Operatory,12:50,45
A5188,Patient 5188,D114,Extraction,General Operatory,10:25,32
A5189,Patient 5189,D294,Checkup/Cleaning,General Operatory,10:50,50
A5190,Patient 5190,D357,Checkup/Cleaning,General Operatory,09:25,31
A5191,Patient 5191,D85,Crown,General Operatory,09:55,36
A5192,Patient 5192,D421,Filling,General Operatory,12:50,47
A5193,Patient 5193,D398,Checkup/Cleaning,General Operatory,12:35,47
A5194,Patient 5194,D346,Checkup/Cleaning,General Operatory,11:15,40
A5195,Patient 5195,D320,Crown,General Operatory,10:25,30
A5196,Patient 5196,D373,Checkup/Cleaning,General Operatory,15:05,53
A5197,Patient 5197,D725,Filling,General Operatory,14:15,54
A5198,Patient 5198,D283,Filling,General Operatory,10:15,42
A5199,Patient 5199,D620,Checkup/Cleaning,General Operatory,12:50,48
A5200,Patient 5200,D60,Checkup/Cleaning,General Operatory,11:15,33
A5201,Patient 5201,D718,Extraction,General Operatory,10:15,33
A5202,Patient 5202,D680,Crown,General Operatory,12:40,36
A5203,Patient 5203,D517,Checkup/Cleaning,General Operatory,15:25,34
A5204,Patient 5204,D460,Extraction,General Operatory,10:05,22
A5205,Patient 5205,D400,Filling,General Operatory,12:35,43
A5206,Patient 5206,D27,Checkup/Cleaning,General Operatory,09:35,57
A5207,Patient 5207,D24,Extraction,General Operatory,11:35,22
A5208,Patient 5208,D114,Root Canal,Endodontic Operatory,14:20,60
A5209,Patient 5209,D522,Extraction,General Operatory,11:25,33
A5210,Patient 5210,D267,Checkup/Cleaning,General Operatory,13:05,52
A5211,Patient 5211,D106,Crown,General Operatory,14:15,30
A5212,Patient 5212,D419,Filling,General Operatory,13:10,23
A5213,Patient 5213,D103,Filling,General Operatory,09:05,54
A5214,Patient 5214,D484,Filling,General Operatory,10:40,32
A5215,Patient 5215,D125,Filling,General Operatory,11:00,30
A5216,Patient 5216,D147,Filling,General Operatory,10:20,31
A5217,Patient 5217,D159,Checkup/Cleaning,General Operatory,11:40,47
A5218,Patient 5218,D335,Crown,General Operatory,10:05,46
A5219,Patient 5219,D621,Filling,General Operatory,09:10,39
A5220,Patient 5220,D280,Checkup/Cleaning,General Operatory,14:35,53
A5221,Patient 5221,D275,Filling,General Operatory,11:10,27
A5222,Patient 5222,D105,Extraction,General Operatory,09:55,27
A5223,Patient 5223,D322,Checkup/Cleaning,General Operatory,15:25,60
A5224,Patient 5224,D150,Checkup/Cleaning,General Operatory,11:00,50
A5225,Patient 5225,D135,Crown,General Operatory,11:45,30
A5226,Patient 5226,D297,Checkup/Cleaning,General Operatory,13:00,52
A5227,Patient 5227,D502,Filling,General Operatory,14:20,22
A5228,Patient 5228,D537,Checkup/Cleaning,General Operatory,13:45,34
A5229,Patient 5229,D75,Checkup/Cleaning,General Operatory,10:25,39
A5230,Patient 5230,D295,Crown,General Operatory,11:25,52
A5231,Patient 5231,D309,Checkup/Cleaning,General Operatory,14:20,40
A5232,Patient 5232,D523,Root Canal,Endodontic Operatory,13:45,63
A5233,Patient 5233,D295,Filling,General Operatory,14:35,46
A5234,Patient 5234,D295,Extraction,General Operatory,10:20,40
A5235,Patient 5235,D38,Checkup/Cleaning,General Operatory,11:00,50
A5236,Patient 5236,D625,Checkup/Cleaning,General Operatory,10:05,42
A5237,Patient 5237,D510,X-ray/Imaging,Imaging Room,12:55,14
A5238,Patient 5238,D690,X-ray/Imaging,Imaging Room,13:35,13
A5239,Patient 5239,D119,Extraction,General Operatory,09:50,23
A5240,Patient 5240,D743,Crown,General Operatory,10:05,44
A5241,Patient 5241,D738,Filling,General Operatory,11:05,56
A5242,Patient 5242,D340,Filling,General Operatory,11:35,42
A5243,Patient 5243,D607,Filling,General Operatory,10:55,21
A5244,Patient 5244,D192,Filling,General Operatory,14:50,20
A5245,Patient 5245,D618,X-ray/Imaging,Imaging Room,14:00,14
A5246,Patient 5246,D707,Checkup/Cleaning,General Operatory,11:15,58
A5247,Patient 5247,D623,Root Canal,Endodontic Operatory,10:05,73
A5248,Patient 5248,D69,Extraction,General Operatory,11:40,32
A5249,Patient 5249,D471,Checkup/Cleaning,General Operatory,15:25,44
A5250,Patient 5250,D381,Filling,General Operatory,11:15,22
A5251,Patient 5251,D326,Checkup/Cleaning,General Operatory,09:25,43
A5252,Patient 5252,D429,Extraction,General Operatory,11:55,22
A5253,Patient 5253,D566,Checkup/Cleaning,General Operatory,11:25,41
A5254,Patient 5254,D21,Filling,General Operatory,11:40,32
A5255,Patient 5255,D631,Extraction,General Operatory,13:05,40
A5256,Patient 5256,D303,Checkup/Cleaning,General Operatory,11:40,44
A5257,Patient 5257,D185,Checkup/Cleaning,General Operatory,10:55,58
A5258,Patient 5258,D545,Checkup/Cleaning,General Operatory,09:20,35
A5259,Patient 5259,D257,Checkup/Cleaning,General Operatory,13:40,39
A5260,Patient 5260,D33,Checkup/Cleaning,General Operatory,13:45,44
A5261,Patient 5261,D316,Checkup/Cleaning,General Operatory,12:30,40
A5262,Patient 5262,D408,Extraction,General Operatory,10:55,30
A5263,Patient 5263,D323,Filling,General Operatory,11:05,57
A5264,Patient 5264,D179,Root Canal,Endodontic Operatory,11:05,78
A5265,Patient 5265,D16,Checkup/Cleaning,General Operatory,12:45,35
A5266,Patient 5266,D63,Checkup/Cleaning,General Operatory,09:20,54
A5267,Patient 5267,D673,Checkup/Cleaning,General Operatory,11:45,55
A5268,Patient 5268,D299,Filling,General Operatory,15:20,34
A5269,Patient 5269,D330,Extraction,General Operatory,11:00,24
A5270,Patient 5270,D232,Checkup/Cleaning,General Operatory,11:25,30
A5271,Patient 5271,D620,Filling,General Operatory,13:25,31
A5272,Patient 5272,D615,Checkup/Cleaning,General Operatory,09:40,35
A5273,Patient 5273,D303,X-ray/Imaging,Imaging Room,09:20,14
A5274,Patient 5274,D28,Checkup/Cleaning,General Operatory,10:20,43
A5275,Patient 5275,D182,Crown,General Operatory,13:55,41
A5276,Patient 5276,D605,Checkup/Cleaning,General Operatory,10:25,42
A5277,Patient 5277,D215,Filling,General Operatory,11:35,20
A5278,Patient 5278,D130,Root Canal,Endodontic Operatory,09:15,84
A5279,Patient 5279,D125,Root Canal,Endodontic Operatory,11:10,78
A5280,Patient 5280,D47,Checkup/Cleaning,General Operatory,15:20,54
A5281,Patient 5281,D8,Checkup/Cleaning,General Operatory,11:25,31
A5282,Patient 5282,D688,Filling,General Operatory,10:50,26
A5283,Patient 5283,D659,Checkup/Cleaning,General Operatory,12:55,41
A5284,Patient 5284,D502,Extraction,General Operatory,13:55,22
A5285,Patient 5285,D3,Checkup/Cleaning,General Operatory,10:25,30
A5286,Patient 5286,D664,Checkup/Cleaning,General Operatory,10:00,33
A5287,Patient 5287,D189,Root Canal,Endodontic Operatory,12:40,72
A5288,Patient 5288,D717,Filling,General Operatory,13:00,52
A5289,Patient 5289,D363,X-ray/Imaging,Imaging Room,09:40,12
A5290,Patient 5290,D594,X-ray/Imaging,Imaging Room,10:50,11
A5291,Patient 5291,D293,Root Canal,Endodontic Operatory,10:25,71
A5292,Patient 5292,D140,Extraction,General Operatory,10:35,22
A5293,Patient 5293,D480,Filling,General Operatory,15:05,54
A5294,Patient 5294,D292,Checkup/Cleaning,General Operatory,11:30,39
A5295,Patient 5295,D251,Filling,General Operatory,13:05,27
A5296,Patient 5296,D362,Checkup/Cleaning,General Operatory,12:45,49
A5297,Patient 5297,D83,Extraction,General Operatory,12:40,35
A5298,Patient 5298,D729,Filling,General Operatory,10:05,23
A5299,Patient 5299,D675,Filling,General Operatory,10:55,46
A5300,Patient 5300,D28,Root Canal,Endodontic Operatory,10:20,65
A5301,Patient 5301,D718,Extraction,General Operatory,10:35,35
A5302,Patient 5302,D417,Extraction,General Operatory,09:20,39
A5303,Patient 5303,D136,Checkup/Cleaning,General Operatory,11:10,51
A5304,Patient 5304,D490,Extraction,General Operatory,10:10,34
A5305,Patient 5305,D645,Root Canal,Endodontic Operatory,09:50,80
A5306,Patient 5306,D344,Checkup/Cleaning,General Operatory,10:15,34
A5307,Patient 5307,D127,Filling,General Operatory,09:45,57
A5308,Patient 5308,D142,Filling,General Operatory,12:50,60
A5309,Patient 5309,D663,Filling,General Operatory,09:40,46
A5310,Patient 5310,D86,Checkup/Cleaning,General Operatory,11:20,57
A5311,Patient 5311,D320,Checkup/Cleaning,General Operatory,10:00,31
A5312,Patient 5312,D465,Root Canal,Endodontic Operatory,09:40,84
A5313,Patient 5313,D551,Filling,General Operatory,14:35,29
A5314,Patient 5314,D720,Extraction,General Operatory,11:05,26
A5315,Patient 5315,D448,Checkup/Cleaning,General Operatory,10:55,51
A5316,Patient 5316,D390,Filling,General Operatory,11:15,33
A5317,Patient 5317,D549,Extraction,General Operatory,10:30,23
A5318,Patient 5318,D207,Root Canal,Endodontic Operatory,12:20,75
A5319,Patient 5319,D584,Checkup/Cleaning,General Operatory,11:20,40
A5320,Patient 5320,D143,Checkup/Cleaning,General Operatory,14:30,33
A5321,Patient 5321,D684,Crown,General Operatory,11:30,56
A5322,Patient 5322,D168,Extraction,General Operatory,11:25,32
A5323,Patient 5323,D442,Filling,General Operatory,15:35,34
A5324,Patient 5324,D66,Root Canal,Endodontic Operatory,09:55,75
A5325,Patient 5325,D324,Crown,General Operatory,15:25,37
A5326,Patient 5326,D501,X-ray/Imaging,Imaging Room,13:20,12
A5327,Patient 5327,D322,Crown,General Operatory,14:10,42
A5328,Patient 5328,D421,Checkup/Cleaning,General Operatory,12:55,44
A5329,Patient 5329,D603,Filling,General Operatory,12:55,30
A5330,Patient 5330,D295,Extraction,General Operatory,10:05,23
A5331,Patient 5331,D417,Extraction,General Operatory,09:35,30
A5332,Patient 5332,D593,Checkup/Cleaning,General Operatory,11:30,48
A5333,Patient 5333,D393,Filling,General Operatory,14:15,41
A5334,Patient 5334,D147,Root Canal,Endodontic Operatory,14:20,61
A5335,Patient 5335,D130,Root Canal,Endodontic Operatory,10:05,88
A5336,Patient 5336,D184,Filling,General Operatory,10:55,34
A5337,Patient 5337,D720,Checkup/Cleaning,General Operatory,13:50,44
A5338,Patient 5338,D264,Extraction,General Operatory,11:25,28
A5339,Patient 5339,D75,Checkup/Cleaning,General Operatory,11:45,33
A5340,Patient 5340,D673,Filling,General Operatory,10:00,20
A5341,Patient 5341,D201,Checkup/Cleaning,General Operatory,11:45,45
A5342,Patient 5342,D707,Crown,General Operatory,13:35,52
A5343,Patient 5343,D294,Crown,General Operatory,14:15,45
A5344,Patient 5344,D475,Crown,General Operatory,11:25,34
A5345,Patient 5345,D533,Checkup/Cleaning,General Operatory,10:15,50
A5346,Patient 5346,D25,Checkup/Cleaning,General Operatory,10:55,50
A5347,Patient 5347,D138,Checkup/Cleaning,General Operatory,12:50,44
A5348,Patient 5348,D249,Checkup/Cleaning,General Operatory,12:45,50
A5349,Patient 5349,D711,Checkup/Cleaning,General Operatory,12:55,48
A5350,Patient 5350,D325,Checkup/Cleaning,General Operatory,12:40,59
A5351,Patient 5351,D410,Root Canal,Endodontic Operatory,09:30,74
A5352,Patient 5352,D202,Filling,General Operatory,12:55,34
A5353,Patient 5353,D533,Filling,General Operatory,09:55,20
A5354,Patient 5354,D142,Crown,General Operatory,09:45,56
A5355,Patient 5355,D51,Crown,General Operatory,10:55,53
A5356,Patient 5356,D300,Filling,General Operatory,10:10,37
A5357,Patient 5357,D260,Root Canal,Endodontic Operatory,12:30,87
A5358,Patient 5358,D210,X-ray/Imaging,Imaging Room,11:50,11
A5359,Patient 5359,D692,Filling,General Operatory,15:55,21
A5360,Patient 5360,D171,Crown,General Operatory,13:15,52
A5361,Patient 5361,D416,Filling,General Operatory,10:55,60
A5362,Patient 5362,D391,Checkup/Cleaning,General Operatory,10:45,40
A5363,Patient 5363,D622,Crown,General Operatory,12:45,58
A5364,Patient 5364,D137,Checkup/Cleaning,General Operatory,12:30,41
A5365,Patient 5365,D582,Extraction,General Operatory,11:00,21
A5366,Patient 5366,D150,Checkup/Cleaning,General Operatory,11:15,41
A5367,Patient 5367,D578,Crown,General Operatory,10:45,41
A5368,Patient 5368,D80,Checkup/Cleaning,General Operatory,12:40,40
A5369,Patient 5369,D113,Filling,General Operatory,12:35,53
A5370,Patient 5370,D554,Crown,General Operatory,11:05,36
A5371,Patient 5371,D591,Extraction,General Operatory,12:35,21
A5372,Patient 5372,D654,Checkup/Cleaning,General Operatory,10:05,39
A5373,Patient 5373,D248,Checkup/Cleaning,General Operatory,10:20,42
A5374,Patient 5374,D349,Checkup/Cleaning,General Operatory,14:35,36
A5375,Patient 5375,D196,Filling,General Operatory,11:50,26
A5376,Patient 5376,D662,Checkup/Cleaning,General Operatory,10:10,39
A5377,Patient 5377,D361,Filling,General Operatory,09:50,32
A5378,Patient 5378,D655,Checkup/Cleaning,General Operatory,10:15,59
A5379,Patient 5379,D326,Filling,General Operatory,09:40,48
A5380,Patient 5380,D462,Filling,General Operatory,09:50,22
A5381,Patient 5381,D39,Checkup/Cleaning,General Operatory,15:15,44
A5382,Patient 5382,D415,Crown,General Operatory,11:00,46
A5383,Patient 5383,D662,Extraction,General Operatory,10:40,35
A5384,Patient 5384,D447,Checkup/Cleaning,General Operatory,13:05,41
A5385,Patient 5385,D435,X-ray/Imaging,Imaging Room,12:30,14
A5386,Patient 5386,D88,Filling,General Operatory,11:25,50
A5387,Patient 5387,D450,Filling,General Operatory,09:55,53
A5388,Patient 5388,D164,Filling,General Operatory,11:05,50
A5389,Patient 5389,D737,Checkup/Cleaning,General Operatory,11:50,30
A5390,Patient 5390,D213,Filling,General Operatory,12:50,36
A5391,Patient 5391,D69,Filling,General Operatory,11:40,47
A5392,Patient 5392,D723,Checkup/Cleaning,General Operatory,11:10,41
A5393,Patient 5393,D246,X-ray/Imaging,Imaging Room,13:35,14
A5394,Patient 5394,D522,Checkup/Cleaning,General Operatory,10:15,35
A5395,Patient 5395,D676,Checkup/Cleaning,General Operatory,15:35,44
A5396,Patient 5396,D344,Filling,General Operatory,13:10,24
A5397,Patient 5397,D553,Root Canal,Endodontic Operatory,10:00,89
A5398,Patient 5398,D562,Filling,General Operatory,10:00,33
A5399,Patient 5399,D7,Checkup/Cleaning,General Operatory,11:25,46
A5400,Patient 5400,D162,Crown,General Operatory,10:15,44
A5401,Patient 5401,D394,Filling,General Operatory,14:10,55
A5402,Patient 5402,D262,Checkup/Cleaning,General Operatory,11:15,50
A5403,Patient 5403,D169,Checkup/Cleaning,General Operatory,13:55,57
A5404,Patient 5404,D308,Filling,General Operatory,10:20,35
A5405,Patient 5405,D479,Root Canal,Endodontic Operatory,10:10,90
A5406,Patient 5406,D578,Crown,General Operatory,13:45,34
A5407,Patient 5407,D655,Filling,General Operatory,10:45,34
A5408,Patient 5408,D496,Root Canal,Endodontic Operatory,09:45,75
A5409,Patient 5409,D124,Crown,General Operatory,11:20,46
A5410,Patient 5410,D327,Checkup/Cleaning,General Operatory,10:15,53
A5411,Patient 5411,D400,Checkup/Cleaning,General Operatory,13:35,54
A5412,Patient 5412,D9,Filling,General Operatory,09:15,25
A5413,Patient 5413,D50,Root Canal,Endodontic Operatory,14:55,82
A5414,Patient 5414,D145,Checkup/Cleaning,General Operatory,11:40,51
A5415,Patient 5415,D222,Crown,General Operatory,09:30,60
A5416,Patient 5416,D675,Filling,General Operatory,12:15,48
A5417,Patient 5417,D634,Root Canal,Endodontic Operatory,10:30,85
A5418,Patient 5418,D124,Extraction,General Operatory,13:15,38
A5419,Patient 5419,D111,Filling,General Operatory,12:30,59
A5420,Patient 5420,D409,Filling,General Operatory,12:30,49
A5421,Patient 5421,D42,Extraction,General Operatory,13:00,32
A5422,Patient 5422,D200,Checkup/Cleaning,General Operatory,09:45,38
A5423,Patient 5423,D630,Extraction,General Operatory,09:30,24
A5424,Patient 5424,D142,X-ray/Imaging,Imaging Room,13:20,13
A5425,Patient 5425,D201,Root Canal,Endodontic Operatory,09:50,79
A5426,Patient 5426,D131,Root Canal,Endodontic Operatory,10:55,78
A5427,Patient 5427,D250,X-ray/Imaging,Imaging Room,10:20,15
A5428,Patient 5428,D22,Filling,General Operatory,10:05,38
A5429,Patient 5429,D432,Checkup/Cleaning,General Operatory,11:45,33
A5430,Patient 5430,D656,Filling,General Operatory,11:20,25
A5431,Patient 5431,D719,Checkup/Cleaning,General Operatory,12:25,32
A5432,Patient 5432,D430,Checkup/Cleaning,General Operatory,09:15,46
A5433,Patient 5433,D411,Checkup/Cleaning,General Operatory,10:40,48
A5434,Patient 5434,D686,Checkup/Cleaning,General Operatory,12:50,44
A5435,Patient 5435,D467,Crown,General Operatory,14:10,59
A5436,Patient 5436,D226,Checkup/Cleaning,General Operatory,13:50,46
A5437,Patient 5437,D367,Filling,General Operatory,13:00,25
A5438,Patient 5438,D111,Checkup/Cleaning,General Operatory,12:50,42
A5439,Patient 5439,D94,Root Canal,Endodontic Operatory,09:35,72
A5440,Patient 5440,D424,X-ray/Imaging,Imaging Room,11:50,13
A5441,Patient 5441,D696,Root Canal,Endodontic Operatory,09:40,85
A5442,Patient 5442,D213,Checkup/Cleaning,General Operatory,12:15,60
A5443,Patient 5443,D674,Filling,General Operatory,09:40,43
A5444,Patient 5444,D146,Checkup/Cleaning,General Operatory,10:05,47
A5445,Patient 5445,D607,Crown,General Operatory,09:55,53
A5446,Patient 5446,D298,Checkup/Cleaning,General Operatory,10:50,55
A5447,Patient 5447,D22,Filling,General Operatory,09:30,23
A5448,Patient 5448,D683,Extraction,General Operatory,10:00,20
A5449,Patient 5449,D604,Checkup/Cleaning,General Operatory,12:25,54
A5450,Patient 5450,D214,Root Canal,Endodontic Operatory,09:30,75
A5451,Patient 5451,D668,Checkup/Cleaning,General Operatory,10:45,31
A5452,Patient 5452,D241,Checkup/Cleaning,General Operatory,11:20,43
A5453,Patient 5453,D391,Filling,General Operatory,11:15,32
A5454,Patient 5454,D92,Crown,General Operatory,10:35,31
A5455,Patient 5455,D604,Checkup/Cleaning,General Operatory,14:10,56
A5456,Patient 5456,D241,Checkup/Cleaning,General Operatory,10:35,44
A5457,Patient 5457,D745,Checkup/Cleaning,General Operatory,12:40,60
A5458,Patient 5458,D46,Checkup/Cleaning,General Operatory,10:05,50
A5459,Patient 5459,D716,X-ray/Imaging,Imaging Room,10:35,10
A5460,Patient 5460,D615,Root Canal,Endodontic Operatory,10:10,79
A5461,Patient 5461,D637,Extraction,General Operatory,10:10,21
A5462,Patient 5462,D649,Filling,General Operatory,10:00,47
A5463,Patient 5463,D428,Filling,General Operatory,10:25,54
A5464,Patient 5464,D525,Root Canal,Endodontic Operatory,09:15,62
A5465,Patient 5465,D691,Extraction,General Operatory,11:10,36
A5466,Patient 5466,D586,Checkup/Cleaning,General Operatory,10:45,44
A5467,Patient 5467,D469,Root Canal,Endodontic Operatory,11:10,87
A5468,Patient 5468,D76,X-ray/Imaging,Imaging Room,11:10,10
A5469,Patient 5469,D698,Filling,General Operatory,13:00,33
A5470,Patient 5470,D9,Crown,General Operatory,10:00,43
A5471,Patient 5471,D620,Filling,General Operatory,11:15,52
A5472,Patient 5472,D97,Filling,General Operatory,13:10,27
A5473,Patient 5473,D144,Extraction,General Operatory,10:15,39
A5474,Patient 5474,D418,Extraction,General Operatory,12:45,31
A5475,Patient 5475,D746,Checkup/Cleaning,General Operatory,11:35,55
A5476,Patient 5476,D491,Extraction,General Operatory,13:20,23
A5477,Patient 5477,D491,Filling,General Operatory,13:20,28
A5478,Patient 5478,D556,Root Canal,Endodontic Operatory,09:55,66
A5479,Patient 5479,D443,Filling,General Operatory,10:50,42
A5480,Patient 5480,D747,Extraction,General Operatory,09:40,40
A5481,Patient 5481,D412,Checkup/Cleaning,General Operatory,09:35,35
A5482,Patient 5482,D443,Filling,General Operatory,15:35,52
A5483,Patient 5483,D12,Filling,General Operatory,10:15,32
A5484,Patient 5484,D88,Crown,General Operatory,09:55,56
A5485,Patient 5485,D192,Filling,General Operatory,13:05,58
A5486,Patient 5486,D624,Checkup/Cleaning,General Operatory,13:20,39
A5487,Patient 5487,D248,Root Canal,Endodontic Operatory,10:15,78
A5488,Patient 5488,D139,Checkup/Cleaning,General Operatory,11:40,49
A5489,Patient 5489,D477,Checkup/Cleaning,General Operatory,13:15,40
A5490,Patient 5490,D390,Checkup/Cleaning,General Operatory,15:15,47
A5491,Patient 5491,D571,Filling,General Operatory,09:25,54
A5492,Patient 5492,D31,Crown,General Operatory,13:50,59
A5493,Patient 5493,D128,Root Canal,Endodontic Operatory,11:15,63
A5494,Patient 5494,D338,Filling,General Operatory,09:45,57
A5495,Patient 5495,D72,X-ray/Imaging,Imaging Room,14:20,11
A5496,Patient 5496,D406,Filling,General Operatory,14:25,25
A5497,Patient 5497,D452,Checkup/Cleaning,General Operatory,15:35,33
A5498,Patient 5498,D539,Filling,General Operatory,15:45,23
A5499,Patient 5499,D45,Checkup/Cleaning,General Operatory,10:00,49
A5500,Patient 5500,D277,Filling,General Operatory,11:15,60
A5501,Patient 5501,D458,Filling,General Operatory,11:50,51
A5502,Patient 5502,D475,X-ray/Imaging,Imaging Room,09:50,15
A5503,Patient 5503,D145,Filling,General Operatory,09:55,21
A5504,Patient 5504,D749,Crown,General Operatory,12:40,40
A5505,Patient 5505,D66,Extraction,General Operatory,14:55,32
A5506,Patient 5506,D37,Filling,General Operatory,12:50,30
A5507,Patient 5507,D412,Extraction,General Operatory,10:00,39
A5508,Patient 5508,D186,Checkup/Cleaning,General Operatory,10:10,57
A5509,Patient 5509,D620,Checkup/Cleaning,General Operatory,13:20,33
A5510,Patient 5510,D17,Filling,General Operatory,10:20,22
A5511,Patient 5511,D655,Checkup/Cleaning,General Operatory,09:25,60
A5512,Patient 5512,D177,Crown,General Operatory,10:50,50
A5513,Patient 5513,D143,Checkup/Cleaning,General Operatory,13:00,55
A5514,Patient 5514,D373,Checkup/Cleaning,General Operatory,15:35,60
A5515,Patient 5515,D296,X-ray/Imaging,Imaging Room,15:50,15
A5516,Patient 5516,D507,Crown,General Operatory,11:00,52
A5517,Patient 5517,D313,Filling,General Operatory,12:35,58
A5518,Patient 5518,D695,Root Canal,Endodontic Operatory,11:05,75
A5519,Patient 5519,D738,Filling,General Operatory,15:15,51
A5520,Patient 5520,D371,Extraction,General Operatory,10:10,28
A5521,Patient 5521,D261,Checkup/Cleaning,General Operatory,10:15,32
A5522,Patient 5522,D672,Filling,General Operatory,14:00,55
A5523,Patient 5523,D363,Crown,General Operatory,09:25,46
A5524,Patient 5524,D519,Checkup/Cleaning,General Operatory,13:55,39
A5525,Patient 5525,D678,Crown,General Operatory,13:15,41
A5526,Patient 5526,D440,Extraction,General Operatory,14:45,33
A5527,Patient 5527,D222,Filling,General Operatory,11:25,45
A5528,Patient 5528,D531,Checkup/Cleaning,General Operatory,09:40,34
A5529,Patient 5529,D485,Filling,General Operatory,10:15,50
A5530,Patient 5530,D624,Checkup/Cleaning,General Operatory,14:40,35
A5531,Patient 5531,D625,Filling,General Operatory,11:30,36
A5532,Patient 5532,D747,Filling,General Operatory,10:40,58
A5533,Patient 5533,D549,Checkup/Cleaning,General Operatory,11:35,30
A5534,Patient 5534,D327,Root Canal,Endodontic Operatory,10:15,71
A5535,Patient 5535,D611,Checkup/Cleaning,General Operatory,10:20,38
A5536,Patient 5536,D170,Extraction,General Operatory,11:20,20
A5537,Patient 5537,D202,Checkup/Cleaning,General Operatory,14:35,59
A5538,Patient 5538,D201,Filling,General Operatory,11:25,49
A5539,Patient 5539,D502,Crown,General Operatory,13:50,57
A5540,Patient 5540,D277,Extraction,General Operatory,14:25,31
A5541,Patient 5541,D703,Checkup/Cleaning,General Operatory,09:50,47
A5542,Patient 5542,D432,Checkup/Cleaning,General Operatory,11:20,47
A5543,Patient 5543,D363,Checkup/Cleaning,General Operatory,11:15,34
A5544,Patient 5544,D5,Checkup/Cleaning,General Operatory,10:55,40
A5545,Patient 5545,D576,Checkup/Cleaning,General Operatory,12:30,36
A5546,Patient 5546,D67,Checkup/Cleaning,General Operatory,10:45,44
A5547,Patient 5547,D701,Extraction,General Operatory,14:35,27
A5548,Patient 5548,D504,Extraction,General Operatory,10:50,30
A5549,Patient 5549,D739,Extraction,General Operatory,10:55,23
A5550,Patient 5550,D245,Extraction,General Operatory,10:05,38
A5551,Patient 5551,D171,Filling,General Operatory,11:35,31
A5552,Patient 5552,D153,Filling,General Operatory,11:05,44
A5553,Patient 5553,D114,Extraction,General Operatory,11:45,36
A5554,Patient 5554,D229,Filling,General Operatory,10:45,55
A5555,Patient 5555,D357,Checkup/Cleaning,General Operatory,09:25,60
A5556,Patient 5556,D648,Root Canal,Endodontic Operatory,15:30,61
A5557,Patient 5557,D641,Checkup/Cleaning,General Operatory,12:20,37
A5558,Patient 5558,D81,Filling,General Operatory,11:35,39
A5559,Patient 5559,D321,Root Canal,Endodontic Operatory,13:55,67
A5560,Patient 5560,D716,Checkup/Cleaning,General Operatory,09:55,54
A5561,Patient 5561,D486,Checkup/Cleaning,General Operatory,10:10,57
A5562,Patient 5562,D467,Checkup/Cleaning,General Operatory,11:35,44
A5563,Patient 5563,D98,X-ray/Imaging,Imaging Room,15:35,11
A5564,Patient 5564,D684,Checkup/Cleaning,General Operatory,11:40,45
A5565,Patient 5565,D737,Extraction,General Operatory,14:50,25
A5566,Patient 5566,D264,Crown,General Operatory,11:40,35
A5567,Patient 5567,D30,Filling,General Operatory,09:40,53
A5568,Patient 5568,D671,Filling,General Operatory,09:50,30
A5569,Patient 5569,D637,Crown,General Operatory,10:40,43
A5570,Patient 5570,D86,Extraction,General Operatory,10:50,33
A5571,Patient 5571,D241,Crown,General Operatory,09:50,49
A5572,Patient 5572,D447,Extraction,General Operatory,11:40,21
A5573,Patient 5573,D34,Extraction,General Operatory,11:45,39
A5574,Patient 5574,D553,Checkup/Cleaning,General Operatory,09:35,56
A5575,Patient 5575,D452,Checkup/Cleaning,General Operatory,10:55,55
A5576,Patient 5576,D221,Checkup/Cleaning,General Operatory,11:45,37
A5577,Patient 5577,D570,Filling,General Operatory,12:50,22
A5578,Patient 5578,D353,Crown,General Operatory,13:05,32
A5579,Patient 5579,D666,Checkup/Cleaning,General Operatory,12:55,34
A5580,Patient 5580,D249,Filling,General Operatory,09:55,43
A5581,Patient 5581,D567,Checkup/Cleaning,General Operatory,09:15,53
A5582,Patient 5582,D253,Checkup/Cleaning,General Operatory,12:35,45
A5583,Patient 5583,D453,Filling,General Operatory,11:15,31
A5584,Patient 5584,D66,Checkup/Cleaning,General Operatory,11:50,40
A5585,Patient 5585,D25,Extraction,General Operatory,10:00,40
A5586,Patient 5586,D88,Filling,General Operatory,10:55,32
A5587,Patient 5587,D255,Filling,General Operatory,09:55,59
A5588,Patient 5588,D87,Crown,General Operatory,10:35,51
A5589,Patient 5589,D681,X-ray/Imaging,Imaging Room,10:05,13
A5590,Patient 5590,D695,Extraction,General Operatory,10:15,30
A5591,Patient 5591,D151,Extraction,General Operatory,13:20,23
A5592,Patient 5592,D620,Checkup/Cleaning,General Operatory,14:15,58
A5593,Patient 5593,D66,Crown,General Operatory,14:25,36
A5594,Patient 5594,D522,Checkup/Cleaning,General Operatory,09:50,43
A5595,Patient 5595,D86,Extraction,General Operatory,12:30,36
A5596,Patient 5596,D634,Checkup/Cleaning,General Operatory,11:10,33
A5597,Patient 5597,D253,Filling,General Operatory,15:40,24
A5598,Patient 5598,D454,Checkup/Cleaning,General Operatory,10:20,44
A5599,Patient 5599,D117,Root Canal,Endodontic Operatory,11:15,71
A5600,Patient 5600,D527,Extraction,General Operatory,10:15,35
A5601,Patient 5601,D659,Checkup/Cleaning,General Operatory,13:10,57
A5602,Patient 5602,D747,Checkup/Cleaning,General Operatory,09:10,57
A5603,Patient 5603,D261,Checkup/Cleaning,General Operatory,09:20,31
A5604,Patient 5604,D7,Checkup/Cleaning,General Operatory,11:45,50
A5605,Patient 5605,D250,Filling,General Operatory,12:35,55
A5606,Patient 5606,D219,Extraction,General Operatory,14:10,29
A5607,Patient 5607,D57,Checkup/Cleaning,General Operatory,13:05,40
A5608,Patient 5608,D464,Root Canal,Endodontic Operatory,10:45,61
A5609,Patient 5609,D279,Checkup/Cleaning,General Operatory,10:35,54
A5610,Patient 5610,D280,Filling,General Operatory,13:00,49
A5611,Patient 5611,D305,Extraction,General Operatory,12:50,37
A5612,Patient 5612,D246,Root Canal,Endodontic Operatory,12:25,77
A5613,Patient 5613,D46,Checkup/Cleaning,General Operatory,14:45,37
A5614,Patient 5614,D681,Checkup/Cleaning,General Operatory,09:15,35
A5615,Patient 5615,D322,Checkup/Cleaning,General Operatory,12:40,37
A5616,Patient 5616,D62,Checkup/Cleaning,General Operatory,09:20,39
A5617,Patient 5617,D3,Checkup/Cleaning,General Operatory,13:15,47
A5618,Patient 5618,D174,Filling,General Operatory,09:10,35
A5619,Patient 5619,D564,Extraction,General Operatory,15:45,22
A5620,Patient 5620,D536,Checkup/Cleaning,General Operatory,14:00,54
A5621,Patient 5621,D228,Filling,General Operatory,09:45,20
A5622,Patient 5622,D579,Extraction,General Operatory,11:10,22
A5623,Patient 5623,D252,Extraction,General Operatory,10:15,39
A5624,Patient 5624,D523,Filling,General Operatory,14:15,39
A5625,Patient 5625,D439,Filling,General Operatory,09:50,22
A5626,Patient 5626,D363,Checkup/Cleaning,General Operatory,10:35,38
A5627,Patient 5627,D52,X-ray/Imaging,Imaging Room,12:30,10
A5628,Patient 5628,D445,Checkup/Cleaning,General Operatory,11:10,47
A5629,Patient 5629,D670,Extraction,General Operatory,12:20,39
A5630,Patient 5630,D185,Checkup/Cleaning,General Operatory,11:00,30
A5631,Patient 5631,D83,Root Canal,Endodontic Operatory,15:10,88
A5632,Patient 5632,D83,Extraction,General Operatory,12:35,40
A5633,Patient 5633,D266,Crown,General Operatory,14:10,43
A5634,Patient 5634,D146,Extraction,General Operatory,10:15,31
A5635,Patient 5635,D118,Extraction,General Operatory,11:45,34
A5636,Patient 5636,D81,Checkup/Cleaning,General Operatory,12:45,44
A5637,Patient 5637,D705,Root Canal,Endodontic Operatory,13:50,76
A5638,Patient 5638,D145,Root Canal,Endodontic Operatory,12:50,67
A5639,Patient 5639,D411,Checkup/Cleaning,General Operatory,10:10,53
A5640,Patient 5640,D452,Filling,General Operatory,12:45,21
A5641,Patient 5641,D507,Checkup/Cleaning,General Operatory,11:20,33
A5642,Patient 5642,D538,Filling,General Operatory,11:15,38
A5643,Patient 5643,D170,Extraction,General Operatory,14:05,26
A5644,Patient 5644,D684,Filling,General Operatory,11:40,24
A5645,Patient 5645,D401,Crown,General Operatory,11:40,35
A5646,Patient 5646,D210,Extraction,General Operatory,11:30,20
A5647,Patient 5647,D74,Root Canal,Endodontic Operatory,13:50,73
A5648,Patient 5648,D701,Checkup/Cleaning,General Operatory,12:40,50
A5649,Patient 5649,D384,Checkup/Cleaning,General Operatory,09:15,46
A5650,Patient 5650,D616,Filling,General Operatory,10:50,54
A5651,Patient 5651,D213,Crown,General Operatory,12:40,43
A5652,Patient 5652,D28,Root Canal,Endodontic Operatory,10:00,72
A5653,Patient 5653,D552,X-ray/Imaging,Imaging Room,11:15,13
A5654,Patient 5654,D495,Crown,General Operatory,10:25,36
A5655,Patient 5655,D573,Root Canal,Endodontic Operatory,09:05,67
A5656,Patient 5656,D285,Filling,General Operatory,13:15,51
A5657,Patient 5657,D657,Checkup/Cleaning,General Operatory,09:50,53
A5658,Patient 5658,D353,Filling,General Operatory,12:55,31
A5659,Patient 5659,D724,X-ray/Imaging,Imaging Room,11:00,14
A5660,Patient 5660,D495,Crown,General Operatory,10:25,42
A5661,Patient 5661,D229,Checkup/Cleaning,General Operatory,09:55,31
A5662,Patient 5662,D387,Extraction,General Operatory,13:55,24
A5663,Patient 5663,D84,Filling,General Operatory,10:20,30
A5664,Patient 5664,D161,Checkup/Cleaning,General Operatory,10:45,33
A5665,Patient 5665,D21,Checkup/Cleaning,General Operatory,11:55,33
A5666,Patient 5666,D411,Extraction,General Operatory,10:20,35
A5667,Patient 5667,D539,Extraction,General Operatory,14:00,36
A5668,Patient 5668,D591,Filling,General Operatory,14:20,38
A5669,Patient 5669,D460,Extraction,General Operatory,10:05,21
A5670,Patient 5670,D139,Checkup/Cleaning,General Operatory,10:05,33
A5671,Patient 5671,D560,Crown,General Operatory,12:35,55
A5672,Patient 5672,D365,Filling,General Operatory,13:30,26
A5673,Patient 5673,D548,Extraction,General Operatory,11:25,20
A5674,Patient 5674,D505,Checkup/Cleaning,General Operatory,12:55,55
A5675,Patient 5675,D417,Crown,General Operatory,10:05,33
A5676,Patient 5676,D97,Checkup/Cleaning,General Operatory,11:35,44
A5677,Patient 5677,D460,Root Canal,Endodontic Operatory,11:05,83
A5678,Patient 5678,D106,Filling,General Operatory,14:10,39
A5679,Patient 5679,D224,Filling,General Operatory,12:35,55
A5680,Patient 5680,D91,Filling,General Operatory,11:10,33
A5681,Patient 5681,D664,Filling,General Operatory,09:30,57
A5682,Patient 5682,D544,X-ray/Imaging,Imaging Room,14:00,11
A5683,Patient 5683,D117,Root Canal,Endodontic Operatory,14:40,80
A5684,Patient 5684,D512,Checkup/Cleaning,General Operatory,11:25,45
A5685,Patient 5685,D700,Extraction,General Operatory,10:10,23
A5686,Patient 5686,D708,Checkup/Cleaning,General Operatory,09:20,59
A5687,Patient 5687,D79,Filling,General Operatory,10:00,53
A5688,Patient 5688,D593,Checkup/Cleaning,General Operatory,10:00,57
A5689,Patient 5689,D706,Extraction,General Operatory,11:20,21
A5690,Patient 5690,D689,Checkup/Cleaning,General Operatory,14:00,41
A5691,Patient 5691,D381,Filling,General Operatory,13:55,41
A5692,Patient 5692,D350,Extraction,General Operatory,13:25,27
A5693,Patient 5693,D601,Filling,General Operatory,11:15,27
A5694,Patient 5694,D286,X-ray/Imaging,Imaging Room,14:35,11
A5695,Patient 5695,D158,Checkup/Cleaning,General Operatory,11:30,40
A5696,Patient 5696,D109,Filling,General Operatory,10:25,37
A5697,Patient 5697,D718,Extraction,General Operatory,10:40,30
A5698,Patient 5698,D645,Extraction,General Operatory,11:50,28
A5699,Patient 5699,D432,Crown,General Operatory,09:55,58
A5700,Patient 5700,D724,Checkup/Cleaning,General Operatory,10:50,55
A5701,Patient 5701,D713,Filling,General Operatory,14:25,34
A5702,Patient 5702,D268,Filling,General Operatory,15:35,26
A5703,Patient 5703,D741,Root Canal,Endodontic Operatory,09:55,68
A5704,Patient 5704,D97,Checkup/Cleaning,General Operatory,14:15,36
A5705,Patient 5705,D618,Checkup/Cleaning,General Operatory,15:25,58
A5706,Patient 5706,D613,Filling,General Operatory,15:50,41
A5707,Patient 5707,D48,Extraction,General Operatory,13:05,33
A5708,Patient 5708,D372,Crown,General Operatory,10:55,48
A5709,Patient 5709,D139,Extraction,General Operatory,13:30,21
A5710,Patient 5710,D620,Crown,General Operatory,10:15,52
A5711,Patient 5711,D496,Extraction,General Operatory,10:00,26
A5712,Patient 5712,D429,Filling,General Operatory,10:00,24
A5713,Patient 5713,D221,X-ray/Imaging,Imaging Room,09:40,13
A5714,Patient 5714,D464,Checkup/Cleaning,General Operatory,10:50,52
A5715,Patient 5715,D491,Extraction,General Operatory,10:00,29
A5716,Patient 5716,D313,Checkup/Cleaning,General Operatory,13:55,35
A5717,Patient 5717,D277,Checkup/Cleaning,General Operatory,13:50,49
A5718,Patient 5718,D63,Filling,General Operatory,09:25,35
A5719,Patient 5719,D445,Checkup/Cleaning,General Operatory,09:50,58
A5720,Patient 5720,D558,Checkup/Cleaning,General Operatory,10:00,55
A5721,Patient 5721,D275,Checkup/Cleaning,General Operatory,13:50,54
A5722,Patient 5722,D160,Extraction,General Operatory,09:30,20
A5723,Patient 5723,D251,Root Canal,Endodontic Operatory,11:00,84
A5724,Patient 5724,D715,Extraction,General Operatory,10:15,34
A5725,Patient 5725,D719,Crown,General Operatory,11:20,32
A5726,Patient 5726,D437,Extraction,General Operatory,12:35,30
A5727,Patient 5727,D9,Extraction,General Operatory,09:55,38
A5728,Patient 5728,D317,Filling,General Operatory,13:20,32
A5729,Patient 5729,D635,Extraction,General Operatory,09:55,26
A5730,Patient 5730,D328,Checkup/Cleaning,General Operatory,09:25,50
A5731,Patient 5731,D333,X-ray/Imaging,Imaging Room,13:35,15
A5732,Patient 5732,D58,Filling,General Operatory,12:20,31
A5733,Patient 5733,D684,Crown,General Operatory,09:45,54
A5734,Patient 5734,D659,Checkup/Cleaning,General Operatory,11:50,42
A5735,Patient 5735,D274,Checkup/Cleaning,General Operatory,13:50,48
A5736,Patient 5736,D37,Extraction,General Operatory,10:20,25
A5737,Patient 5737,D392,Extraction,General Operatory,11:00,33
A5738,Patient 5738,D615,Checkup/Cleaning,General Operatory,10:55,35
A5739,Patient 5739,D240,Checkup/Cleaning,General Operatory,09:45,42
A5740,Patient 5740,D257,Checkup/Cleaning,General Operatory,14:20,32
A5741,Patient 5741,D197,Extraction,General Operatory,15:05,20
A5742,Patient 5742,D237,Root Canal,Endodontic Operatory,10:00,69
A5743,Patient 5743,D670,Extraction,General Operatory,12:20,24
A5744,Patient 5744,D388,Filling,General Operatory,13:00,31
A5745,Patient 5745,D277,Filling,General Operatory,15:35,32
A5746,Patient 5746,D691,Filling,General Operatory,11:00,58
A5747,Patient 5747,D264,Checkup/Cleaning,General Operatory,09:40,41
A5748,Patient 5748,D391,Filling,General Operatory,09:45,59
A5749,Patient 5749,D520,Filling,General Operatory,15:25,43
A5750,Patient 5750,D180,Checkup/Cleaning,General Operatory,12:45,53
A5751,Patient 5751,D393,Crown,General Operatory,10:20,60
A5752,Patient 5752,D338,Checkup/Cleaning,General Operatory,10:00,44
A5753,Patient 5753,D349,Root Canal,Endodontic Operatory,12:55,60
A5754,Patient 5754,D168,X-ray/Imaging,Imaging Room,13:30,14
A5755,Patient 5755,D637,X-ray/Imaging,Imaging Room,10:30,14
A5756,Patient 5756,D647,Crown,General Operatory,13:10,37
A5757,Patient 5757,D620,Crown,General Operatory,11:30,43
A5758,Patient 5758,D215,Checkup/Cleaning,General Operatory,14:45,33
A5759,Patient 5759,D415,Checkup/Cleaning,General Operatory,09:55,38
A5760,Patient 5760,D563,Filling,General Operatory,09:50,20
A5761,Patient 5761,D603,Checkup/Cleaning,General Operatory,14:15,34
A5762,Patient 5762,D467,Checkup/Cleaning,General Operatory,11:55,38
A5763,Patient 5763,D661,Filling,General Operatory,10:55,44
A5764,Patient 5764,D441,Filling,General Operatory,11:00,54
A5765,Patient 5765,D265,Filling,General Operatory,10:30,46
A5766,Patient 5766,D469,Extraction,General Operatory,10:15,40
A5767,Patient 5767,D599,Checkup/Cleaning,General Operatory,10:25,57
A5768,Patient 5768,D451,Crown,General Operatory,09:25,32
A5769,Patient 5769,D537,Checkup/Cleaning,General Operatory,14:00,60
A5770,Patient 5770,D106,Checkup/Cleaning,General Operatory,15:30,45
A5771,Patient 5771,D429,Filling,General Operatory,10:05,40
A5772,Patient 5772,D79,Filling,General Operatory,09:45,52
A5773,Patient 5773,D703,Checkup/Cleaning,General Operatory,12:55,45
A5774,Patient 5774,D268,Filling,General Operatory,11:05,31
A5775,Patient 5775,D711,Checkup/Cleaning,General Operatory,11:45,60
A5776,Patient 5776,D656,X-ray/Imaging,Imaging Room,13:15,14
A5777,Patient 5777,D20,Crown,General Operatory,11:25,59
A5778,Patient 5778,D18,Extraction,General Operatory,11:50,33
A5779,Patient 5779,D235,Filling,General Operatory,09:55,39
A5780,Patient 5780,D730,Extraction,General Operatory,09:45,28
A5781,Patient 5781,D446,Checkup/Cleaning,General Operatory,14:05,56
A5782,Patient 5782,D602,Checkup/Cleaning,General Operatory,15:40,40
A5783,Patient 5783,D128,Checkup/Cleaning,General Operatory,11:25,31
A5784,Patient 5784,D339,Checkup/Cleaning,General Operatory,10:35,57
A5785,Patient 5785,D552,Checkup/Cleaning,General Operatory,10:10,52
A5786,Patient 5786,D177,Root Canal,Endodontic Operatory,10:55,87
A5787,Patient 5787,D527,X-ray/Imaging,Imaging Room,13:25,10
A5788,Patient 5788,D256,Filling,General Operatory,13:00,38
A5789,Patient 5789,D417,Crown,General Operatory,09:30,57
A5790,Patient 5790,D201,Checkup/Cleaning,General Operatory,09:45,41
A5791,Patient 5791,D738,Root Canal,Endodontic Operatory,15:00,60
A5792,Patient 5792,D145,Filling,General Operatory,11:45,56
A5793,Patient 5793,D342,Checkup/Cleaning,General Operatory,13:45,55
A5794,Patient 5794,D2,Root Canal,Endodontic Operatory,12:45,80
A5795,Patient 5795,D151,Crown,General Operatory,13:05,58
A5796,Patient 5796,D471,Filling,General Operatory,15:35,44
A5797,Patient 5797,D50,Crown,General Operatory,12:40,42
A5798,Patient 5798,D151,Checkup/Cleaning,General Operatory,13:10,36
A5799,Patient 5799,D221,Checkup/Cleaning,General Operatory,10:00,51
A5800,Patient 5800,D644,Filling,General Operatory,11:05,45
A5801,Patient 5801,D387,Extraction,General Operatory,10:55,27
A5802,Patient 5802,D551,Checkup/Cleaning,General Operatory,09:55,60
A5803,Patient 5803,D228,Filling,General Operatory,09:40,46
A5804,Patient 5804,D732,Root Canal,Endodontic Operatory,11:05,88
A5805,Patient 5805,D226,Root Canal,Endodontic Operatory,12:15,88
A5806,Patient 5806,D287,Crown,General Operatory,10:15,44
A5807,Patient 5807,D178,Extraction,General Operatory,11:35,24
A5808,Patient 5808,D402,Filling,General Operatory,12:45,40
A5809,Patient 5809,D522,Extraction,General Operatory,11:00,37
A5810,Patient 5810,D508,Checkup/Cleaning,General Operatory,15:30,45
A5811,Patient 5811,D628,Checkup/Cleaning,General Operatory,12:55,39
A5812,Patient 5812,D293,Root Canal,Endodontic Operatory,09:45,82
A5813,Patient 5813,D602,Filling,General Operatory,12:45,32
A5814,Patient 5814,D260,Crown,General Operatory,10:00,57
A5815,Patient 5815,D488,Filling,General Operatory,13:10,46
A5816,Patient 5816,D289,Checkup/Cleaning,General Operatory,09:45,57
A5817,Patient 5817,D492,Filling,General Operatory,09:30,42
A5818,Patient 5818,D612,Filling,General Operatory,11:20,32
A5819,Patient 5819,D78,Checkup/Cleaning,General Operatory,15:20,45
A5820,Patient 5820,D668,Root Canal,Endodontic Operatory,10:55,61
A5821,Patient 5821,D60,Root Canal,Endodontic Operatory,10:10,80
A5822,Patient 5822,D585,Crown,General Operatory,09:35,53
A5823,Patient 5823,D382,Filling,General Operatory,10:00,52
A5824,Patient 5824,D298,Extraction,General Operatory,11:20,30
A5825,Patient 5825,D342,Extraction,General Operatory,12:30,33
A5826,Patient 5826,D351,X-ray/Imaging,Imaging Room,11:40,11
A5827,Patient 5827,D422,Filling,General Operatory,12:50,22
A5828,Patient 5828,D38,Checkup/Cleaning,General Operatory,11:55,30
A5829,Patient 5829,D81,Checkup/Cleaning,General Operatory,10:05,53
A5830,Patient 5830,D599,X-ray/Imaging,Imaging Room,10:25,15
A5831,Patient 5831,D80,Checkup/Cleaning,General Operatory,15:40,52
A5832,Patient 5832,D514,Filling,General Operatory,14:25,45
A5833,Patient 5833,D83,Checkup/Cleaning,General Operatory,14:05,33
A5834,Patient 5834,D515,Checkup/Cleaning,General Operatory,12:25,60
A5835,Patient 5835,D412,Filling,General Operatory,10:50,39
A5836,Patient 5836,D482,Filling,General Operatory,14:15,25
A5837,Patient 5837,D524,Filling,General Operatory,10:25,20
A5838,Patient 5838,D598,Filling,General Operatory,10:35,44
A5839,Patient 5839,D726,Extraction,General Operatory,10:40,31
A5840,Patient 5840,D378,Filling,General Operatory,13:55,58
A5841,Patient 5841,D18,Filling,General Operatory,10:00,59
A5842,Patient 5842,D736,Checkup/Cleaning,General Operatory,13:55,37
A5843,Patient 5843,D4,Extraction,General Operatory,10:40,38
A5844,Patient 5844,D509,Filling,General Operatory,15:10,38
A5845,Patient 5845,D324,Checkup/Cleaning,General Operatory,13:55,45
A5846,Patient 5846,D639,Filling,General Operatory,10:50,31
A5847,Patient 5847,D260,Checkup/Cleaning,General Operatory,09:50,32
A5848,Patient 5848,D545,Filling,General Operatory,10:25,22
A5849,Patient 5849,D315,Filling,General Operatory,10:20,35
A5850,Patient 5850,D605,Root Canal,Endodontic Operatory,10:10,68
A5851,Patient 5851,D348,Checkup/Cleaning,General Operatory,10:05,44
A5852,Patient 5852,D132,Checkup/Cleaning,General Operatory,10:45,40
A5853,Patient 5853,D289,Checkup/Cleaning,General Operatory,12:40,59
A5854,Patient 5854,D740,Checkup/Cleaning,General Operatory,10:00,46
A5855,Patient 5855,D366,X-ray/Imaging,Imaging Room,11:10,14
A5856,Patient 5856,D424,Checkup/Cleaning,General Operatory,11:30,57
A5857,Patient 5857,D491,Checkup/Cleaning,General Operatory,10:00,36
A5858,Patient 5858,D376,Checkup/Cleaning,General Operatory,09:10,51
A5859,Patient 5859,D145,Filling,General Operatory,10:00,43
A5860,Patient 5860,D429,Root Canal,Endodontic Operatory,13:45,77
A5861,Patient 5861,D358,Checkup/Cleaning,General Operatory,13:10,49
A5862,Patient 5862,D374,Extraction,General Operatory,12:55,23
A5863,Patient 5863,D617,Checkup/Cleaning,General Operatory,11:00,58
A5864,Patient 5864,D60,Root Canal,Endodontic Operatory,09:40,76
A5865,Patient 5865,D175,X-ray/Imaging,Imaging Room,10:20,14
A5866,Patient 5866,D370,Root Canal,Endodontic Operatory,10:40,86
A5867,Patient 5867,D386,Filling,General Operatory,10:55,59
A5868,Patient 5868,D551,Checkup/Cleaning,General Operatory,10:20,57
A5869,Patient 5869,D226,Checkup/Cleaning,General Operatory,13:40,54
A5870,Patient 5870,D561,Crown,General Operatory,10:45,54
A5871,Patient 5871,D201,X-ray/Imaging,Imaging Room,14:50,10
A5872,Patient 5872,D395,Checkup/Cleaning,General Operatory,11:10,34
A5873,Patient 5873,D178,Checkup/Cleaning,General Operatory,10:25,35
A5874,Patient 5874,D379,Filling,General Operatory,14:15,35
A5875,Patient 5875,D602,Extraction,General Operatory,10:50,23
A5876,Patient 5876,D528,Checkup/Cleaning,General Operatory,10:05,45
A5877,Patient 5877,D93,X-ray/Imaging,Imaging Room,13:20,12
A5878,Patient 5878,D91,Checkup/Cleaning,General Operatory,10:15,32
A5879,Patient 5879,D372,Checkup/Cleaning,General Operatory,09:30,31
A5880,Patient 5880,D229,Checkup/Cleaning,General Operatory,11:35,31
A5881,Patient 5881,D304,Checkup/Cleaning,General Operatory,12:45,44
A5882,Patient 5882,D688,Extraction,General Operatory,11:05,21
A5883,Patient 5883,D370,Extraction,General Operatory,10:55,29
A5884,Patient 5884,D328,Filling,General Operatory,09:25,47
A5885,Patient 5885,D334,X-ray/Imaging,Imaging Room,11:25,12
A5886,Patient 5886,D189,Filling,General Operatory,10:15,26
A5887,Patient 5887,D629,Crown,General Operatory,12:30,49
A5888,Patient 5888,D157,Checkup/Cleaning,General Operatory,13:45,39
A5889,Patient 5889,D633,Crown,General Operatory,10:45,55
A5890,Patient 5890,D430,X-ray/Imaging,Imaging Room,11:05,15
A5891,Patient 5891,D657,Filling,General Operatory,09:45,59
A5892,Patient 5892,D61,Crown,General Operatory,15:30,58
A5893,Patient 5893,D652,Checkup/Cleaning,General Operatory,09:55,51
A5894,Patient 5894,D127,Filling,General Operatory,11:50,29
A5895,Patient 5895,D129,Checkup/Cleaning,General Operatory,11:05,32
A5896,Patient 5896,D365,Crown,General Operatory,10:10,42
A5897,Patient 5897,D634,Filling,General Operatory,09:10,44
A5898,Patient 5898,D542,Checkup/Cleaning,General Operatory,10:25,38
A5899,Patient 5899,D726,Checkup/Cleaning,General Operatory,09:35,30
A5900,Patient 5900,D583,Checkup/Cleaning,General Operatory,11:40,51
A5901,Patient 5901,D649,Crown,General Operatory,12:55,60
A5902,Patient 5902,D505,Checkup/Cleaning,General Operatory,13:25,34
A5903,Patient 5903,D467,Checkup/Cleaning,General Operatory,09:55,36
A5904,Patient 5904,D32,Checkup/Cleaning,General Operatory,13:05,50
A5905,Patient 5905,D274,Filling,General Operatory,12:15,59
A5906,Patient 5906,D261,Root Canal,Endodontic Operatory,09:45,77
A5907,Patient 5907,D149,Extraction,General Operatory,12:40,22
A5908,Patient 5908,D191,Crown,General Operatory,09:30,55
A5909,Patient 5909,D694,X-ray/Imaging,Imaging Room,09:20,15
A5910,Patient 5910,D647,Crown,General Operatory,10:10,42
A5911,Patient 5911,D45,Checkup/Cleaning,General Operatory,10:00,30
A5912,Patient 5912,D269,Checkup/Cleaning,General Operatory,12:25,55
A5913,Patient 5913,D489,Checkup/Cleaning,General Operatory,15:20,60
A5914,Patient 5914,D710,X-ray/Imaging,Imaging Room,11:25,12
A5915,Patient 5915,D24,Checkup/Cleaning,General Operatory,13:20,32
A5916,Patient 5916,D747,Filling,General Operatory,10:15,41
A5917,Patient 5917,D705,Checkup/Cleaning,General Operatory,11:10,31
A5918,Patient 5918,D338,Extraction,General Operatory,10:00,31
A5919,Patient 5919,D226,Filling,General Operatory,14:05,51
A5920,Patient 5920,D523,Filling,General Operatory,12:40,44
A5921,Patient 5921,D714,X-ray/Imaging,Imaging Room,14:10,14
A5922,Patient 5922,D76,Checkup/Cleaning,General Operatory,11:10,51
A5923,Patient 5923,D663,Checkup/Cleaning,General Operatory,09:45,59
A5924,Patient 5924,D24,Crown,General Operatory,14:25,33
A5925,Patient 5925,D570,Filling,General Operatory,12:50,37
A5926,Patient 5926,D284,Extraction,General Operatory,10:20,34
A5927,Patient 5927,D631,Checkup/Cleaning,General Operatory,10:00,46
A5928,Patient 5928,D338,Checkup/Cleaning,General Operatory,10:40,53
A5929,Patient 5929,D534,Filling,General Operatory,12:55,40
A5930,Patient 5930,D574,Checkup/Cleaning,General Operatory,13:55,52
A5931,Patient 5931,D316,Checkup/Cleaning,General Operatory,15:10,52
A5932,Patient 5932,D266,Filling,General Operatory,13:35,56
A5933,Patient 5933,D371,Checkup/Cleaning,General Operatory,09:45,44
A5934,Patient 5934,D246,Filling,General Operatory,13:15,25
A5935,Patient 5935,D486,Checkup/Cleaning,General Operatory,14:50,31
A5936,Patient 5936,D340,Extraction,General Operatory,13:15,24
A5937,Patient 5937,D506,Checkup/Cleaning,General Operatory,11:45,47
A5938,Patient 5938,D530,Filling,General Operatory,12:55,60
A5939,Patient 5939,D340,Filling,General Operatory,13:00,29
A5940,Patient 5940,D377,Root Canal,Endodontic Operatory,10:35,90
A5941,Patient 5941,D680,Checkup/Cleaning,General Operatory,11:15,58
A5942,Patient 5942,D169,Extraction,General Operatory,15:30,20
A5943,Patient 5943,D540,Checkup/Cleaning,General Operatory,12:30,37
A5944,Patient 5944,D43,Filling,General Operatory,12:55,52
A5945,Patient 5945,D438,Filling,General Operatory,14:10,39
A5946,Patient 5946,D497,Crown,General Operatory,11:40,50
A5947,Patient 5947,D19,Extraction,General Operatory,11:35,32
A5948,Patient 5948,D565,Checkup/Cleaning,General Operatory,10:50,38
A5949,Patient 5949,D589,Checkup/Cleaning,General Operatory,10:10,48
A5950,Patient 5950,D151,Checkup/Cleaning,General Operatory,12:55,41
A5951,Patient 5951,D84,Crown,General Operatory,11:35,40
A5952,Patient 5952,D615,Extraction,General Operatory,11:10,36
A5953,Patient 5953,D501,Checkup/Cleaning,General Operatory,11:25,52
A5954,Patient 5954,D90,X-ray/Imaging,Imaging Room,13:40,10
A5955,Patient 5955,D299,X-ray/Imaging,Imaging Room,14:05,13
A5956,Patient 5956,D439,Filling,General Operatory,14:25,27
A5957,Patient 5957,D632,Extraction,General Operatory,12:35,33
A5958,Patient 5958,D230,Checkup/Cleaning,General Operatory,12:30,43
A5959,Patient 5959,D74,Root Canal,Endodontic Operatory,12:45,84
A5960,Patient 5960,D319,Crown,General Operatory,12:40,49
A5961,Patient 5961,D543,Filling,General Operatory,12:45,35
A5962,Patient 5962,D52,Filling,General Operatory,12:50,33
A5963,Patient 5963,D189,Checkup/Cleaning,General Operatory,11:30,33
A5964,Patient 5964,D39,Checkup/Cleaning,General Operatory,12:45,53
A5965,Patient 5965,D487,Extraction,General Operatory,10:05,24
A5966,Patient 5966,D149,Checkup/Cleaning,General Operatory,15:45,38
A5967,Patient 5967,D221,Checkup/Cleaning,General Operatory,10:35,51
A5968,Patient 5968,D492,Filling,General Operatory,09:45,55
A5969,Patient 5969,D644,Filling,General Operatory,09:55,36
A5970,Patient 5970,D85,Root Canal,Endodontic Operatory,10:05,87
A5971,Patient 5971,D282,Checkup/Cleaning,General Operatory,09:30,36
A5972,Patient 5972,D567,Checkup/Cleaning,General Operatory,11:20,56
A5973,Patient 5973,D225,Filling,General Operatory,10:25,35
A5974,Patient 5974,D409,Filling,General Operatory,11:05,51
A5975,Patient 5975,D335,Checkup/Cleaning,General Operatory,10:05,43
A5976,Patient 5976,D251,Filling,General Operatory,10:25,45
A5977,Patient 5977,D448,Filling,General Operatory,10:55,37
A5978,Patient 5978,D649,Extraction,General Operatory,09:50,35
A5979,Patient 5979,D645,Checkup/Cleaning,General Operatory,10:10,36
A5980,Patient 5980,D640,Filling,General Operatory,14:00,26
A5981,Patient 5981,D728,Filling,General Operatory,10:15,42
A5982,Patient 5982,D642,Crown,General Operatory,14:45,34
A5983,Patient 5983,D374,Extraction,General Operatory,11:10,25
A5984,Patient 5984,D329,Extraction,General Operatory,11:25,40
A5985,Patient 5985,D571,Checkup/Cleaning,General Operatory,11:05,30
A5986,Patient 5986,D465,Checkup/Cleaning,General Operatory,10:40,40
A5987,Patient 5987,D92,Crown,General Operatory,09:35,42
A5988,Patient 5988,D267,Checkup/Cleaning,General Operatory,11:35,49
A5989,Patient 5989,D490,Extraction,General Operatory,11:45,28
A5990,Patient 5990,D3,Filling,General Operatory,13:55,59
A5991,Patient 5991,D493,Root Canal,Endodontic Operatory,14:05,62
A5992,Patient 5992,D714,Filling,General Operatory,14:20,26
A5993,Patient 5993,D67,Filling,General Operatory,09:50,43
A5994,Patient 5994,D157,Filling,General Operatory,12:20,37
A5995,Patient 5995,D315,Extraction,General Operatory,11:30,25
A5996,Patient 5996,D689,Checkup/Cleaning,General Operatory,12:45,59
A5997,Patient 5997,D555,Checkup/Cleaning,General Operatory,10:35,54
A5998,Patient 5998,D530,Root Canal,Endodontic Operatory,13:00,70
A5999,Patient 5999,D488,Checkup/Cleaning,General Operatory,11:35,44
A6000,Patient 6000,D389,Root Canal,Endodontic Operatory,10:10,78
A6001,Patient 6001,D20,Filling,General Operatory,13:20,39
A6002,Patient 6002,D270,Extraction,General Operatory,13:10,26
A6003,Patient 6003,D228,X-ray/Imaging,Imaging Room,11:15,13
A6004,Patient 6004,D674,Filling,General Operatory,11:35,41
A6005,Patient 6005,D578,Checkup/Cleaning,General Operatory,13:45,34
A6006,Patient 6006,D597,Checkup/Cleaning,General Operatory,15:05,49
A6007,Patient 6007,D499,Filling,General Operatory,11:20,35
A6008,Patient 6008,D355,Checkup/Cleaning,General Operatory,10:15,48
A6009,Patient 6009,D128,X-ray/Imaging,Imaging Room,09:20,15
A6010,Patient 6010,D127,Crown,General Operatory,11:40,50
A6011,Patient 6011,D466,Crown,General Operatory,10:25,54
A6012,Patient 6012,D270,Checkup/Cleaning,General Operatory,14:30,32
A6013,Patient 6013,D711,Filling,General Operatory,10:10,28
A6014,Patient 6014,D375,Filling,General Operatory,11:35,52
A6015,Patient 6015,D261,Checkup/Cleaning,General Operatory,10:30,40
A6016,Patient 6016,D500,Checkup/Cleaning,General Operatory,10:50,42
A6017,Patient 6017,D665,Filling,General Operatory,14:05,33
A6018,Patient 6018,D156,Checkup/Cleaning,General Operatory,10:55,34
A6019,Patient 6019,D382,Checkup/Cleaning,General Operatory,14:55,30
A6020,Patient 6020,D353,Filling,General Operatory,11:40,58
A6021,Patient 6021,D371,Crown,General Operatory,11:00,33
A6022,Patient 6022,D413,Checkup/Cleaning,General Operatory,12:50,55
A6023,Patient 6023,D644,Extraction,General Operatory,10:05,26
A6024,Patient 6024,D245,Checkup/Cleaning,General Operatory,13:15,53
A6025,Patient 6025,D310,Filling,General Operatory,10:15,39
A6026,Patient 6026,D105,Checkup/Cleaning,General Operatory,10:50,55
A6027,Patient 6027,D649,Extraction,General Operatory,13:20,28
A6028,Patient 6028,D686,Filling,General Operatory,12:20,35
A6029,Patient 6029,D570,Checkup/Cleaning,General Operatory,14:05,40
A6030,Patient 6030,D43,Filling,General Operatory,11:35,33
A6031,Patient 6031,D382,Extraction,General Operatory,09:55,32
A6032,Patient 6032,D473,Checkup/Cleaning,General Operatory,14:25,49
A6033,Patient 6033,D104,Checkup/Cleaning,General Operatory,11:50,44
A6034,Patient 6034,D695,Checkup/Cleaning,General Operatory,09:50,57
A6035,Patient 6035,D449,Extraction,General Operatory,12:50,32
A6036,Patient 6036,D662,Checkup/Cleaning,General Operatory,10:25,31
A6037,Patient 6037,D443,Extraction,General Operatory,14:10,25
A6038,Patient 6038,D322,Extraction,General Operatory,13:55,32
A6039,Patient 6039,D113,Extraction,General Operatory,13:00,31
A6040,Patient 6040,D681,Filling,General Operatory,10:10,57
A6041,Patient 6041,D412,Extraction,General Operatory,09:40,31
A6042,Patient 6042,D499,X-ray/Imaging,Imaging Room,13:20,12
A6043,Patient 6043,D721,Filling,General Operatory,10:15,46
A6044,Patient 6044,D60,Filling,General Operatory,11:10,28
A6045,Patient 6045,D220,Checkup/Cleaning,General Operatory,10:00,32
A6046,Patient 6046,D354,Root Canal,Endodontic Operatory,10:20,84
A6047,Patient 6047,D8,Checkup/Cleaning,General Operatory,10:25,36
A6048,Patient 6048,D480,Crown,General Operatory,11:15,39
A6049,Patient 6049,D651,Checkup/Cleaning,General Operatory,09:35,49
A6050,Patient 6050,D415,Crown,General Operatory,09:25,59
A6051,Patient 6051,D492,Extraction,General Operatory,10:20,38
A6052,Patient 6052,D65,X-ray/Imaging,Imaging Room,10:45,12
A6053,Patient 6053,D201,Extraction,General Operatory,12:55,20
A6054,Patient 6054,D468,Extraction,General Operatory,15:40,27
A6055,Patient 6055,D644,Filling,General Operatory,10:35,43
A6056,Patient 6056,D400,Root Canal,Endodontic Operatory,11:00,76
A6057,Patient 6057,D186,Crown,General Operatory,11:25,51
A6058,Patient 6058,D747,Filling,General Operatory,09:50,57
A6059,Patient 6059,D145,Crown,General Operatory,14:30,57
A6060,Patient 6060,D400,Filling,General Operatory,10:50,57
A6061,Patient 6061,D130,Extraction,General Operatory,11:30,26
A6062,Patient 6062,D78,Checkup/Cleaning,General Operatory,11:05,51
A6063,Patient 6063,D163,Root Canal,Endodontic Operatory,09:45,62
A6064,Patient 6064,D501,Root Canal,Endodontic Operatory,12:30,77
A6065,Patient 6065,D342,Root Canal,Endodontic Operatory,12:20,87
A6066,Patient 6066,D327,Filling,General Operatory,11:10,36
A6067,Patient 6067,D280,Filling,General Operatory,12:55,43
A6068,Patient 6068,D186,Filling,General Operatory,11:30,40
A6069,Patient 6069,D79,Checkup/Cleaning,General Operatory,11:50,33
A6070,Patient 6070,D682,Crown,General Operatory,13:55,58
A6071,Patient 6071,D88,Checkup/Cleaning,General Operatory,09:55,59
A6072,Patient 6072,D524,X-ray/Imaging,Imaging Room,10:05,15
A6073,Patient 6073,D60,Checkup/Cleaning,General Operatory,10:55,56
A6074,Patient 6074,D103,Extraction,General Operatory,10:20,26
A6075,Patient 6075,D526,Checkup/Cleaning,General Operatory,14:00,33
A6076,Patient 6076,D509,Crown,General Operatory,12:20,38
A6077,Patient 6077,D170,Checkup/Cleaning,General Operatory,12:50,32
A6078,Patient 6078,D250,Checkup/Cleaning,General Operatory,11:15,40
A6079,Patient 6079,D100,Checkup/Cleaning,General Operatory,11:20,44
A6080,Patient 6080,D213,Crown,General Operatory,10:45,30
A6081,Patient 6081,D521,Filling,General Operatory,10:15,45
A6082,Patient 6082,D495,Checkup/Cleaning,General Operatory,09:35,48
A6083,Patient 6083,D678,Extraction,General Operatory,10:20,33
A6084,Patient 6084,D243,Root Canal,Endodontic Operatory,09:45,72
A6085,Patient 6085,D383,Checkup/Cleaning,General Operatory,11:00,43
A6086,Patient 6086,D706,Root Canal,Endodontic Operatory,12:10,80
A6087,Patient 6087,D97,Filling,General Operatory,11:55,22
A6088,Patient 6088,D537,Root Canal,Endodontic Operatory,13:25,72
A6089,Patient 6089,D673,Checkup/Cleaning,General Operatory,11:45,46
A6090,Patient 6090,D228,Checkup/Cleaning,General Operatory,11:05,58
A6091,Patient 6091,D397,Root Canal,Endodontic Operatory,10:00,80
A6092,Patient 6092,D263,Extraction,General Operatory,10:00,34
A6093,Patient 6093,D603,Extraction,General Operatory,11:05,32
A6094,Patient 6094,D736,Crown,General Operatory,11:20,54
A6095,Patient 6095,D699,Checkup/Cleaning,General Operatory,12:45,55
A6096,Patient 6096,D34,X-ray/Imaging,Imaging Room,11:15,15
A6097,Patient 6097,D661,Checkup/Cleaning,General Operatory,09:30,39
A6098,Patient 6098,D678,X-ray/Imaging,Imaging Room,13:25,15
A6099,Patient 6099,D700,Checkup/Cleaning,General Operatory,09:30,47
A6100,Patient 6100,D573,Filling,General Operatory,10:25,32
A6101,Patient 6101,D146,Filling,General Operatory,09:35,49
A6102,Patient 6102,D284,Checkup/Cleaning,General Operatory,11:20,60
A6103,Patient 6103,D69,Filling,General Operatory,11:15,60
A6104,Patient 6104,D350,X-ray/Imaging,Imaging Room,14:30,13
A6105,Patient 6105,D144,Checkup/Cleaning,General Operatory,12:40,43
A6106,Patient 6106,D564,Extraction,General Operatory,12:35,34
A6107,Patient 6107,D527,Checkup/Cleaning,General Operatory,14:35,57
A6108,Patient 6108,D238,Checkup/Cleaning,General Operatory,13:55,41
A6109,Patient 6109,D516,Root Canal,Endodontic Operatory,14:05,66
A6110,Patient 6110,D655,Checkup/Cleaning,General Operatory,10:15,43
A6111,Patient 6111,D246,Crown,General Operatory,14:15,40
A6112,Patient 6112,D492,Checkup/Cleaning,General Operatory,10:05,59
A6113,Patient 6113,D588,Checkup/Cleaning,General Operatory,10:45,52
A6114,Patient 6114,D126,Checkup/Cleaning,General Operatory,12:50,35
A6115,Patient 6115,D312,Checkup/Cleaning,General Operatory,15:05,55
A6116,Patient 6116,D155,Crown,General Operatory,10:50,37
A6117,Patient 6117,D586,Checkup/Cleaning,General Operatory,11:05,46
A6118,Patient 6118,D724,Filling,General Operatory,10:55,57
A6119,Patient 6119,D348,Root Canal,Endodontic Operatory,10:35,87
A6120,Patient 6120,D103,Filling,General Operatory,09:40,51
A6121,Patient 6121,D717,Checkup/Cleaning,General Operatory,11:45,31
A6122,Patient 6122,D513,Filling,General Operatory,11:00,23
A6123,Patient 6123,D76,Checkup/Cleaning,General Operatory,13:55,59
A6124,Patient 6124,D5,Checkup/Cleaning,General Operatory,12:25,60
A6125,Patient 6125,D554,Root Canal,Endodontic Operatory,10:45,84
A6126,Patient 6126,D569,Filling,General Operatory,09:40,33
A6127,Patient 6127,D395,Filling,General Operatory,11:55,27
A6128,Patient 6128,D465,Root Canal,Endodontic Operatory,10:05,72
A6129,Patient 6129,D684,Filling,General Operatory,10:10,23
A6130,Patient 6130,D287,Checkup/Cleaning,General Operatory,11:05,40
A6131,Patient 6131,D734,Filling,General Operatory,13:45,60
A6132,Patient 6132,D82,Extraction,General Operatory,15:30,35
A6133,Patient 6133,D46,Checkup/Cleaning,General Operatory,11:50,35
A6134,Patient 6134,D431,Extraction,General Operatory,12:45,34
A6135,Patient 6135,D271,X-ray/Imaging,Imaging Room,09:50,12
A6136,Patient 6136,D310,Filling,General Operatory,14:00,54
A6137,Patient 6137,D601,Checkup/Cleaning,General Operatory,12:20,57
A6138,Patient 6138,D120,Filling,General Operatory,12:15,42
A6139,Patient 6139,D350,Root Canal,Endodontic Operatory,11:10,65
A6140,Patient 6140,D466,Filling,General Operatory,10:20,57
A6141,Patient 6141,D736,Crown,General Operatory,12:35,55
A6142,Patient 6142,D121,Checkup/Cleaning,General Operatory,12:55,31
A6143,Patient 6143,D485,Filling,General Operatory,11:30,48
A6144,Patient 6144,D690,Extraction,General Operatory,11:45,33
A6145,Patient 6145,D154,Filling,General Operatory,09:20,49
A6146,Patient 6146,D397,Extraction,General Operatory,10:25,26
A6147,Patient 6147,D346,Checkup/Cleaning,General Operatory,10:55,51
A6148,Patient 6148,D594,Checkup/Cleaning,General Operatory,12:35,46
A6149,Patient 6149,D542,Crown,General Operatory,09:45,53
A6150,Patient 6150,D445,Filling,General Operatory,13:10,57
A6151,Patient 6151,D187,Crown,General Operatory,12:55,60
A6152,Patient 6152,D70,Checkup/Cleaning,General Operatory,10:25,34
A6153,Patient 6153,D488,Checkup/Cleaning,General Operatory,14:25,54
A6154,Patient 6154,D452,Crown,General Operatory,14:00,44
A6155,Patient 6155,D480,Checkup/Cleaning,General Operatory,11:20,50
A6156,Patient 6156,D579,Crown,General Operatory,09:35,43
A6157,Patient 6157,D229,Filling,General Operatory,09:35,57
A6158,Patient 6158,D72,Extraction,General Operatory,11:15,22
A6159,Patient 6159,D245,X-ray/Imaging,Imaging Room,10:25,10
A6160,Patient 6160,D612,Filling,General Operatory,12:50,31
A6161,Patient 6161,D417,Filling,General Operatory,10:05,30
A6162,Patient 6162,D168,Checkup/Cleaning,General Operatory,14:15,51
A6163,Patient 6163,D54,Root Canal,Endodontic Operatory,10:50,66
A6164,Patient 6164,D236,Checkup/Cleaning,General Operatory,10:10,42
A6165,Patient 6165,D726,Crown,General Operatory,11:20,56
A6166,Patient 6166,D580,X-ray/Imaging,Imaging Room,13:10,12
A6167,Patient 6167,D697,Crown,General Operatory,13:00,42
A6168,Patient 6168,D671,Checkup/Cleaning,General Operatory,10:25,40
A6169,Patient 6169,D402,Checkup/Cleaning,General Operatory,13:05,34
A6170,Patient 6170,D93,Checkup/Cleaning,General Operatory,10:15,40
A6171,Patient 6171,D733,Root Canal,Endodontic Operatory,14:20,61
A6172,Patient 6172,D272,Checkup/Cleaning,General Operatory,14:30,58
A6173,Patient 6173,D345,Checkup/Cleaning,General Operatory,11:25,45
A6174,Patient 6174,D252,Checkup/Cleaning,General Operatory,13:10,60
A6175,Patient 6175,D533,Root Canal,Endodontic Operatory,10:05,68
A6176,Patient 6176,D359,X-ray/Imaging,Imaging Room,13:55,11
A6177,Patient 6177,D332,Checkup/Cleaning,General Operatory,11:30,44
A6178,Patient 6178,D136,Filling,General Operatory,12:55,21
A6179,Patient 6179,D435,Filling,General Operatory,12:40,60
A6180,Patient 6180,D407,Checkup/Cleaning,General Operatory,09:25,35
A6181,Patient 6181,D740,Filling,General Operatory,09:20,28
A6182,Patient 6182,D256,Crown,General Operatory,11:10,59
A6183,Patient 6183,D96,Extraction,General Operatory,13:10,30
A6184,Patient 6184,D425,Crown,General Operatory,13:05,60
A6185,Patient 6185,D678,Checkup/Cleaning,General Operatory,11:45,55
A6186,Patient 6186,D538,Root Canal,Endodontic Operatory,10:45,65
A6187,Patient 6187,D208,Root Canal,Endodontic Operatory,09:55,82
A6188,Patient 6188,D162,Root Canal,Endodontic Operatory,11:25,78
A6189,Patient 6189,D178,Filling,General Operatory,11:55,27
A6190,Patient 6190,D402,Checkup/Cleaning,General Operatory,11:15,33
A6191,Patient 6191,D241,Checkup/Cleaning,General Operatory,11:05,35
A6192,Patient 6192,D519,Checkup/Cleaning,General Operatory,11:05,30
A6193,Patient 6193,D81,Extraction,General Operatory,13:20,25
A6194,Patient 6194,D320,Checkup/Cleaning,General Operatory,09:50,32
A6195,Patient 6195,D151,Extraction,General Operatory,14:10,40
A6196,Patient 6196,D85,Extraction,General Operatory,10:10,35
A6197,Patient 6197,D376,Crown,General Operatory,10:10,32
A6198,Patient 6198,D543,Filling,General Operatory,12:50,28
A6199,Patient 6199,D57,Crown,General Operatory,11:40,38
A6200,Patient 6200,D135,Crown,General Operatory,10:30,40
A6201,Patient 6201,D101,Filling,General Operatory,11:05,45
A6202,Patient 6202,D459,Checkup/Cleaning,General Operatory,14:15,35
A6203,Patient 6203,D236,Crown,General Operatory,10:15,42
A6204,Patient 6204,D548,Crown,General Operatory,11:50,40
A6205,Patient 6205,D194,Checkup/Cleaning,General Operatory,12:45,48
A6206,Patient 6206,D506,Checkup/Cleaning,General Operatory,13:20,37
A6207,Patient 6207,D222,Filling,General Operatory,10:00,20
A6208,Patient 6208,D91,Crown,General Operatory,10:30,40
A6209,Patient 6209,D158,Checkup/Cleaning,General Operatory,09:55,42
A6210,Patient 6210,D275,Extraction,General Operatory,12:45,37
A6211,Patient 6211,D721,Checkup/Cleaning,General Operatory,11:10,50
A6212,Patient 6212,D98,Filling,General Operatory,14:15,26
A6213,Patient 6213,D509,Extraction,General Operatory,13:50,35
A6214,Patient 6214,D29,Extraction,General Operatory,09:45,31
A6215,Patient 6215,D134,Checkup/Cleaning,General Operatory,13:40,57
A6216,Patient 6216,D563,Extraction,General Operatory,09:25,31
A6217,Patient 6217,D233,Extraction,General Operatory,12:15,38
A6218,Patient 6218,D276,Filling,General Operatory,15:45,32
A6219,Patient 6219,D600,Checkup/Cleaning,General Operatory,10:40,35
A6220,Patient 6220,D352,Filling,General Operatory,11:25,60
A6221,Patient 6221,D128,Checkup/Cleaning,General Operatory,09:45,56
A6222,Patient 6222,D662,Filling,General Operatory,10:40,38
A6223,Patient 6223,D20,Crown,General Operatory,11:40,44
A6224,Patient 6224,D310,Extraction,General Operatory,14:40,23
A6225,Patient 6225,D188,Checkup/Cleaning,General Operatory,12:25,55
A6226,Patient 6226,D597,Filling,General Operatory,11:05,44
A6227,Patient 6227,D616,Checkup/Cleaning,General Operatory,10:35,59
A6228,Patient 6228,D710,Checkup/Cleaning,General Operatory,14:20,39
A6229,Patient 6229,D482,Extraction,General Operatory,15:45,27
A6230,Patient 6230,D726,Root Canal,Endodontic Operatory,09:20,75
A6231,Patient 6231,D305,Checkup/Cleaning,General Operatory,10:25,39
A6232,Patient 6232,D351,Crown,General Operatory,10:20,49
A6233,Patient 6233,D508,Checkup/Cleaning,General Operatory,12:30,57
A6234,Patient 6234,D488,Checkup/Cleaning,General Operatory,11:25,58
A6235,Patient 6235,D229,Crown,General Operatory,10:20,57
A6236,Patient 6236,D161,Extraction,General Operatory,09:25,38
A6237,Patient 6237,D277,Crown,General Operatory,11:00,50
A6238,Patient 6238,D129,Checkup/Cleaning,General Operatory,11:30,48
A6239,Patient 6239,D52,Extraction,General Operatory,14:10,21
A6240,Patient 6240,D10,Extraction,General Operatory,13:05,33
A6241,Patient 6241,D495,Checkup/Cleaning,General Operatory,09:25,43
A6242,Patient 6242,D172,Filling,General Operatory,11:10,28
A6243,Patient 6243,D268,Filling,General Operatory,11:15,22
A6244,Patient 6244,D614,Checkup/Cleaning,General Operatory,11:10,49
A6245,Patient 6245,D736,X-ray/Imaging,Imaging Room,10:55,15
A6246,Patient 6246,D696,Checkup/Cleaning,General Operatory,09:50,44
A6247,Patient 6247,D728,Checkup/Cleaning,General Operatory,09:20,44
A6248,Patient 6248,D406,Checkup/Cleaning,General Operatory,12:45,32
A6249,Patient 6249,D337,Filling,General Operatory,09:55,20
A6250,Patient 6250,D68,Filling,General Operatory,13:00,28
A6251,Patient 6251,D223,X-ray/Imaging,Imaging Room,11:00,14
A6252,Patient 6252,D460,Root Canal,Endodontic Operatory,09:40,65
A6253,Patient 6253,D552,Extraction,General Operatory,11:30,40
A6254,Patient 6254,D632,Filling,General Operatory,14:10,46
A6255,Patient 6255,D489,Root Canal,Endodontic Operatory,12:20,62
A6256,Patient 6256,D610,Checkup/Cleaning,General Operatory,10:15,35
A6257,Patient 6257,D168,Extraction,General Operatory,13:00,34
A6258,Patient 6258,D413,Checkup/Cleaning,General Operatory,13:00,31
A6259,Patient 6259,D147,Extraction,General Operatory,12:55,20
A6260,Patient 6260,D721,X-ray/Imaging,Imaging Room,11:45,10
A6261,Patient 6261,D465,Filling,General Operatory,10:00,39
A6262,Patient 6262,D463,Filling,General Operatory,14:35,35
A6263,Patient 6263,D326,Checkup/Cleaning,General Operatory,09:25,60
A6264,Patient 6264,D181,Extraction,General Operatory,10:35,23
A6265,Patient 6265,D505,Filling,General Operatory,13:20,23
A6266,Patient 6266,D454,X-ray/Imaging,Imaging Room,11:00,12
A6267,Patient 6267,D637,Checkup/Cleaning,General Operatory,09:45,60
A6268,Patient 6268,D410,Filling,General Operatory,10:05,37
A6269,Patient 6269,D688,Filling,General Operatory,11:40,31
A6270,Patient 6270,D179,Filling,General Operatory,10:35,55
A6271,Patient 6271,D343,Filling,General Operatory,14:45,35
A6272,Patient 6272,D101,Crown,General Operatory,09:40,37
A6273,Patient 6273,D239,Checkup/Cleaning,General Operatory,12:55,37
A6274,Patient 6274,D52,Checkup/Cleaning,General Operatory,12:35,37
A6275,Patient 6275,D104,Root Canal,Endodontic Operatory,11:35,64
A6276,Patient 6276,D260,Checkup/Cleaning,General Operatory,13:00,48
A6277,Patient 6277,D196,Extraction,General Operatory,09:50,34
A6278,Patient 6278,D248,Checkup/Cleaning,General Operatory,09:55,31
A6279,Patient 6279,D410,Checkup/Cleaning,General Operatory,11:20,37
A6280,Patient 6280,D335,Checkup/Cleaning,General Operatory,11:20,30
A6281,Patient 6281,D375,Crown,General Operatory,13:15,40
A6282,Patient 6282,D56,Root Canal,Endodontic Operatory,10:10,90
A6283,Patient 6283,D716,Checkup/Cleaning,General Operatory,09:30,34
A6284,Patient 6284,D350,Filling,General Operatory,10:25,24
A6285,Patient 6285,D636,Checkup/Cleaning,General Operatory,11:15,56
A6286,Patient 6286,D135,Checkup/Cleaning,General Operatory,11:05,46
A6287,Patient 6287,D498,Root Canal,Endodontic Operatory,13:35,62
A6288,Patient 6288,D256,Root Canal,Endodontic Operatory,11:00,83
A6289,Patient 6289,D358,Extraction,General Operatory,13:10,27
A6290,Patient 6290,D626,X-ray/Imaging,Imaging Room,13:30,10
A6291,Patient 6291,D113,Checkup/Cleaning,General Operatory,14:25,45
A6292,Patient 6292,D367,Filling,General Operatory,11:45,27
A6293,Patient 6293,D237,Checkup/Cleaning,General Operatory,12:45,46
A6294,Patient 6294,D285,Filling,General Operatory,14:50,21
A6295,Patient 6295,D124,Extraction,General Operatory,14:25,24
A6296,Patient 6296,D688,Extraction,General Operatory,10:55,37
A6297,Patient 6297,D734,Filling,General Operatory,10:45,40
A6298,Patient 6298,D1,Filling,General Operatory,09:55,24
A6299,Patient 6299,D297,Checkup/Cleaning,General Operatory,13:15,40
A6300,Patient 6300,D676,Filling,General Operatory,14:05,42
A6301,Patient 6301,D610,Filling,General Operatory,11:30,24
A6302,Patient 6302,D703,Checkup/Cleaning,General Operatory,11:10,60
A6303,Patient 6303,D518,Checkup/Cleaning,General Operatory,12:35,54
A6304,Patient 6304,D112,Checkup/Cleaning,General Operatory,12:35,59
A6305,Patient 6305,D99,Root Canal,Endodontic Operatory,11:15,83
A6306,Patient 6306,D153,Filling,General Operatory,14:05,52
A6307,Patient 6307,D571,Checkup/Cleaning,General Operatory,09:10,49
A6308,Patient 6308,D288,Root Canal,Endodontic Operatory,12:05,88
A6309,Patient 6309,D396,Crown,General Operatory,12:45,47
A6310,Patient 6310,D418,X-ray/Imaging,Imaging Room,13:30,13
A6311,Patient 6311,D361,Checkup/Cleaning,General Operatory,10:45,56
A6312,Patient 6312,D431,Crown,General Operatory,12:55,31
A6313,Patient 6313,D37,Extraction,General Operatory,11:40,32
A6314,Patient 6314,D571,Filling,General Operatory,10:25,30
A6315,Patient 6315,D181,Filling,General Operatory,10:05,20
A6316,Patient 6316,D732,Filling,General Operatory,14:35,20
A6317,Patient 6317,D568,Checkup/Cleaning,General Operatory,14:20,51
A6318,Patient 6318,D459,Checkup/Cleaning,General Operatory,11:30,36
A6319,Patient 6319,D361,Filling,General Operatory,10:30,21
A6320,Patient 6320,D229,Extraction,General Operatory,10:55,20
A6321,Patient 6321,D51,Root Canal,Endodontic Operatory,10:10,79
A6322,Patient 6322,D613,Filling,General Operatory,12:15,56
A6323,Patient 6323,D657,Checkup/Cleaning,General Operatory,13:15,39
A6324,Patient 6324,D210,Filling,General Operatory,11:45,25
A6325,Patient 6325,D493,Checkup/Cleaning,General Operatory,12:40,31
A6326,Patient 6326,D540,Filling,General Operatory,12:35,46
A6327,Patient 6327,D71,Crown,General Operatory,14:40,40
A6328,Patient 6328,D104,Checkup/Cleaning,General Operatory,11:40,39
A6329,Patient 6329,D47,Filling,General Operatory,15:20,58
A6330,Patient 6330,D412,Checkup/Cleaning,General Operatory,09:15,39
A6331,Patient 6331,D516,Checkup/Cleaning,General Operatory,14:05,50
A6332,Patient 6332,D215,Filling,General Operatory,09:50,29
A6333,Patient 6333,D138,Checkup/Cleaning,General Operatory,11:35,56
A6334,Patient 6334,D340,Root Canal,Endodontic Operatory,10:10,66
A6335,Patient 6335,D721,Filling,General Operatory,10:00,35
A6336,Patient 6336,D102,Filling,General Operatory,09:50,55
A6337,Patient 6337,D607,Root Canal,Endodontic Operatory,09:40,86
A6338,Patient 6338,D381,Checkup/Cleaning,General Operatory,13:50,45
A6339,Patient 6339,D13,Crown,General Operatory,09:55,34
A6340,Patient 6340,D142,X-ray/Imaging,Imaging Room,11:45,12
A6341,Patient 6341,D25,Extraction,General Operatory,10:30,30
A6342,Patient 6342,D33,Filling,General Operatory,14:25,22
A6343,Patient 6343,D601,Crown,General Operatory,11:20,56
A6344,Patient 6344,D508,Filling,General Operatory,11:15,49
A6345,Patient 6345,D523,Filling,General Operatory,12:20,39
A6346,Patient 6346,D402,Checkup/Cleaning,General Operatory,14:30,36
A6347,Patient 6347,D255,Filling,General Operatory,09:15,23
A6348,Patient 6348,D595,Checkup/Cleaning,General Operatory,12:25,37
A6349,Patient 6349,D630,Checkup/Cleaning,General Operatory,09:10,59
A6350,Patient 6350,D504,Extraction,General Operatory,11:15,28
A6351,Patient 6351,D582,Filling,General Operatory,12:30,46
A6352,Patient 6352,D424,Root Canal,Endodontic Operatory,10:55,64
A6353,Patient 6353,D509,Extraction,General Operatory,11:20,31
A6354,Patient 6354,D621,Root Canal,Endodontic Operatory,09:25,65
A6355,Patient 6355,D159,Filling,General Operatory,13:05,40
A6356,Patient 6356,D58,Checkup/Cleaning,General Operatory,10:50,34
A6357,Patient 6357,D133,Checkup/Cleaning,General Operatory,09:45,60
A6358,Patient 6358,D382,Filling,General Operatory,11:15,49
A6359,Patient 6359,D189,Filling,General Operatory,13:15,43
A6360,Patient 6360,D45,Root Canal,Endodontic Operatory,13:10,63
A6361,Patient 6361,D170,Root Canal,Endodontic Operatory,11:00,76
A6362,Patient 6362,D72,Filling,General Operatory,11:20,47
A6363,Patient 6363,D118,Root Canal,Endodontic Operatory,12:35,66
A6364,Patient 6364,D500,Filling,General Operatory,11:30,38
A6365,Patient 6365,D498,Extraction,General Operatory,14:25,21
A6366,Patient 6366,D391,Root Canal,Endodontic Operatory,09:25,73
A6367,Patient 6367,D144,Filling,General Operatory,11:40,59
A6368,Patient 6368,D289,Checkup/Cleaning,General Operatory,09:55,34
A6369,Patient 6369,D164,Root Canal,Endodontic Operatory,10:50,68
A6370,Patient 6370,D153,Checkup/Cleaning,General Operatory,15:30,47
A6371,Patient 6371,D196,Extraction,General Operatory,14:50,27
A6372,Patient 6372,D241,Filling,General Operatory,09:50,39
A6373,Patient 6373,D232,Crown,General Operatory,11:05,56
A6374,Patient 6374,D546,Checkup/Cleaning,General Operatory,11:40,34
A6375,Patient 6375,D647,Filling,General Operatory,11:25,27
A6376,Patient 6376,D619,Root Canal,Endodontic Operatory,12:45,81
A6377,Patient 6377,D7,Filling,General Operatory,11:50,21
A6378,Patient 6378,D95,Crown,General Operatory,11:10,48
A6379,Patient 6379,D105,Root Canal,Endodontic Operatory,11:15,85
A6380,Patient 6380,D129,Extraction,General Operatory,11:10,32
A6381,Patient 6381,D147,Crown,General Operatory,11:35,53
A6382,Patient 6382,D574,Filling,General Operatory,12:20,33
A6383,Patient 6383,D47,Checkup/Cleaning,General Operatory,12:20,32
A6384,Patient 6384,D203,Root Canal,Endodontic Operatory,09:10,76
A6385,Patient 6385,D576,Extraction,General Operatory,11:10,29
A6386,Patient 6386,D88,Extraction,General Operatory,09:30,27
A6387,Patient 6387,D652,Checkup/Cleaning,General Operatory,10:20,57
A6388,Patient 6388,D318,Checkup/Cleaning,General Operatory,13:10,31
A6389,Patient 6389,D425,Checkup/Cleaning,General Operatory,11:10,53
A6390,Patient 6390,D396,Filling,General Operatory,13:15,38
A6391,Patient 6391,D470,Filling,General Operatory,10:00,24
A6392,Patient 6392,D108,Checkup/Cleaning,General Operatory,11:30,55
A6393,Patient 6393,D279,Checkup/Cleaning,General Operatory,11:25,34
A6394,Patient 6394,D469,Checkup/Cleaning,General Operatory,12:55,45
A6395,Patient 6395,D56,Filling,General Operatory,09:25,37
A6396,Patient 6396,D220,Crown,General Operatory,11:25,59
A6397,Patient 6397,D265,Extraction,General Operatory,11:05,38
A6398,Patient 6398,D461,Checkup/Cleaning,General Operatory,10:00,60
A6399,Patient 6399,D624,Checkup/Cleaning,General Operatory,11:55,37
A6400,Patient 6400,D296,Checkup/Cleaning,General Operatory,14:00,56
A6401,Patient 6401,D308,Checkup/Cleaning,General Operatory,11:10,56
A6402,Patient 6402,D230,Checkup/Cleaning,General Operatory,15:25,54
A6403,Patient 6403,D360,Checkup/Cleaning,General Operatory,13:20,32
A6404,Patient 6404,D47,Checkup/Cleaning,General Operatory,12:20,59
A6405,Patient 6405,D90,Extraction,General Operatory,09:50,21
A6406,Patient 6406,D547,Extraction,General Operatory,12:30,40
A6407,Patient 6407,D417,Root Canal,Endodontic Operatory,09:55,65
A6408,Patient 6408,D406,Checkup/Cleaning,General Operatory,12:10,59
A6409,Patient 6409,D63,Checkup/Cleaning,General Operatory,10:55,39
A6410,Patient 6410,D476,Filling,General Operatory,10:25,55
A6411,Patient 6411,D652,Filling,General Operatory,10:40,53
A6412,Patient 6412,D521,Checkup/Cleaning,General Operatory,09:50,32
A6413,Patient 6413,D666,Checkup/Cleaning,General Operatory,10:45,55
A6414,Patient 6414,D55,Crown,General Operatory,15:35,44
A6415,Patient 6415,D5,Root Canal,Endodontic Operatory,12:15,74
A6416,Patient 6416,D670,Filling,General Operatory,12:45,56
A6417,Patient 6417,D203,Root Canal,Endodontic Operatory,09:30,86
A6418,Patient 6418,D541,Checkup/Cleaning,General Operatory,09:35,59
A6419,Patient 6419,D110,Filling,General Operatory,15:05,47
A6420,Patient 6420,D38,Checkup/Cleaning,General Operatory,09:15,30
A6421,Patient 6421,D275,Checkup/Cleaning,General Operatory,15:40,32
A6422,Patient 6422,D343,Root Canal,Endodontic Operatory,11:20,73
A6423,Patient 6423,D233,Checkup/Cleaning,General Operatory,14:10,51
A6424,Patient 6424,D311,Extraction,General Operatory,13:05,33
A6425,Patient 6425,D384,Crown,General Operatory,10:35,37
A6426,Patient 6426,D492,Root Canal,Endodontic Operatory,11:10,60
A6427,Patient 6427,D745,Checkup/Cleaning,General Operatory,10:50,37
A6428,Patient 6428,D319,Extraction,General Operatory,13:55,38
A6429,Patient 6429,D394,Extraction,General Operatory,10:10,31
A6430,Patient 6430,D735,Checkup/Cleaning,General Operatory,14:05,53
A6431,Patient 6431,D664,Root Canal,Endodontic Operatory,09:35,67
A6432,Patient 6432,D222,X-ray/Imaging,Imaging Room,12:00,12
A6433,Patient 6433,D712,Crown,General Operatory,13:15,38
A6434,Patient 6434,D735,Extraction,General Operatory,15:55,26
A6435,Patient 6435,D358,Root Canal,Endodontic Operatory,14:05,72
A6436,Patient 6436,D678,Checkup/Cleaning,General Operatory,10:15,49
A6437,Patient 6437,D675,Root Canal,Endodontic Operatory,12:05,77
A6438,Patient 6438,D268,Extraction,General Operatory,12:55,27
A6439,Patient 6439,D206,Root Canal,Endodontic Operatory,11:05,88
A6440,Patient 6440,D624,Filling,General Operatory,11:20,22
A6441,Patient 6441,D375,Filling,General Operatory,11:30,26
A6442,Patient 6442,D328,Filling,General Operatory,09:20,28
A6443,Patient 6443,D398,Checkup/Cleaning,General Operatory,12:55,30
A6444,Patient 6444,D571,Extraction,General Operatory,11:30,31
A6445,Patient 6445,D403,Checkup/Cleaning,General Operatory,15:50,36
A6446,Patient 6446,D548,Extraction,General Operatory,09:50,34
A6447,Patient 6447,D304,Extraction,General Operatory,13:00,40
A6448,Patient 6448,D370,Filling,General Operatory,10:50,34
A6449,Patient 6449,D257,Extraction,General Operatory,13:50,35
A6450,Patient 6450,D742,Filling,General Operatory,12:50,45
A6451,Patient 6451,D155,Filling,General Operatory,13:50,28
A6452,Patient 6452,D338,Checkup/Cleaning,General Operatory,09:30,59
A6453,Patient 6453,D55,Checkup/Cleaning,General Operatory,10:50,51
A6454,Patient 6454,D684,Root Canal,Endodontic Operatory,10:00,61
A6455,Patient 6455,D435,Checkup/Cleaning,General Operatory,15:55,32
A6456,Patient 6456,D471,Checkup/Cleaning,General Operatory,15:25,38
A6457,Patient 6457,D639,Extraction,General Operatory,10:55,22
A6458,Patient 6458,D237,Checkup/Cleaning,General Operatory,13:10,51
A6459,Patient 6459,D525,Checkup/Cleaning,General Operatory,09:40,54
A6460,Patient 6460,D311,Extraction,General Operatory,14:50,32
A6461,Patient 6461,D640,Checkup/Cleaning,General Operatory,14:10,51
A6462,Patient 6462,D415,Filling,General Operatory,10:45,32
A6463,Patient 6463,D76,Checkup/Cleaning,General Operatory,12:45,51
A6464,Patient 6464,D128,Filling,General Operatory,10:40,49
A6465,Patient 6465,D644,X-ray/Imaging,Imaging Room,10:25,12
A6466,Patient 6466,D72,Extraction,General Operatory,11:20,24
A6467,Patient 6467,D561,Checkup/Cleaning,General Operatory,11:10,34
A6468,Patient 6468,D219,Root Canal,Endodontic Operatory,13:45,76
A6469,Patient 6469,D295,Checkup/Cleaning,General Operatory,10:25,42
A6470,Patient 6470,D645,Extraction,General Operatory,11:20,27
A6471,Patient 6471,D160,Checkup/Cleaning,General Operatory,11:20,38
A6472,Patient 6472,D707,Extraction,General Operatory,11:15,39
A6473,Patient 6473,D519,Checkup/Cleaning,General Operatory,14:10,59
A6474,Patient 6474,D606,Checkup/Cleaning,General Operatory,11:35,57
A6475,Patient 6475,D281,Checkup/Cleaning,General Operatory,09:25,37
A6476,Patient 6476,D592,Extraction,General Operatory,10:45,38
A6477,Patient 6477,D675,Checkup/Cleaning,General Operatory,11:20,40
A6478,Patient 6478,D153,Crown,General Operatory,15:25,50
A6479,Patient 6479,D466,Crown,General Operatory,10:30,35
A6480,Patient 6480,D247,Filling,General Operatory,11:10,36
A6481,Patient 6481,D582,Checkup/Cleaning,General Operatory,10:55,57
A6482,Patient 6482,D321,Checkup/Cleaning,General Operatory,12:25,49
A6483,Patient 6483,D265,Checkup/Cleaning,General Operatory,10:00,46
A6484,Patient 6484,D645,Filling,General Operatory,10:15,54
A6485,Patient 6485,D116,Crown,General Operatory,09:10,58
A6486,Patient 6486,D317,Root Canal,Endodontic Operatory,09:45,67
A6487,Patient 6487,D437,Checkup/Cleaning,General Operatory,14:10,49
A6488,Patient 6488,D26,Checkup/Cleaning,General Operatory,11:15,45
A6489,Patient 6489,D342,Checkup/Cleaning,General Operatory,13:45,41
A6490,Patient 6490,D656,Crown,General Operatory,10:15,52
A6491,Patient 6491,D544,Filling,General Operatory,10:55,59
A6492,Patient 6492,D365,Filling,General Operatory,10:05,29
A6493,Patient 6493,D400,X-ray/Imaging,Imaging Room,10:55,13
A6494,Patient 6494,D423,Checkup/Cleaning,General Operatory,10:10,53
A6495,Patient 6495,D743,Checkup/Cleaning,General Operatory,09:30,34
A6496,Patient 6496,D521,Checkup/Cleaning,General Operatory,11:05,47
A6497,Patient 6497,D180,Extraction,General Operatory,13:25,31
A6498,Patient 6498,D604,Filling,General Operatory,12:25,51
A6499,Patient 6499,D739,Filling,General Operatory,11:20,56
A6500,Patient 6500,D368,X-ray/Imaging,Imaging Room,12:45,14
A6501,Patient 6501,D70,Filling,General Operatory,10:20,29
A6502,Patient 6502,D276,Extraction,General Operatory,11:20,22
A6503,Patient 6503,D692,Checkup/Cleaning,General Operatory,12:15,42
A6504,Patient 6504,D224,Extraction,General Operatory,10:10,33
A6505,Patient 6505,D403,X-ray/Imaging,Imaging Room,15:55,13
A6506,Patient 6506,D107,Checkup/Cleaning,General Operatory,13:00,41
A6507,Patient 6507,D748,Crown,General Operatory,09:10,36
A6508,Patient 6508,D15,Filling,General Operatory,10:05,43
A6509,Patient 6509,D33,Extraction,General Operatory,13:55,36
A6510,Patient 6510,D592,X-ray/Imaging,Imaging Room,10:40,15
A6511,Patient 6511,D573,Checkup/Cleaning,General Operatory,09:20,44
A6512,Patient 6512,D114,Checkup/Cleaning,General Operatory,13:10,45
A6513,Patient 6513,D538,Checkup/Cleaning,General Operatory,11:00,35
A6514,Patient 6514,D236,Extraction,General Operatory,14:35,31
A6515,Patient 6515,D558,Checkup/Cleaning,General Operatory,09:40,35
A6516,Patient 6516,D137,Checkup/Cleaning,General Operatory,12:10,49
A6517,Patient 6517,D564,Checkup/Cleaning,General Operatory,12:25,47
A6518,Patient 6518,D690,Checkup/Cleaning,General Operatory,12:45,51
A6519,Patient 6519,D502,Extraction,General Operatory,15:30,33
A6520,Patient 6520,D645,Filling,General Operatory,09:50,24
A6521,Patient 6521,D749,Extraction,General Operatory,11:20,31
A6522,Patient 6522,D701,Extraction,General Operatory,11:25,20
A6523,Patient 6523,D34,Filling,General Operatory,10:15,59
A6524,Patient 6524,D263,Extraction,General Operatory,10:05,24
A6525,Patient 6525,D213,Extraction,General Operatory,11:15,20
A6526,Patient 6526,D11,X-ray/Imaging,Imaging Room,09:30,11
A6527,Patient 6527,D330,Checkup/Cleaning,General Operatory,10:55,53
A6528,Patient 6528,D237,Checkup/Cleaning,General Operatory,10:00,58
A6529,Patient 6529,D700,Checkup/Cleaning,General Operatory,10:40,56
A6530,Patient 6530,D203,X-ray/Imaging,Imaging Room,11:45,12
A6531,Patient 6531,D589,Checkup/Cleaning,General Operatory,11:45,43
A6532,Patient 6532,D145,Root Canal,Endodontic Operatory,10:20,77
A6533,Patient 6533,D115,Crown,General Operatory,10:00,52
A6534,Patient 6534,D127,Filling,General Operatory,13:00,47
A6535,Patient 6535,D572,Filling,General Operatory,11:00,39
A6536,Patient 6536,D212,Crown,General Operatory,10:05,38
A6537,Patient 6537,D259,Checkup/Cleaning,General Operatory,12:25,30
A6538,Patient 6538,D447,Filling,General Operatory,11:10,57
A6539,Patient 6539,D32,Extraction,General Operatory,11:40,29
A6540,Patient 6540,D566,Checkup/Cleaning,General Operatory,13:50,40
A6541,Patient 6541,D502,Filling,General Operatory,14:15,29
A6542,Patient 6542,D710,Checkup/Cleaning,General Operatory,13:55,30
A6543,Patient 6543,D303,Checkup/Cleaning,General Operatory,09:30,41
A6544,Patient 6544,D19,Extraction,General Operatory,13:20,33
A6545,Patient 6545,D723,Filling,General Operatory,11:10,32
A6546,Patient 6546,D167,Extraction,General Operatory,11:00,31
A6547,Patient 6547,D714,Checkup/Cleaning,General Operatory,15:35,51
A6548,Patient 6548,D50,Checkup/Cleaning,General Operatory,13:45,56
A6549,Patient 6549,D467,Extraction,General Operatory,11:30,40
A6550,Patient 6550,D359,Crown,General Operatory,11:05,53
A6551,Patient 6551,D509,X-ray/Imaging,Imaging Room,12:35,11
A6552,Patient 6552,D611,Filling,General Operatory,09:20,26
A6553,Patient 6553,D338,Root Canal,Endodontic Operatory,09:55,86
A6554,Patient 6554,D519,Extraction,General Operatory,12:45,25
A6555,Patient 6555,D722,Filling,General Operatory,11:10,54
A6556,Patient 6556,D42,Checkup/Cleaning,General Operatory,11:45,44
A6557,Patient 6557,D602,Checkup/Cleaning,General Operatory,11:00,37
A6558,Patient 6558,D368,Root Canal,Endodontic Operatory,15:15,77
A6559,Patient 6559,D8,Extraction,General Operatory,11:20,38
A6560,Patient 6560,D557,Filling,General Operatory,11:20,39
A6561,Patient 6561,D183,Extraction,General Operatory,10:15,27
A6562,Patient 6562,D709,Root Canal,Endodontic Operatory,13:40,81
A6563,Patient 6563,D611,Crown,General Operatory,10:15,31
A6564,Patient 6564,D578,Filling,General Operatory,12:45,40
A6565,Patient 6565,D614,Extraction,General Operatory,09:25,22
A6566,Patient 6566,D460,X-ray/Imaging,Imaging Room,09:15,14
A6567,Patient 6567,D726,Checkup/Cleaning,General Operatory,10:15,40
A6568,Patient 6568,D147,Filling,General Operatory,11:20,36
A6569,Patient 6569,D90,X-ray/Imaging,Imaging Room,13:35,10
A6570,Patient 6570,D366,X-ray/Imaging,Imaging Room,10:00,14
A6571,Patient 6571,D112,Crown,General Operatory,10:55,51
A6572,Patient 6572,D120,Root Canal,Endodontic Operatory,12:35,66
A6573,Patient 6573,D610,Root Canal,Endodontic Operatory,10:15,61
A6574,Patient 6574,D201,Checkup/Cleaning,General Operatory,12:45,43
A6575,Patient 6575,D134,Extraction,General Operatory,14:15,40
A6576,Patient 6576,D601,Extraction,General Operatory,11:20,27
A6577,Patient 6577,D288,Filling,General Operatory,13:55,26
A6578,Patient 6578,D253,Extraction,General Operatory,14:25,38
A6579,Patient 6579,D491,Filling,General Operatory,10:10,58
A6580,Patient 6580,D108,Extraction,General Operatory,13:10,30
A6581,Patient 6581,D50,Crown,General Operatory,15:10,57
A6582,Patient 6582,D217,Filling,General Operatory,10:55,51
A6583,Patient 6583,D532,Extraction,General Operatory,14:15,24
A6584,Patient 6584,D659,X-ray/Imaging,Imaging Room,15:10,14
A6585,Patient 6585,D525,Filling,General Operatory,10:55,26
A6586,Patient 6586,D241,X-ray/Imaging,Imaging Room,10:15,13
A6587,Patient 6587,D53,Extraction,General Operatory,09:45,38
A6588,Patient 6588,D482,Checkup/Cleaning,General Operatory,12:50,48
A6589,Patient 6589,D597,X-ray/Imaging,Imaging Room,14:15,15
A6590,Patient 6590,D284,Checkup/Cleaning,General Operatory,12:50,51
A6591,Patient 6591,D318,Checkup/Cleaning,General Operatory,10:10,57
A6592,Patient 6592,D413,Filling,General Operatory,13:15,30
A6593,Patient 6593,D139,Filling,General Operatory,11:25,41
A6594,Patient 6594,D305,Root Canal,Endodontic Operatory,11:35,86
A6595,Patient 6595,D112,Extraction,General Operatory,15:40,20
A6596,Patient 6596,D256,Checkup/Cleaning,General Operatory,12:50,50
A6597,Patient 6597,D626,Filling,General Operatory,13:05,60
A6598,Patient 6598,D56,Filling,General Operatory,10:55,58
A6599,Patient 6599,D440,Filling,General Operatory,11:45,40
A6600,Patient 6600,D229,Crown,General Operatory,10:15,45
A6601,Patient 6601,D682,X-ray/Imaging,Imaging Room,11:15,14
A6602,Patient 6602,D489,Filling,General Operatory,12:20,33
A6603,Patient 6603,D501,Root Canal,Endodontic Operatory,09:40,82
A6604,Patient 6604,D454,Extraction,General Operatory,11:50,23
A6605,Patient 6605,D477,X-ray/Imaging,Imaging Room,13:40,10
A6606,Patient 6606,D198,Checkup/Cleaning,General Operatory,14:25,30
A6607,Patient 6607,D3,Filling,General Operatory,10:05,54
A6608,Patient 6608,D598,Checkup/Cleaning,General Operatory,09:40,36
A6609,Patient 6609,D330,Checkup/Cleaning,General Operatory,09:35,37
A6610,Patient 6610,D596,Filling,General Operatory,10:20,41
A6611,Patient 6611,D342,Extraction,General Operatory,14:05,21
A6612,Patient 6612,D230,Checkup/Cleaning,General Operatory,11:10,60
A6613,Patient 6613,D323,Checkup/Cleaning,General Operatory,11:05,44
A6614,Patient 6614,D712,Extraction,General Operatory,14:25,30
A6615,Patient 6615,D292,Extraction,General Operatory,11:55,24
A6616,Patient 6616,D707,Checkup/Cleaning,General Operatory,11:00,34
A6617,Patient 6617,D275,Filling,General Operatory,12:45,24
A6618,Patient 6618,D628,Checkup/Cleaning,General Operatory,13:00,31
A6619,Patient 6619,D728,Filling,General Operatory,10:15,43
A6620,Patient 6620,D43,Crown,General Operatory,09:50,34
A6621,Patient 6621,D421,Checkup/Cleaning,General Operatory,10:00,38
A6622,Patient 6622,D429,X-ray/Imaging,Imaging Room,14:55,12
A6623,Patient 6623,D578,Checkup/Cleaning,General Operatory,15:30,45
A6624,Patient 6624,D114,Root Canal,Endodontic Operatory,13:05,63
A6625,Patient 6625,D256,Crown,General Operatory,10:25,49
A6626,Patient 6626,D152,Filling,General Operatory,15:50,20
A6627,Patient 6627,D333,Checkup/Cleaning,General Operatory,11:15,53
A6628,Patient 6628,D158,Checkup/Cleaning,General Operatory,10:50,34
A6629,Patient 6629,D672,Extraction,General Operatory,12:45,20
A6630,Patient 6630,D304,Checkup/Cleaning,General Operatory,13:00,47
A6631,Patient 6631,D255,Extraction,General Operatory,10:15,28
A6632,Patient 6632,D332,Root Canal,Endodontic Operatory,12:45,70
A6633,Patient 6633,D53,Checkup/Cleaning,General Operatory,10:05,43
A6634,Patient 6634,D439,Checkup/Cleaning,General Operatory,11:45,45
A6635,Patient 6635,D621,Root Canal,Endodontic Operatory,11:00,69
A6636,Patient 6636,D238,Extraction,General Operatory,12:25,35
A6637,Patient 6637,D591,Extraction,General Operatory,12:45,21
A6638,Patient 6638,D37,Checkup/Cleaning,General Operatory,13:00,35
A6639,Patient 6639,D410,Filling,General Operatory,10:30,29
A6640,Patient 6640,D18,Checkup/Cleaning,General Operatory,09:55,51
A6641,Patient 6641,D64,Filling,General Operatory,12:15,43
A6642,Patient 6642,D411,Checkup/Cleaning,General Operatory,10:25,54
A6643,Patient 6643,D443,Extraction,General Operatory,10:50,34
A6644,Patient 6644,D349,Extraction,General Operatory,09:50,25
A6645,Patient 6645,D213,Filling,General Operatory,12:35,33
A6646,Patient 6646,D627,Checkup/Cleaning,General Operatory,13:10,43
A6647,Patient 6647,D168,Crown,General Operatory,09:50,42
A6648,Patient 6648,D565,Extraction,General Operatory,11:35,27
A6649,Patient 6649,D603,Extraction,General Operatory,14:30,22
A6650,Patient 6650,D162,Filling,General Operatory,14:45,44
A6651,Patient 6651,D151,Checkup/Cleaning,General Operatory,11:20,57
A6652,Patient 6652,D26,Filling,General Operatory,10:15,30
A6653,Patient 6653,D44,Crown,General Operatory,13:40,58
A6654,Patient 6654,D149,Filling,General Operatory,12:25,49
A6655,Patient 6655,D187,Filling,General Operatory,11:35,23
A6656,Patient 6656,D636,Filling,General Operatory,13:10,51
A6657,Patient 6657,D549,Crown,General Operatory,09:40,55
A6658,Patient 6658,D149,Checkup/Cleaning,General Operatory,10:55,36
A6659,Patient 6659,D710,Extraction,General Operatory,11:00,20
A6660,Patient 6660,D432,X-ray/Imaging,Imaging Room,10:05,14
A6661,Patient 6661,D265,Filling,General Operatory,10:20,46
A6662,Patient 6662,D594,Checkup/Cleaning,General Operatory,12:40,53
A6663,Patient 6663,D419,Checkup/Cleaning,General Operatory,11:10,48
A6664,Patient 6664,D663,Filling,General Operatory,10:00,36
A6665,Patient 6665,D712,Extraction,General Operatory,10:10,30
A6666,Patient 6666,D473,Checkup/Cleaning,General Operatory,11:25,47
A6667,Patient 6667,D481,Filling,General Operatory,09:45,54
A6668,Patient 6668,D453,Checkup/Cleaning,General Operatory,11:00,52
A6669,Patient 6669,D280,Filling,General Operatory,11:40,50
A6670,Patient 6670,D55,X-ray/Imaging,Imaging Room,11:30,10
A6671,Patient 6671,D527,Filling,General Operatory,10:20,49
A6672,Patient 6672,D314,Checkup/Cleaning,General Operatory,11:25,46
A6673,Patient 6673,D140,Filling,General Operatory,09:55,29
A6674,Patient 6674,D725,Extraction,General Operatory,12:25,32
A6675,Patient 6675,D449,Checkup/Cleaning,General Operatory,11:15,40
A6676,Patient 6676,D77,Extraction,General Operatory,11:10,33
A6677,Patient 6677,D397,Extraction,General Operatory,11:05,32
A6678,Patient 6678,D11,Root Canal,Endodontic Operatory,10:40,62
A6679,Patient 6679,D388,Checkup/Cleaning,General Operatory,14:40,45
A6680,Patient 6680,D377,Extraction,General Operatory,10:30,24
A6681,Patient 6681,D537,Checkup/Cleaning,General Operatory,11:05,33
A6682,Patient 6682,D137,Filling,General Operatory,11:10,43
A6683,Patient 6683,D689,Extraction,General Operatory,15:50,22
A6684,Patient 6684,D19,Checkup/Cleaning,General Operatory,10:25,49
A6685,Patient 6685,D570,Extraction,General Operatory,11:20,37
A6686,Patient 6686,D451,Checkup/Cleaning,General Operatory,09:40,52
A6687,Patient 6687,D2,Extraction,General Operatory,11:20,32
A6688,Patient 6688,D376,Checkup/Cleaning,General Operatory,09:55,45
A6689,Patient 6689,D742,Crown,General Operatory,15:25,45
A6690,Patient 6690,D60,Checkup/Cleaning,General Operatory,10:25,37
A6691,Patient 6691,D593,Filling,General Operatory,13:00,48
A6692,Patient 6692,D464,Extraction,General Operatory,12:40,40
A6693,Patient 6693,D86,Extraction,General Operatory,10:50,30
A6694,Patient 6694,D36,Crown,General Operatory,09:45,48
A6695,Patient 6695,D693,Filling,General Operatory,12:55,26
A6696,Patient 6696,D371,Checkup/Cleaning,General Operatory,09:35,35
A6697,Patient 6697,D50,Checkup/Cleaning,General Operatory,12:45,51
A6698,Patient 6698,D485,Checkup/Cleaning,General Operatory,12:50,54
A6699,Patient 6699,D721,Extraction,General Operatory,09:55,25
A6700,Patient 6700,D13,X-ray/Imaging,Imaging Room,11:15,11
A6701,Patient 6701,D374,Crown,General Operatory,14:05,55
A6702,Patient 6702,D276,Extraction,General Operatory,14:05,40
A6703,Patient 6703,D656,Checkup/Cleaning,General Operatory,11:30,49
A6704,Patient 6704,D610,Crown,General Operatory,13:00,44
A6705,Patient 6705,D261,Root Canal,Endodontic Operatory,09:50,65
A6706,Patient 6706,D393,Extraction,General Operatory,14:25,39
A6707,Patient 6707,D686,Extraction,General Operatory,12:25,21
A6708,Patient 6708,D415,Checkup/Cleaning,General Operatory,11:20,41
A6709,Patient 6709,D452,Checkup/Cleaning,General Operatory,15:20,60
A6710,Patient 6710,D96,Crown,General Operatory,10:15,36
A6711,Patient 6711,D628,Root Canal,Endodontic Operatory,11:25,87
A6712,Patient 6712,D405,Extraction,General Operatory,11:40,39
A6713,Patient 6713,D547,Checkup/Cleaning,General Operatory,12:10,51
A6714,Patient 6714,D543,Checkup/Cleaning,General Operatory,14:10,45
A6715,Patient 6715,D469,Checkup/Cleaning,General Operatory,10:05,51
A6716,Patient 6716,D534,Checkup/Cleaning,General Operatory,11:40,53
A6717,Patient 6717,D522,Checkup/Cleaning,General Operatory,11:10,38
A6718,Patient 6718,D36,Filling,General Operatory,14:35,33
A6719,Patient 6719,D516,Filling,General Operatory,13:45,38
A6720,Patient 6720,D691,Filling,General Operatory,12:35,36
A6721,Patient 6721,D28,Filling,General Operatory,10:50,56
A6722,Patient 6722,D215,Checkup/Cleaning,General Operatory,14:25,41
A6723,Patient 6723,D325,Checkup/Cleaning,General Operatory,14:15,44
A6724,Patient 6724,D112,Checkup/Cleaning,General Operatory,10:50,33
A6725,Patient 6725,D718,Filling,General Operatory,10:55,24
A6726,Patient 6726,D421,Extraction,General Operatory,13:20,36
A6727,Patient 6727,D685,X-ray/Imaging,Imaging Room,14:10,12
A6728,Patient 6728,D170,Checkup/Cleaning,General Operatory,15:45,41
A6729,Patient 6729,D422,Checkup/Cleaning,General Operatory,09:45,51
A6730,Patient 6730,D675,Filling,General Operatory,14:05,32
A6731,Patient 6731,D710,Crown,General Operatory,10:45,47
A6732,Patient 6732,D160,Checkup/Cleaning,General Operatory,10:00,57
A6733,Patient 6733,D159,Checkup/Cleaning,General Operatory,11:15,60
A6734,Patient 6734,D9,Checkup/Cleaning,General Operatory,10:25,40
A6735,Patient 6735,D168,Root Canal,Endodontic Operatory,14:15,76
A6736,Patient 6736,D562,Crown,General Operatory,12:45,52
A6737,Patient 6737,D66,Crown,General Operatory,11:40,55
A6738,Patient 6738,D700,Checkup/Cleaning,General Operatory,10:40,53
A6739,Patient 6739,D458,Checkup/Cleaning,General Operatory,11:30,30
A6740,Patient 6740,D598,Checkup/Cleaning,General Operatory,09:40,44
A6741,Patient 6741,D739,Filling,General Operatory,14:15,36
A6742,Patient 6742,D185,Checkup/Cleaning,General Operatory,09:40,43
A6743,Patient 6743,D188,Filling,General Operatory,11:00,54
A6744,Patient 6744,D353,Root Canal,Endodontic Operatory,13:50,79
A6745,Patient 6745,D434,Filling,General Operatory,11:00,47
A6746,Patient 6746,D531,Extraction,General Operatory,11:05,34
A6747,Patient 6747,D538,Filling,General Operatory,10:05,50
A6748,Patient 6748,D286,Checkup/Cleaning,General Operatory,12:30,38
A6749,Patient 6749,D71,Checkup/Cleaning,General Operatory,10:25,30
A6750,Patient 6750,D140,Extraction,General Operatory,10:45,38
A6751,Patient 6751,D426,X-ray/Imaging,Imaging Room,14:20,10
A6752,Patient 6752,D617,Filling,General Operatory,09:50,49
A6753,Patient 6753,D716,Filling,General Operatory,10:05,36
A6754,Patient 6754,D529,Extraction,General Operatory,11:05,23
A6755,Patient 6755,D541,Checkup/Cleaning,General Operatory,10:30,39
A6756,Patient 6756,D249,Filling,General Operatory,11:20,42
A6757,Patient 6757,D72,X-ray/Imaging,Imaging Room,14:20,13
A6758,Patient 6758,D140,Extraction,General Operatory,11:20,27
A6759,Patient 6759,D477,Checkup/Cleaning,General Operatory,11:50,43
A6760,Patient 6760,D259,Filling,General Operatory,10:50,40
A6761,Patient 6761,D388,Checkup/Cleaning,General Operatory,10:10,52
A6762,Patient 6762,D651,Crown,General Operatory,09:15,37
A6763,Patient 6763,D219,Root Canal,Endodontic Operatory,13:25,90
A6764,Patient 6764,D667,Extraction,General Operatory,09:45,35
A6765,Patient 6765,D424,Extraction,General Operatory,10:15,25
A6766,Patient 6766,D468,Crown,General Operatory,12:25,41
A6767,Patient 6767,D65,Root Canal,Endodontic Operatory,09:45,63
A6768,Patient 6768,D79,Checkup/Cleaning,General Operatory,09:40,52
A6769,Patient 6769,D558,Root Canal,Endodontic Operatory,10:10,77
A6770,Patient 6770,D49,Crown,General Operatory,11:05,43
A6771,Patient 6771,D714,Crown,General Operatory,14:15,41
A6772,Patient 6772,D340,Filling,General Operatory,10:05,44
A6773,Patient 6773,D444,Checkup/Cleaning,General Operatory,11:15,56
A6774,Patient 6774,D536,Crown,General Operatory,14:20,35
A6775,Patient 6775,D697,Filling,General Operatory,09:50,41
A6776,Patient 6776,D176,Crown,General Operatory,14:10,46
A6777,Patient 6777,D391,Filling,General Operatory,10:35,22
A6778,Patient 6778,D280,Filling,General Operatory,12:50,58
A6779,Patient 6779,D180,Filling,General Operatory,13:20,30
A6780,Patient 6780,D294,Filling,General Operatory,12:30,22
A6781,Patient 6781,D46,Checkup/Cleaning,General Operatory,09:55,51
A6782,Patient 6782,D632,Filling,General Operatory,10:55,49
A6783,Patient 6783,D215,Extraction,General Operatory,10:15,20
A6784,Patient 6784,D391,Filling,General Operatory,09:40,38
A6785,Patient 6785,D493,Filling,General Operatory,12:50,28
A6786,Patient 6786,D720,Extraction,General Operatory,11:15,30
A6787,Patient 6787,D148,Filling,General Operatory,09:25,44
A6788,Patient 6788,D154,Checkup/Cleaning,General Operatory,10:10,59
A6789,Patient 6789,D575,Checkup/Cleaning,General Operatory,12:20,38
A6790,Patient 6790,D8,Filling,General Operatory,09:55,54
A6791,Patient 6791,D273,Extraction,General Operatory,11:55,31
A6792,Patient 6792,D722,Filling,General Operatory,12:40,35
A6793,Patient 6793,D178,Checkup/Cleaning,General Operatory,10:10,50
A6794,Patient 6794,D512,Extraction,General Operatory,10:05,21
A6795,Patient 6795,D339,Checkup/Cleaning,General Operatory,10:25,46
A6796,Patient 6796,D482,Checkup/Cleaning,General Operatory,11:10,60
A6797,Patient 6797,D226,Extraction,General Operatory,11:25,24
A6798,Patient 6798,D353,Root Canal,Endodontic Operatory,11:00,85
A6799,Patient 6799,D320,Extraction,General Operatory,09:55,28
A6800,Patient 6800,D340,Checkup/Cleaning,General Operatory,11:45,39
A6801,Patient 6801,D619,Extraction,General Operatory,13:15,27
A6802,Patient 6802,D470,Extraction,General Operatory,09:55,29
A6803,Patient 6803,D426,Filling,General Operatory,13:35,55
A6804,Patient 6804,D369,Root Canal,Endodontic Operatory,10:30,73
A6805,Patient 6805,D410,Crown,General Operatory,09:40,44
A6806,Patient 6806,D401,Root Canal,Endodontic Operatory,11:20,87
A6807,Patient 6807,D624,Checkup/Cleaning,General Operatory,11:40,60
A6808,Patient 6808,D688,Crown,General Operatory,11:00,38
A6809,Patient 6809,D512,Extraction,General Operatory,10:00,26
A6810,Patient 6810,D639,Root Canal,Endodontic Operatory,13:25,90
A6811,Patient 6811,D291,Filling,General Operatory,11:45,41
A6812,Patient 6812,D477,Crown,General Operatory,09:45,44
A6813,Patient 6813,D676,Root Canal,Endodontic Operatory,10:55,88
A6814,Patient 6814,D694,Extraction,General Operatory,11:10,30
A6815,Patient 6815,D694,Root Canal,Endodontic Operatory,09:30,90
A6816,Patient 6816,D282,Checkup/Cleaning,General Operatory,09:50,43
A6817,Patient 6817,D569,Filling,General Operatory,09:15,33
A6818,Patient 6818,D132,Crown,General Operatory,09:25,31
A6819,Patient 6819,D590,Filling,General Operatory,11:20,27
A6820,Patient 6820,D511,Checkup/Cleaning,General Operatory,11:20,54
A6821,Patient 6821,D558,Checkup/Cleaning,General Operatory,10:25,41
A6822,Patient 6822,D640,Checkup/Cleaning,General Operatory,13:35,58
A6823,Patient 6823,D40,Filling,General Operatory,11:10,21
A6824,Patient 6824,D224,Checkup/Cleaning,General Operatory,14:25,38
A6825,Patient 6825,D334,Filling,General Operatory,11:30,21
A6826,Patient 6826,D672,Filling,General Operatory,14:15,30
A6827,Patient 6827,D73,X-ray/Imaging,Imaging Room,12:00,13
A6828,Patient 6828,D442,Extraction,General Operatory,12:55,31
A6829,Patient 6829,D684,Crown,General Operatory,11:35,41
A6830,Patient 6830,D582,Checkup/Cleaning,General Operatory,12:35,48
A6831,Patient 6831,D27,Crown,General Operatory,10:45,40
A6832,Patient 6832,D705,Extraction,General Operatory,14:30,24
A6833,Patient 6833,D85,Filling,General Operatory,10:55,39
A6834,Patient 6834,D294,Crown,General Operatory,11:25,47
A6835,Patient 6835,D354,Crown,General Operatory,11:15,52
A6836,Patient 6836,D679,Crown,General Operatory,11:15,34
A6837,Patient 6837,D465,Crown,General Operatory,10:55,54
A6838,Patient 6838,D168,Root Canal,Endodontic Operatory,11:25,62
A6839,Patient 6839,D99,Crown,General Operatory,13:50,49
A6840,Patient 6840,D95,Checkup/Cleaning,General Operatory,10:15,59
A6841,Patient 6841,D303,Extraction,General Operatory,09:15,30
A6842,Patient 6842,D210,Checkup/Cleaning,General Operatory,12:40,55
A6843,Patient 6843,D485,Extraction,General Operatory,11:45,39
A6844,Patient 6844,D208,Checkup/Cleaning,General Operatory,14:35,53
A6845,Patient 6845,D145,Checkup/Cleaning,General Operatory,10:10,31
A6846,Patient 6846,D700,Crown,General Operatory,10:35,35
A6847,Patient 6847,D173,Extraction,General Operatory,11:15,29
A6848,Patient 6848,D720,Checkup/Cleaning,General Operatory,15:40,36
A6849,Patient 6849,D240,Checkup/Cleaning,General Operatory,11:00,56
A6850,Patient 6850,D590,Checkup/Cleaning,General Operatory,15:20,35
A6851,Patient 6851,D565,Crown,General Operatory,10:40,41
A6852,Patient 6852,D363,Filling,General Operatory,11:05,40
A6853,Patient 6853,D63,Extraction,General Operatory,11:50,29
A6854,Patient 6854,D623,Crown,General Operatory,10:00,32
A6855,Patient 6855,D158,Checkup/Cleaning,General Operatory,09:15,43
A6856,Patient 6856,D567,Crown,General Operatory,11:25,32
A6857,Patient 6857,D209,Root Canal,Endodontic Operatory,10:20,83
A6858,Patient 6858,D269,Root Canal,Endodontic Operatory,12:30,82
A6859,Patient 6859,D71,Checkup/Cleaning,General Operatory,14:40,49
A6860,Patient 6860,D443,Extraction,General Operatory,12:50,34
A6861,Patient 6861,D426,Checkup/Cleaning,General Operatory,11:05,45
A6862,Patient 6862,D132,Checkup/Cleaning,General Operatory,09:10,33
A6863,Patient 6863,D170,Extraction,General Operatory,13:55,26
A6864,Patient 6864,D230,Checkup/Cleaning,General Operatory,14:00,39
A6865,Patient 6865,D574,Checkup/Cleaning,General Operatory,14:15,49
A6866,Patient 6866,D52,Filling,General Operatory,13:40,53
A6867,Patient 6867,D593,Filling,General Operatory,11:35,46
A6868,Patient 6868,D162,Checkup/Cleaning,General Operatory,12:40,56
A6869,Patient 6869,D693,Filling,General Operatory,11:15,57
A6870,Patient 6870,D158,Checkup/Cleaning,General Operatory,09:30,36
A6871,Patient 6871,D402,X-ray/Imaging,Imaging Room,14:40,15
A6872,Patient 6872,D97,Filling,General Operatory,10:15,29
A6873,Patient 6873,D642,Filling,General Operatory,11:25,23
A6874,Patient 6874,D496,Checkup/Cleaning,General Operatory,10:35,57
A6875,Patient 6875,D708,Filling,General Operatory,09:45,56
A6876,Patient 6876,D118,Crown,General Operatory,14:30,55
A6877,Patient 6877,D298,Checkup/Cleaning,General Operatory,15:00,56
A6878,Patient 6878,D115,Checkup/Cleaning,General Operatory,11:25,36
A6879,Patient 6879,D24,Root Canal,Endodontic Operatory,11:20,67
A6880,Patient 6880,D607,Filling,General Operatory,10:00,21
A6881,Patient 6881,D263,Crown,General Operatory,11:30,45
A6882,Patient 6882,D354,Checkup/Cleaning,General Operatory,11:40,52
A6883,Patient 6883,D356,Root Canal,Endodontic Operatory,11:35,64
A6884,Patient 6884,D156,Checkup/Cleaning,General Operatory,09:55,56
A6885,Patient 6885,D121,Filling,General Operatory,14:15,32
A6886,Patient 6886,D658,Filling,General Operatory,10:50,24
A6887,Patient 6887,D324,Root Canal,Endodontic Operatory,15:05,82
A6888,Patient 6888,D32,X-ray/Imaging,Imaging Room,13:20,14
A6889,Patient 6889,D211,Checkup/Cleaning,General Operatory,14:35,42
A6890,Patient 6890,D24,Checkup/Cleaning,General Operatory,12:55,49
A6891,Patient 6891,D413,Crown,General Operatory,14:20,57
A6892,Patient 6892,D407,Extraction,General Operatory,11:25,27
A6893,Patient 6893,D254,Checkup/Cleaning,General Operatory,09:45,44
A6894,Patient 6894,D505,Checkup/Cleaning,General Operatory,11:45,51
A6895,Patient 6895,D10,Root Canal,Endodontic Operatory,11:05,78
A6896,Patient 6896,D281,Extraction,General Operatory,10:05,37
A6897,Patient 6897,D256,Checkup/Cleaning,General Operatory,09:45,39
A6898,Patient 6898,D416,Checkup/Cleaning,General Operatory,15:35,47
A6899,Patient 6899,D301,Checkup/Cleaning,General Operatory,13:10,52
A6900,Patient 6900,D566,Checkup/Cleaning,General Operatory,13:40,58
A6901,Patient 6901,D250,Filling,General Operatory,12:30,58
A6902,Patient 6902,D592,Filling,General Operatory,10:55,29
A6903,Patient 6903,D555,Root Canal,Endodontic Operatory,10:40,64
A6904,Patient 6904,D564,Crown,General Operatory,12:30,53
A6905,Patient 6905,D324,X-ray/Imaging,Imaging Room,11:30,10
A6906,Patient 6906,D118,Crown,General Operatory,11:10,60
A6907,Patient 6907,D220,Crown,General Operatory,14:15,46
A6908,Patient 6908,D241,Filling,General Operatory,10:35,54
A6909,Patient 6909,D561,Extraction,General Operatory,12:55,26
A6910,Patient 6910,D651,Checkup/Cleaning,General Operatory,09:40,60
A6911,Patient 6911,D18,Checkup/Cleaning,General Operatory,10:10,52
A6912,Patient 6912,D262,Filling,General Operatory,11:35,53
A6913,Patient 6913,D432,Crown,General Operatory,13:10,38
A6914,Patient 6914,D492,Crown,General Operatory,09:35,38
A6915,Patient 6915,D237,Filling,General Operatory,09:50,25
A6916,Patient 6916,D410,Checkup/Cleaning,General Operatory,10:10,44
A6917,Patient 6917,D173,Filling,General Operatory,11:10,50
A6918,Patient 6918,D125,Checkup/Cleaning,General Operatory,12:10,46
A6919,Patient 6919,D526,Checkup/Cleaning,General Operatory,15:15,53
A6920,Patient 6920,D260,Root Canal,Endodontic Operatory,11:15,71
A6921,Patient 6921,D558,Checkup/Cleaning,General Operatory,10:45,39
A6922,Patient 6922,D720,Filling,General Operatory,11:15,24
A6923,Patient 6923,D552,Filling,General Operatory,10:20,26
A6924,Patient 6924,D32,Crown,General Operatory,11:10,58
A6925,Patient 6925,D92,Filling,General Operatory,09:55,30
A6926,Patient 6926,D341,Checkup/Cleaning,General Operatory,10:40,52
A6927,Patient 6927,D389,X-ray/Imaging,Imaging Room,10:15,12
A6928,Patient 6928,D513,X-ray/Imaging,Imaging Room,11:00,13
A6929,Patient 6929,D238,Filling,General Operatory,12:20,25
A6930,Patient 6930,D204,Checkup/Cleaning,General Operatory,12:50,55
A6931,Patient 6931,D648,Extraction,General Operatory,12:55,28
A6932,Patient 6932,D363,Extraction,General Operatory,09:10,33
A6933,Patient 6933,D237,X-ray/Imaging,Imaging Room,10:30,10
A6934,Patient 6934,D424,Extraction,General Operatory,09:45,24
A6935,Patient 6935,D154,X-ray/Imaging,Imaging Room,10:35,14
A6936,Patient 6936,D483,Crown,General Operatory,09:15,51
A6937,Patient 6937,D668,Crown,General Operatory,11:25,60
A6938,Patient 6938,D213,Filling,General Operatory,11:20,53
A6939,Patient 6939,D377,Extraction,General Operatory,11:00,21
A6940,Patient 6940,D696,Extraction,General Operatory,15:00,20
A6941,Patient 6941,D199,Checkup/Cleaning,General Operatory,14:10,54
A6942,Patient 6942,D588,Checkup/Cleaning,General Operatory,09:50,51
A6943,Patient 6943,D557,Checkup/Cleaning,General Operatory,10:05,36
A6944,Patient 6944,D20,Checkup/Cleaning,General Operatory,13:15,56
A6945,Patient 6945,D258,Filling,General Operatory,11:45,32
A6946,Patient 6946,D475,Checkup/Cleaning,General Operatory,11:20,52
A6947,Patient 6947,D499,Crown,General Operatory,13:20,40
A6948,Patient 6948,D344,Crown,General Operatory,11:25,33
A6949,Patient 6949,D609,X-ray/Imaging,Imaging Room,10:40,12
A6950,Patient 6950,D397,Filling,General Operatory,09:55,41
A6951,Patient 6951,D87,X-ray/Imaging,Imaging Room,10:20,15
A6952,Patient 6952,D446,Checkup/Cleaning,General Operatory,11:20,40
A6953,Patient 6953,D8,X-ray/Imaging,Imaging Room,11:30,10
A6954,Patient 6954,D664,X-ray/Imaging,Imaging Room,10:20,11
A6955,Patient 6955,D473,Filling,General Operatory,13:05,38
A6956,Patient 6956,D600,Checkup/Cleaning,General Operatory,10:35,40
A6957,Patient 6957,D420,Extraction,General Operatory,10:55,37
A6958,Patient 6958,D433,Checkup/Cleaning,General Operatory,11:00,53
A6959,Patient 6959,D499,Extraction,General Operatory,09:55,21
A6960,Patient 6960,D456,Checkup/Cleaning,General Operatory,09:15,47
A6961,Patient 6961,D700,Extraction,General Operatory,10:55,29
A6962,Patient 6962,D460,Filling,General Operatory,10:55,24
A6963,Patient 6963,D42,Crown,General Operatory,14:35,57
A6964,Patient 6964,D309,Filling,General Operatory,13:10,25
A6965,Patient 6965,D178,Extraction,General Operatory,14:25,40
A6966,Patient 6966,D321,Extraction,General Operatory,15:55,24
A6967,Patient 6967,D207,Extraction,General Operatory,11:20,35
A6968,Patient 6968,D484,Extraction,General Operatory,11:05,32
A6969,Patient 6969,D588,X-ray/Imaging,Imaging Room,11:00,10
A6970,Patient 6970,D50,Crown,General Operatory,12:35,43
A6971,Patient 6971,D281,Extraction,General Operatory,09:15,35
A6972,Patient 6972,D350,Filling,General Operatory,12:50,28
A6973,Patient 6973,D538,Crown,General Operatory,09:45,60
A6974,Patient 6974,D692,Crown,General Operatory,13:50,55
A6975,Patient 6975,D75,Crown,General Operatory,10:15,59
A6976,Patient 6976,D746,Filling,General Operatory,11:25,27
A6977,Patient 6977,D78,Checkup/Cleaning,General Operatory,12:30,42
A6978,Patient 6978,D391,Extraction,General Operatory,09:50,22
A6979,Patient 6979,D517,Checkup/Cleaning,General Operatory,14:05,54
A6980,Patient 6980,D372,Root Canal,Endodontic Operatory,10:35,65
A6981,Patient 6981,D502,Checkup/Cleaning,General Operatory,15:35,53
A6982,Patient 6982,D560,Crown,General Operatory,12:20,54
A6983,Patient 6983,D247,Filling,General Operatory,10:20,50
A6984,Patient 6984,D691,Root Canal,Endodontic Operatory,12:25,83
A6985,Patient 6985,D5,Checkup/Cleaning,General Operatory,13:45,47
A6986,Patient 6986,D648,Checkup/Cleaning,General Operatory,11:05,37
A6987,Patient 6987,D98,Checkup/Cleaning,General Operatory,14:10,54
A6988,Patient 6988,D32,Filling,General Operatory,14:25,30
A6989,Patient 6989,D416,Filling,General Operatory,11:20,57
A6990,Patient 6990,D419,Extraction,General Operatory,12:45,33
A6991,Patient 6991,D152,Filling,General Operatory,13:55,43
A6992,Patient 6992,D563,X-ray/Imaging,Imaging Room,11:05,14
A6993,Patient 6993,D471,Checkup/Cleaning,General Operatory,12:45,39
A6994,Patient 6994,D137,X-ray/Imaging,Imaging Room,10:50,15
A6995,Patient 6995,D194,Extraction,General Operatory,11:25,35
A6996,Patient 6996,D22,Filling,General Operatory,10:25,35
A6997,Patient 6997,D63,Filling,General Operatory,11:25,52
A6998,Patient 6998,D731,Extraction,General Operatory,14:50,33
A6999,Patient 6999,D231,Checkup/Cleaning,General Operatory,15:10,45
A7000,Patient 7000,D585,X-ray/Imaging,Imaging Room,09:30,14
A7001,Patient 7001,D517,Checkup/Cleaning,General Operatory,14:10,34
A7002,Patient 7002,D504,Extraction,General Operatory,12:40,37
A7003,Patient 7003,D701,Checkup/Cleaning,General Operatory,11:15,43
A7004,Patient 7004,D487,Root Canal,Endodontic Operatory,13:55,81
A7005,Patient 7005,D349,Filling,General Operatory,10:10,48
A7006,Patient 7006,D483,Filling,General Operatory,09:50,37
A7007,Patient 7007,D523,Checkup/Cleaning,General Operatory,12:55,33
A7008,Patient 7008,D278,Filling,General Operatory,12:10,56
A7009,Patient 7009,D42,Checkup/Cleaning,General Operatory,14:20,40
A7010,Patient 7010,D153,Checkup/Cleaning,General Operatory,11:10,43
A7011,Patient 7011,D627,X-ray/Imaging,Imaging Room,10:05,11
A7012,Patient 7012,D129,Root Canal,Endodontic Operatory,10:30,72
A7013,Patient 7013,D354,Checkup/Cleaning,General Operatory,11:35,59
A7014,Patient 7014,D229,Checkup/Cleaning,General Operatory,10:25,49
A7015,Patient 7015,D473,Root Canal,Endodontic Operatory,11:00,86
A7016,Patient 7016,D391,Checkup/Cleaning,General Operatory,10:25,32
A7017,Patient 7017,D352,Checkup/Cleaning,General Operatory,11:45,34
A7018,Patient 7018,D410,Extraction,General Operatory,09:20,31
A7019,Patient 7019,D351,Extraction,General Operatory,10:35,26
A7020,Patient 7020,D589,Filling,General Operatory,09:35,21
A7021,Patient 7021,D215,Filling,General Operatory,12:50,46
A7022,Patient 7022,D199,Checkup/Cleaning,General Operatory,11:00,43
A7023,Patient 7023,D265,Checkup/Cleaning,General Operatory,10:10,47
A7024,Patient 7024,D164,Root Canal,Endodontic Operatory,10:20,84
A7025,Patient 7025,D477,Checkup/Cleaning,General Operatory,14:10,55
A7026,Patient 7026,D510,Extraction,General Operatory,11:55,25
A7027,Patient 7027,D213,Checkup/Cleaning,General Operatory,15:25,37
A7028,Patient 7028,D735,Filling,General Operatory,11:20,23
A7029,Patient 7029,D710,Filling,General Operatory,14:00,29
A7030,Patient 7030,D258,Crown,General Operatory,09:40,31
A7031,Patient 7031,D12,Checkup/Cleaning,General Operatory,09:20,36
A7032,Patient 7032,D700,Checkup/Cleaning,General Operatory,10:55,50
A7033,Patient 7033,D216,Filling,General Operatory,12:50,43
A7034,Patient 7034,D85,Checkup/Cleaning,General Operatory,10:20,50
A7035,Patient 7035,D641,Crown,General Operatory,12:30,38
A7036,Patient 7036,D451,Checkup/Cleaning,General Operatory,11:45,46
A7037,Patient 7037,D381,Root Canal,Endodontic Operatory,13:25,81
A7038,Patient 7038,D489,Crown,General Operatory,14:00,48
A7039,Patient 7039,D554,Checkup/Cleaning,General Operatory,10:50,50
A7040,Patient 7040,D303,Filling,General Operatory,10:10,42
A7041,Patient 7041,D746,Root Canal,Endodontic Operatory,10:05,64
A7042,Patient 7042,D502,Extraction,General Operatory,15:25,37
A7043,Patient 7043,D475,Extraction,General Operatory,11:35,25
A7044,Patient 7044,D31,Checkup/Cleaning,General Operatory,11:25,52
A7045,Patient 7045,D462,Checkup/Cleaning,General Operatory,10:45,60
A7046,Patient 7046,D535,Filling,General Operatory,09:25,59
A7047,Patient 7047,D744,X-ray/Imaging,Imaging Room,13:10,14
A7048,Patient 7048,D651,Root Canal,Endodontic Operatory,09:45,61
A7049,Patient 7049,D468,Extraction,General Operatory,12:45,39
A7050,Patient 7050,D223,Extraction,General Operatory,11:00,22
A7051,Patient 7051,D24,Checkup/Cleaning,General Operatory,13:15,33
A7052,Patient 7052,D384,Root Canal,Endodontic Operatory,10:30,86
A7053,Patient 7053,D354,Root Canal,Endodontic Operatory,09:40,84
A7054,Patient 7054,D131,Checkup/Cleaning,General Operatory,12:40,42
A7055,Patient 7055,D665,Filling,General Operatory,13:35,60
A7056,Patient 7056,D413,Extraction,General Operatory,11:50,27
A7057,Patient 7057,D428,Filling,General Operatory,11:45,39
A7058,Patient 7058,D591,Extraction,General Operatory,10:55,33
A7059,Patient 7059,D573,Filling,General Operatory,09:05,59
A7060,Patient 7060,D237,Filling,General Operatory,11:25,31
A7061,Patient 7061,D481,Filling,General Operatory,09:30,29
A7062,Patient 7062,D361,Filling,General Operatory,09:35,45
A7063,Patient 7063,D303,Checkup/Cleaning,General Operatory,10:00,51
A7064,Patient 7064,D611,Extraction,General Operatory,10:30,39
A7065,Patient 7065,D296,Checkup/Cleaning,General Operatory,14:00,47
A7066,Patient 7066,D329,Root Canal,Endodontic Operatory,10:00,69
A7067,Patient 7067,D446,Root Canal,Endodontic Operatory,12:10,80
A7068,Patient 7068,D77,Filling,General Operatory,12:20,52
A7069,Patient 7069,D33,Checkup/Cleaning,General Operatory,15:05,53
A7070,Patient 7070,D17,Extraction,General Operatory,10:10,34
A7071,Patient 7071,D688,Filling,General Operatory,10:15,30
A7072,Patient 7072,D673,Root Canal,Endodontic Operatory,12:40,66
A7073,Patient 7073,D175,Crown,General Operatory,10:25,36
A7074,Patient 7074,D463,Checkup/Cleaning,General Operatory,12:50,36
A7075,Patient 7075,D437,Extraction,General Operatory,15:30,20
A7076,Patient 7076,D595,Checkup/Cleaning,General Operatory,11:05,49
A7077,Patient 7077,D562,Filling,General Operatory,12:40,45
A7078,Patient 7078,D453,Checkup/Cleaning,General Operatory,10:30,57
A7079,Patient 7079,D424,Checkup/Cleaning,General Operatory,11:25,59
A7080,Patient 7080,D572,Crown,General Operatory,13:50,50
A7081,Patient 7081,D681,Filling,General Operatory,10:50,42
A7082,Patient 7082,D646,Crown,General Operatory,11:45,32
A7083,Patient 7083,D60,Root Canal,Endodontic Operatory,10:10,79
A7084,Patient 7084,D614,Checkup/Cleaning,General Operatory,10:10,33
A7085,Patient 7085,D725,Extraction,General Operatory,14:20,31
A7086,Patient 7086,D111,Checkup/Cleaning,General Operatory,15:40,41
A7087,Patient 7087,D253,Extraction,General Operatory,12:50,33
A7088,Patient 7088,D308,Checkup/Cleaning,General Operatory,14:20,45
A7089,Patient 7089,D706,X-ray/Imaging,Imaging Room,14:25,11
A7090,Patient 7090,D563,Crown,General Operatory,11:20,53
A7091,Patient 7091,D134,Filling,General Operatory,11:05,56
A7092,Patient 7092,D399,Filling,General Operatory,13:00,25
A7093,Patient 7093,D454,Filling,General Operatory,11:00,39
A7094,Patient 7094,D454,Checkup/Cleaning,General Operatory,11:40,46
A7095,Patient 7095,D515,Checkup/Cleaning,General Operatory,12:25,44
A7096,Patient 7096,D271,Filling,General Operatory,14:20,58
A7097,Patient 7097,D521,Checkup/Cleaning,General Operatory,10:35,36
A7098,Patient 7098,D405,Checkup/Cleaning,General Operatory,09:55,40
A7099,Patient 7099,D246,Checkup/Cleaning,General Operatory,13:10,57
A7100,Patient 7100,D690,Filling,General Operatory,14:45,45
A7101,Patient 7101,D656,Checkup/Cleaning,General Operatory,10:00,59
A7102,Patient 7102,D238,Filling,General Operatory,12:45,53
A7103,Patient 7103,D338,Checkup/Cleaning,General Operatory,09:15,33
A7104,Patient 7104,D703,Filling,General Operatory,14:40,22
A7105,Patient 7105,D517,Filling,General Operatory,14:25,20
A7106,Patient 7106,D47,Checkup/Cleaning,General Operatory,12:35,57
A7107,Patient 7107,D637,Checkup/Cleaning,General Operatory,09:30,43
A7108,Patient 7108,D602,Root Canal,Endodontic Operatory,12:30,66
A7109,Patient 7109,D266,Filling,General Operatory,12:45,49
A7110,Patient 7110,D126,Extraction,General Operatory,11:25,22
A7111,Patient 7111,D191,Checkup/Cleaning,General Operatory,09:45,55
A7112,Patient 7112,D244,Extraction,General Operatory,13:05,32
A7113,Patient 7113,D360,Filling,General Operatory,13:10,46
A7114,Patient 7114,D729,Crown,General Operatory,11:10,32
A7115,Patient 7115,D655,Checkup/Cleaning,General Operatory,11:15,55
A7116,Patient 7116,D126,Checkup/Cleaning,General Operatory,09:55,49
A7117,Patient 7117,D222,Filling,General Operatory,10:10,54
A7118,Patient 7118,D2,Checkup/Cleaning,General Operatory,13:05,37
A7119,Patient 7119,D324,Extraction,General Operatory,11:25,20
A7120,Patient 7120,D347,Root Canal,Endodontic Operatory,09:35,75
A7121,Patient 7121,D12,Checkup/Cleaning,General Operatory,09:10,58
A7122,Patient 7122,D189,Crown,General Operatory,11:35,55
A7123,Patient 7123,D97,X-ray/Imaging,Imaging Room,12:00,10
A7124,Patient 7124,D57,Filling,General Operatory,13:10,25
A7125,Patient 7125,D623,Filling,General Operatory,09:55,57
A7126,Patient 7126,D411,Extraction,General Operatory,09:35,31
A7127,Patient 7127,D345,Checkup/Cleaning,General Operatory,11:10,33
A7128,Patient 7128,D228,Root Canal,Endodontic Operatory,10:10,78
A7129,Patient 7129,D449,Checkup/Cleaning,General Operatory,15:40,43
A7130,Patient 7130,D79,Filling,General Operatory,09:25,54
A7131,Patient 7131,D625,Crown,General Operatory,14:15,49
A7132,Patient 7132,D725,Checkup/Cleaning,General Operatory,15:35,56
A7133,Patient 7133,D733,X-ray/Imaging,Imaging Room,10:20,12
A7134,Patient 7134,D719,Checkup/Cleaning,General Operatory,10:55,43
A7135,Patient 7135,D606,Checkup/Cleaning,General Operatory,09:45,56
A7136,Patient 7136,D200,Checkup/Cleaning,General Operatory,09:55,41
A7137,Patient 7137,D44,Filling,General Operatory,10:50,36
A7138,Patient 7138,D219,Filling,General Operatory,12:50,24
A7139,Patient 7139,D372,Filling,General Operatory,10:00,42
A7140,Patient 7140,D734,Filling,General Operatory,11:05,54
A7141,Patient 7141,D410,Checkup/Cleaning,General Operatory,09:35,52
A7142,Patient 7142,D135,Extraction,General Operatory,09:15,40
A7143,Patient 7143,D398,Filling,General Operatory,11:10,43
A7144,Patient 7144,D326,Filling,General Operatory,09:20,25
A7145,Patient 7145,D121,Filling,General Operatory,15:25,23
A7146,Patient 7146,D556,Checkup/Cleaning,General Operatory,10:40,33
A7147,Patient 7147,D685,Extraction,General Operatory,16:00,27
A7148,Patient 7148,D624,Crown,General Operatory,09:55,36
A7149,Patient 7149,D333,Filling,General Operatory,14:30,52
A7150,Patient 7150,D595,Extraction,General Operatory,11:15,24
A7151,Patient 7151,D155,Checkup/Cleaning,General Operatory,12:30,55
A7152,Patient 7152,D615,Filling,General Operatory,11:00,52
A7153,Patient 7153,D108,Root Canal,Endodontic Operatory,12:40,88
A7154,Patient 7154,D649,Checkup/Cleaning,General Operatory,11:45,54
A7155,Patient 7155,D50,X-ray/Imaging,Imaging Room,11:10,12
A7156,Patient 7156,D168,Checkup/Cleaning,General Operatory,14:15,34
A7157,Patient 7157,D223,Root Canal,Endodontic Operatory,10:25,60
A7158,Patient 7158,D415,Root Canal,Endodontic Operatory,09:40,84
A7159,Patient 7159,D14,Checkup/Cleaning,General Operatory,14:25,53
A7160,Patient 7160,D44,Crown,General Operatory,11:25,52
A7161,Patient 7161,D512,Crown,General Operatory,10:20,38
A7162,Patient 7162,D242,Checkup/Cleaning,General Operatory,11:25,48
A7163,Patient 7163,D288,Filling,General Operatory,11:10,42
A7164,Patient 7164,D12,Filling,General Operatory,11:40,41
A7165,Patient 7165,D36,Filling,General Operatory,13:15,28
A7166,Patient 7166,D269,Checkup/Cleaning,General Operatory,14:15,43
A7167,Patient 7167,D226,Extraction,General Operatory,14:05,40
A7168,Patient 7168,D586,Extraction,General Operatory,10:00,35
A7169,Patient 7169,D623,X-ray/Imaging,Imaging Room,11:35,10
A7170,Patient 7170,D682,Extraction,General Operatory,13:00,20
A7171,Patient 7171,D368,Filling,General Operatory,12:20,48
A7172,Patient 7172,D324,Root Canal,Endodontic Operatory,15:20,81
A7173,Patient 7173,D547,Checkup/Cleaning,General Operatory,15:30,42
A7174,Patient 7174,D620,Checkup/Cleaning,General Operatory,14:25,49
A7175,Patient 7175,D200,Checkup/Cleaning,General Operatory,14:25,42
A7176,Patient 7176,D508,Checkup/Cleaning,General Operatory,12:15,50
A7177,Patient 7177,D481,X-ray/Imaging,Imaging Room,11:05,15
A7178,Patient 7178,D532,Checkup/Cleaning,General Operatory,10:50,59
A7179,Patient 7179,D703,Filling,General Operatory,14:25,58
A7180,Patient 7180,D398,Checkup/Cleaning,General Operatory,12:35,54
A7181,Patient 7181,D141,Root Canal,Endodontic Operatory,12:30,77
A7182,Patient 7182,D9,Root Canal,Endodontic Operatory,10:45,69
A7183,Patient 7183,D131,Checkup/Cleaning,General Operatory,12:40,60
A7184,Patient 7184,D609,Crown,General Operatory,10:45,55
A7185,Patient 7185,D495,Extraction,General Operatory,10:20,23
A7186,Patient 7186,D388,Checkup/Cleaning,General Operatory,13:10,45
A7187,Patient 7187,D701,Checkup/Cleaning,General Operatory,10:10,35
A7188,Patient 7188,D510,X-ray/Imaging,Imaging Room,10:00,11
A7189,Patient 7189,D331,Checkup/Cleaning,General Operatory,11:05,35
A7190,Patient 7190,D156,Checkup/Cleaning,General Operatory,09:45,53
A7191,Patient 7191,D1,Filling,General Operatory,11:40,53
A7192,Patient 7192,D317,Extraction,General Operatory,11:30,22
A7193,Patient 7193,D111,Filling,General Operatory,12:30,23
A7194,Patient 7194,D9,Extraction,General Operatory,10:05,27
A7195,Patient 7195,D90,Checkup/Cleaning,General Operatory,13:00,33
A7196,Patient 7196,D381,Crown,General Operatory,12:55,30
A7197,Patient 7197,D639,Checkup/Cleaning,General Operatory,11:00,51
A7198,Patient 7198,D154,Checkup/Cleaning,General Operatory,10:30,52
A7199,Patient 7199,D7,Extraction,General Operatory,13:05,24
A7200,Patient 7200,D265,Crown,General Operatory,10:35,37
A7201,Patient 7201,D284,Crown,General Operatory,14:05,50
A7202,Patient 7202,D288,Crown,General Operatory,14:05,55
A7203,Patient 7203,D525,Checkup/Cleaning,General Operatory,11:15,52
A7204,Patient 7204,D698,Root Canal,Endodontic Operatory,14:15,74
A7205,Patient 7205,D606,Root Canal,Endodontic Operatory,12:45,64
A7206,Patient 7206,D47,Root Canal,Endodontic Operatory,11:10,63
A7207,Patient 7207,D544,Checkup/Cleaning,General Operatory,11:20,32
A7208,Patient 7208,D638,Crown,General Operatory,10:55,57
A7209,Patient 7209,D83,Filling,General Operatory,11:25,20
A7210,Patient 7210,D393,Checkup/Cleaning,General Operatory,10:10,39
A7211,Patient 7211,D353,X-ray/Imaging,Imaging Room,15:10,14
A7212,Patient 7212,D446,Root Canal,Endodontic Operatory,12:20,81
A7213,Patient 7213,D517,Filling,General Operatory,15:35,38
A7214,Patient 7214,D131,Filling,General Operatory,14:15,39
A7215,Patient 7215,D546,Checkup/Cleaning,General Operatory,14:30,53
A7216,Patient 7216,D642,Checkup/Cleaning,General Operatory,11:25,39
A7217,Patient 7217,D132,Extraction,General Operatory,10:00,26
A7218,Patient 7218,D70,Crown,General Operatory,11:00,46
A7219,Patient 7219,D192,Filling,General Operatory,10:00,41
A7220,Patient 7220,D258,Checkup/Cleaning,General Operatory,11:05,37
A7221,Patient 7221,D192,Filling,General Operatory,09:45,50
A7222,Patient 7222,D269,Filling,General Operatory,12:35,50
A7223,Patient 7223,D388,Extraction,General Operatory,10:20,37
A7224,Patient 7224,D560,X-ray/Imaging,Imaging Room,12:55,12
A7225,Patient 7225,D458,Checkup/Cleaning,General Operatory,09:45,51
A7226,Patient 7226,D641,Filling,General Operatory,11:00,33
A7227,Patient 7227,D734,Crown,General Operatory,12:50,47
A7228,Patient 7228,D195,Checkup/Cleaning,General Operatory,15:05,54
A7229,Patient 7229,D406,Checkup/Cleaning,General Operatory,13:35,51
A7230,Patient 7230,D493,Root Canal,Endodontic Operatory,10:55,82
A7231,Patient 7231,D270,Checkup/Cleaning,General Operatory,14:10,50
A7232,Patient 7232,D16,Root Canal,Endodontic Operatory,12:25,62
A7233,Patient 7233,D365,Checkup/Cleaning,General Operatory,14:35,55
A7234,Patient 7234,D392,Crown,General Operatory,11:00,41
A7235,Patient 7235,D320,Checkup/Cleaning,General Operatory,09:50,36
A7236,Patient 7236,D610,Root Canal,Endodontic Operatory,11:05,87
A7237,Patient 7237,D126,Extraction,General Operatory,10:00,31
A7238,Patient 7238,D249,Crown,General Operatory,13:00,55
A7239,Patient 7239,D169,Extraction,General Operatory,12:15,39
A7240,Patient 7240,D95,Checkup/Cleaning,General Operatory,10:45,31
A7241,Patient 7241,D649,Checkup/Cleaning,General Operatory,11:50,39
A7242,Patient 7242,D615,Filling,General Operatory,10:45,54
A7243,Patient 7243,D565,Extraction,General Operatory,09:45,40
A7244,Patient 7244,D537,Filling,General Operatory,14:00,50
A7245,Patient 7245,D55,Crown,General Operatory,15:05,59
A7246,Patient 7246,D119,Filling,General Operatory,09:40,57
A7247,Patient 7247,D622,Checkup/Cleaning,General Operatory,12:25,44
A7248,Patient 7248,D528,Checkup/Cleaning,General Operatory,11:45,58
A7249,Patient 7249,D47,X-ray/Imaging,Imaging Room,10:55,11
A7250,Patient 7250,D165,Checkup/Cleaning,General Operatory,15:50,37
A7251,Patient 7251,D330,Checkup/Cleaning,General Operatory,09:55,31
A7252,Patient 7252,D297,Filling,General Operatory,11:50,27
A7253,Patient 7253,D224,Root Canal,Endodontic Operatory,11:20,77
A7254,Patient 7254,D471,Filling,General Operatory,12:10,51
A7255,Patient 7255,D471,Checkup/Cleaning,General Operatory,12:40,42
A7256,Patient 7256,D362,Filling,General Operatory,13:20,20
A7257,Patient 7257,D387,X-ray/Imaging,Imaging Room,11:25,11
A7258,Patient 7258,D159,Checkup/Cleaning,General Operatory,10:15,60
A7259,Patient 7259,D131,Checkup/Cleaning,General Operatory,11:15,56
A7260,Patient 7260,D426,Crown,General Operatory,11:15,47
A7261,Patient 7261,D569,Root Canal,Endodontic Operatory,09:40,84
A7262,Patient 7262,D437,Checkup/Cleaning,General Operatory,11:20,55
A7263,Patient 7263,D211,Checkup/Cleaning,General Operatory,11:40,30
A7264,Patient 7264,D660,Filling,General Operatory,13:50,47
A7265,Patient 7265,D679,Root Canal,Endodontic Operatory,10:00,88
A7266,Patient 7266,D676,X-ray/Imaging,Imaging Room,13:00,10
A7267,Patient 7267,D361,X-ray/Imaging,Imaging Room,09:25,10
A7268,Patient 7268,D259,Extraction,General Operatory,11:10,28
A7269,Patient 7269,D534,Root Canal,Endodontic Operatory,13:00,68
A7270,Patient 7270,D94,Checkup/Cleaning,General Operatory,10:45,46
A7271,Patient 7271,D444,Filling,General Operatory,11:30,29
A7272,Patient 7272,D122,Checkup/Cleaning,General Operatory,10:45,42
A7273,Patient 7273,D479,Filling,General Operatory,11:20,25
A7274,Patient 7274,D315,Filling,General Operatory,14:40,34
A7275,Patient 7275,D259,Extraction,General Operatory,10:50,36
A7276,Patient 7276,D706,Filling,General Operatory,14:05,41
A7277,Patient 7277,D371,Extraction,General Operatory,11:50,37
A7278,Patient 7278,D727,Filling,General Operatory,09:15,36
A7279,Patient 7279,D638,Checkup/Cleaning,General Operatory,11:15,48
A7280,Patient 7280,D107,Checkup/Cleaning,General Operatory,11:20,57
A7281,Patient 7281,D706,Filling,General Operatory,12:20,56
A7282,Patient 7282,D501,Filling,General Operatory,13:10,47
A7283,Patient 7283,D488,Filling,General Operatory,10:05,56
A7284,Patient 7284,D573,Filling,General Operatory,11:35,33
A7285,Patient 7285,D92,Filling,General Operatory,09:45,58
A7286,Patient 7286,D355,Checkup/Cleaning,General Operatory,10:20,56
A7287,Patient 7287,D561,Extraction,General Operatory,11:15,29
A7288,Patient 7288,D504,Crown,General Operatory,11:25,36
A7289,Patient 7289,D622,Checkup/Cleaning,General Operatory,12:35,55
A7290,Patient 7290,D118,Filling,General Operatory,09:55,21
A7291,Patient 7291,D77,Checkup/Cleaning,General Operatory,11:05,49
A7292,Patient 7292,D316,Filling,General Operatory,12:40,20
A7293,Patient 7293,D188,Extraction,General Operatory,12:45,33
A7294,Patient 7294,D634,Checkup/Cleaning,General Operatory,10:30,32
A7295,Patient 7295,D619,Checkup/Cleaning,General Operatory,14:50,30
A7296,Patient 7296,D404,Checkup/Cleaning,General Operatory,12:25,59
A7297,Patient 7297,D472,Extraction,General Operatory,13:00,20
A7298,Patient 7298,D675,Extraction,General Operatory,12:50,22
A7299,Patient 7299,D230,Filling,General Operatory,12:50,21
A7300,Patient 7300,D628,Crown,General Operatory,11:25,42
A7301,Patient 7301,D397,Filling,General Operatory,11:05,22
A7302,Patient 7302,D122,Checkup/Cleaning,General Operatory,11:25,35
A7303,Patient 7303,D470,Checkup/Cleaning,General Operatory,09:55,39
A7304,Patient 7304,D59,Filling,General Operatory,13:15,44
A7305,Patient 7305,D450,X-ray/Imaging,Imaging Room,12:00,12
A7306,Patient 7306,D481,Checkup/Cleaning,General Operatory,11:20,57
A7307,Patient 7307,D371,Crown,General Operatory,10:40,44
A7308,Patient 7308,D161,Root Canal,Endodontic Operatory,09:35,75
A7309,Patient 7309,D122,Checkup/Cleaning,General Operatory,10:30,40
A7310,Patient 7310,D99,Root Canal,Endodontic Operatory,13:55,74
A7311,Patient 7311,D211,Extraction,General Operatory,13:15,25
A7312,Patient 7312,D5,Root Canal,Endodontic Operatory,12:30,78
A7313,Patient 7313,D349,Filling,General Operatory,13:05,55
A7314,Patient 7314,D657,Extraction,General Operatory,14:20,33
A7315,Patient 7315,D36,Crown,General Operatory,11:50,46
A7316,Patient 7316,D486,Checkup/Cleaning,General Operatory,13:05,41
A7317,Patient 7317,D491,Crown,General Operatory,14:35,56
A7318,Patient 7318,D301,Root Canal,Endodontic Operatory,12:25,90
A7319,Patient 7319,D421,Checkup/Cleaning,General Operatory,11:10,58
A7320,Patient 7320,D173,Filling,General Operatory,11:40,29
A7321,Patient 7321,D505,Extraction,General Operatory,13:10,31
A7322,Patient 7322,D271,Extraction,General Operatory,11:40,36
A7323,Patient 7323,D395,Extraction,General Operatory,10:45,38
A7324,Patient 7324,D454,Extraction,General Operatory,10:35,31
A7325,Patient 7325,D245,Checkup/Cleaning,General Operatory,11:30,44
A7326,Patient 7326,D664,Checkup/Cleaning,General Operatory,09:25,50
A7327,Patient 7327,D25,Root Canal,Endodontic Operatory,10:10,67
A7328,Patient 7328,D174,Extraction,General Operatory,11:00,20
A7329,Patient 7329,D696,Root Canal,Endodontic Operatory,12:45,76
A7330,Patient 7330,D323,Crown,General Operatory,13:50,50
A7331,Patient 7331,D341,Crown,General Operatory,10:15,37
A7332,Patient 7332,D287,Filling,General Operatory,11:55,22
A7333,Patient 7333,D538,Checkup/Cleaning,General Operatory,10:45,37
A7334,Patient 7334,D204,Extraction,General Operatory,11:55,31
A7335,Patient 7335,D194,Checkup/Cleaning,General Operatory,11:00,49
A7336,Patient 7336,D417,Extraction,General Operatory,11:10,29
A7337,Patient 7337,D44,Extraction,General Operatory,15:20,28
A7338,Patient 7338,D487,Checkup/Cleaning,General Operatory,10:05,36
A7339,Patient 7339,D90,Filling,General Operatory,09:55,44
A7340,Patient 7340,D724,Checkup/Cleaning,General Operatory,12:25,30
A7341,Patient 7341,D47,Root Canal,Endodontic Operatory,11:05,88
A7342,Patient 7342,D370,Filling,General Operatory,10:25,54
A7343,Patient 7343,D596,Filling,General Operatory,11:40,32
A7344,Patient 7344,D479,Checkup/Cleaning,General Operatory,11:35,43
A7345,Patient 7345,D443,Extraction,General Operatory,10:55,27
A7346,Patient 7346,D498,Checkup/Cleaning,General Operatory,14:10,55
A7347,Patient 7347,D486,Checkup/Cleaning,General Operatory,12:50,40
A7348,Patient 7348,D55,Extraction,General Operatory,12:20,38
A7349,Patient 7349,D55,Crown,General Operatory,11:25,30
A7350,Patient 7350,D501,Filling,General Operatory,14:35,50
A7351,Patient 7351,D113,Extraction,General Operatory,11:20,39
A7352,Patient 7352,D402,Checkup/Cleaning,General Operatory,11:50,46
A7353,Patient 7353,D473,Filling,General Operatory,11:20,60
A7354,Patient 7354,D531,Checkup/Cleaning,General Operatory,11:15,37
A7355,Patient 7355,D438,Checkup/Cleaning,General Operatory,11:05,38
A7356,Patient 7356,D458,Crown,General Operatory,11:45,41
A7357,Patient 7357,D541,Filling,General Operatory,09:30,41
A7358,Patient 7358,D685,Root Canal,Endodontic Operatory,13:30,80
A7359,Patient 7359,D420,Checkup/Cleaning,General Operatory,12:10,54
A7360,Patient 7360,D744,Filling,General Operatory,11:30,53
A7361,Patient 7361,D444,Root Canal,Endodontic Operatory,11:10,61
A7362,Patient 7362,D652,Root Canal,Endodontic Operatory,10:15,82
A7363,Patient 7363,D164,Filling,General Operatory,10:55,35
A7364,Patient 7364,D98,Crown,General Operatory,10:50,48
A7365,Patient 7365,D193,Filling,General Operatory,10:30,36
A7366,Patient 7366,D661,Filling,General Operatory,10:35,39
A7367,Patient 7367,D717,Extraction,General Operatory,10:20,26
A7368,Patient 7368,D422,Crown,General Operatory,10:05,44
A7369,Patient 7369,D711,Filling,General Operatory,12:00,20
A7370,Patient 7370,D68,Root Canal,Endodontic Operatory,14:05,80
A7371,Patient 7371,D657,Filling,General Operatory,14:50,21
A7372,Patient 7372,D274,Checkup/Cleaning,General Operatory,12:50,31
A7373,Patient 7373,D210,Root Canal,Endodontic Operatory,12:40,81
A7374,Patient 7374,D452,Filling,General Operatory,13:55,37
A7375,Patient 7375,D11,Checkup/Cleaning,General Operatory,11:25,46
A7376,Patient 7376,D474,Checkup/Cleaning,General Operatory,15:15,59
A7377,Patient 7377,D676,Checkup/Cleaning,General Operatory,11:00,51
A7378,Patient 7378,D269,Extraction,General Operatory,11:20,35
A7379,Patient 7379,D60,Extraction,General Operatory,09:40,26
A7380,Patient 7380,D568,Crown,General Operatory,10:10,46
A7381,Patient 7381,D263,Checkup/Cleaning,General Operatory,09:35,60
A7382,Patient 7382,D505,Extraction,General Operatory,13:25,30
A7383,Patient 7383,D515,Root Canal,Endodontic Operatory,12:15,90
A7384,Patient 7384,D43,Filling,General Operatory,11:45,56
A7385,Patient 7385,D221,Checkup/Cleaning,General Operatory,10:35,35
A7386,Patient 7386,D473,Extraction,General Operatory,11:15,31
A7387,Patient 7387,D731,Root Canal,Endodontic Operatory,11:45,64
A7388,Patient 7388,D640,Root Canal,Endodontic Operatory,13:50,63
A7389,Patient 7389,D163,Checkup/Cleaning,General Operatory,10:20,59
A7390,Patient 7390,D134,Extraction,General Operatory,14:20,39
A7391,Patient 7391,D412,Filling,General Operatory,09:50,34
A7392,Patient 7392,D170,Crown,General Operatory,15:35,41
A7393,Patient 7393,D362,Checkup/Cleaning,General Operatory,09:50,30
A7394,Patient 7394,D451,Filling,General Operatory,09:30,57
A7395,Patient 7395,D282,Root Canal,Endodontic Operatory,09:15,86
A7396,Patient 7396,D700,Filling,General Operatory,09:20,30
A7397,Patient 7397,D150,Crown,General Operatory,10:45,50
A7398,Patient 7398,D221,Checkup/Cleaning,General Operatory,09:45,59
A7399,Patient 7399,D23,Checkup/Cleaning,General Operatory,09:45,36
A7400,Patient 7400,D144,Extraction,General Operatory,12:55,32
A7401,Patient 7401,D57,Checkup/Cleaning,General Operatory,09:45,57
A7402,Patient 7402,D581,Checkup/Cleaning,General Operatory,10:05,60
A7403,Patient 7403,D305,Filling,General Operatory,10:15,48
A7404,Patient 7404,D368,Filling,General Operatory,14:05,51
A7405,Patient 7405,D210,Filling,General Operatory,12:45,53
A7406,Patient 7406,D278,Root Canal,Endodontic Operatory,13:45,70
A7407,Patient 7407,D243,Filling,General Operatory,10:00,26
A7408,Patient 7408,D549,Checkup/Cleaning,General Operatory,11:25,34
A7409,Patient 7409,D528,Crown,General Operatory,11:20,43
A7410,Patient 7410,D601,Filling,General Operatory,14:10,26
A7411,Patient 7411,D190,Crown,General Operatory,11:00,41
A7412,Patient 7412,D703,Filling,General Operatory,14:35,53
A7413,Patient 7413,D678,Extraction,General Operatory,11:55,30
A7414,Patient 7414,D43,Checkup/Cleaning,General Operatory,12:40,59
A7415,Patient 7415,D589,Filling,General Operatory,10:00,59
A7416,Patient 7416,D269,Extraction,General Operatory,12:20,34
A7417,Patient 7417,D692,Root Canal,Endodontic Operatory,15:15,60
A7418,Patient 7418,D525,Filling,General Operatory,10:25,57
A7419,Patient 7419,D731,Root Canal,Endodontic Operatory,10:10,83
A7420,Patient 7420,D586,Checkup/Cleaning,General Operatory,10:15,38
A7421,Patient 7421,D729,Checkup/Cleaning,General Operatory,09:50,37
A7422,Patient 7422,D455,Crown,General Operatory,14:05,43
A7423,Patient 7423,D355,Root Canal,Endodontic Operatory,10:20,79
A7424,Patient 7424,D378,Crown,General Operatory,13:40,46
A7425,Patient 7425,D64,Filling,General Operatory,13:55,28
A7426,Patient 7426,D458,Filling,General Operatory,11:40,41
A7427,Patient 7427,D463,Extraction,General Operatory,11:40,35
A7428,Patient 7428,D589,Crown,General Operatory,09:55,41
A7429,Patient 7429,D130,Checkup/Cleaning,General Operatory,09:25,44
A7430,Patient 7430,D601,Root Canal,Endodontic Operatory,12:40,67
A7431,Patient 7431,D482,Extraction,General Operatory,12:25,20
A7432,Patient 7432,D728,Checkup/Cleaning,General Operatory,10:30,40
A7433,Patient 7433,D292,Filling,General Operatory,13:10,39
A7434,Patient 7434,D473,Crown,General Operatory,12:35,59
A7435,Patient 7435,D447,Filling,General Operatory,13:20,32
A7436,Patient 7436,D350,Root Canal,Endodontic Operatory,14:10,81
A7437,Patient 7437,D121,Checkup/Cleaning,General Operatory,13:55,41
A7438,Patient 7438,D352,Crown,General Operatory,10:10,59
A7439,Patient 7439,D442,Filling,General Operatory,13:30,59
A7440,Patient 7440,D385,Checkup/Cleaning,General Operatory,10:50,55
A7441,Patient 7441,D503,Checkup/Cleaning,General Operatory,11:35,45
A7442,Patient 7442,D203,Root Canal,Endodontic Operatory,09:55,90
A7443,Patient 7443,D116,Extraction,General Operatory,10:00,26
A7444,Patient 7444,D509,Crown,General Operatory,15:05,50
A7445,Patient 7445,D58,Checkup/Cleaning,General Operatory,12:30,60
A7446,Patient 7446,D570,Checkup/Cleaning,General Operatory,12:35,39
A7447,Patient 7447,D638,X-ray/Imaging,Imaging Room,10:10,12
A7448,Patient 7448,D126,Filling,General Operatory,12:45,55
A7449,Patient 7449,D209,Filling,General Operatory,10:50,50
A7450,Patient 7450,D425,Filling,General Operatory,14:35,55
A7451,Patient 7451,D365,Root Canal,Endodontic Operatory,14:25,69
A7452,Patient 7452,D94,Checkup/Cleaning,General Operatory,11:10,43
A7453,Patient 7453,D301,Checkup/Cleaning,General Operatory,10:10,45
A7454,Patient 7454,D338,Extraction,General Operatory,10:00,37
A7455,Patient 7455,D96,Extraction,General Operatory,11:50,38
A7456,Patient 7456,D238,Checkup/Cleaning,General Operatory,12:15,47
A7457,Patient 7457,D631,Extraction,General Operatory,14:25,27
A7458,Patient 7458,D685,Extraction,General Operatory,14:30,21
A7459,Patient 7459,D531,X-ray/Imaging,Imaging Room,10:00,14
A7460,Patient 7460,D91,Checkup/Cleaning,General Operatory,11:45,41
A7461,Patient 7461,D202,Filling,General Operatory,10:10,25
A7462,Patient 7462,D210,Checkup/Cleaning,General Operatory,11:35,35
A7463,Patient 7463,D50,Checkup/Cleaning,General Operatory,11:00,52
A7464,Patient 7464,D725,Checkup/Cleaning,General Operatory,12:25,48
A7465,Patient 7465,D512,Filling,General Operatory,10:00,31
A7466,Patient 7466,D557,Filling,General Operatory,10:35,48
A7467,Patient 7467,D671,X-ray/Imaging,Imaging Room,11:20,10
A7468,Patient 7468,D630,Checkup/Cleaning,General Operatory,10:20,39
A7469,Patient 7469,D533,Checkup/Cleaning,General Operatory,11:35,54
A7470,Patient 7470,D443,Filling,General Operatory,15:20,37
A7471,Patient 7471,D9,Filling,General Operatory,10:35,39
A7472,Patient 7472,D191,Checkup/Cleaning,General Operatory,11:25,53
A7473,Patient 7473,D446,Checkup/Cleaning,General Operatory,11:10,38
A7474,Patient 7474,D315,Checkup/Cleaning,General Operatory,11:45,30
A7475,Patient 7475,D664,Filling,General Operatory,11:50,30
A7476,Patient 7476,D614,Root Canal,Endodontic Operatory,09:35,73
A7477,Patient 7477,D609,Root Canal,Endodontic Operatory,10:20,70
A7478,Patient 7478,D700,Extraction,General Operatory,10:10,35
A7479,Patient 7479,D280,Extraction,General Operatory,11:45,25
A7480,Patient 7480,D540,Filling,General Operatory,12:35,25
A7481,Patient 7481,D394,Root Canal,Endodontic Operatory,14:25,66
A7482,Patient 7482,D632,Extraction,General Operatory,11:05,27
A7483,Patient 7483,D339,Root Canal,Endodontic Operatory,09:45,72
A7484,Patient 7484,D201,Extraction,General Operatory,10:30,20
A7485,Patient 7485,D388,Root Canal,Endodontic Operatory,13:40,78
A7486,Patient 7486,D569,Crown,General Operatory,10:00,55
A7487,Patient 7487,D604,Filling,General Operatory,14:10,46
A7488,Patient 7488,D66,X-ray/Imaging,Imaging Room,13:30,10
A7489,Patient 7489,D187,Root Canal,Endodontic Operatory,13:50,78
A7490,Patient 7490,D249,Extraction,General Operatory,12:50,40
A7491,Patient 7491,D273,Filling,General Operatory,09:20,51
A7492,Patient 7492,D54,Checkup/Cleaning,General Operatory,09:40,36
A7493,Patient 7493,D724,Filling,General Operatory,11:10,37
A7494,Patient 7494,D692,Extraction,General Operatory,14:15,26
A7495,Patient 7495,D504,Crown,General Operatory,13:55,52
A7496,Patient 7496,D508,Filling,General Operatory,12:40,23
A7497,Patient 7497,D336,Filling,General Operatory,13:10,40
A7498,Patient 7498,D679,Filling,General Operatory,11:35,43
A7499,Patient 7499,D515,Filling,General Operatory,11:10,20
A7500,Patient 7500,D346,Checkup/Cleaning,General Operatory,11:10,53
A7501,Patient 7501,D653,Extraction,General Operatory,12:30,40
A7502,Patient 7502,D655,Checkup/Cleaning,General Operatory,10:00,49
A7503,Patient 7503,D425,Crown,General Operatory,11:15,35
A7504,Patient 7504,D377,Filling,General Operatory,10:15,36
A7505,Patient 7505,D198,Crown,General Operatory,12:20,55
A7506,Patient 7506,D44,Checkup/Cleaning,General Operatory,11:20,34
A7507,Patient 7507,D442,Filling,General Operatory,13:45,49
A7508,Patient 7508,D378,Checkup/Cleaning,General Operatory,12:20,37
A7509,Patient 7509,D647,Filling,General Operatory,12:55,56
A7510,Patient 7510,D687,Crown,General Operatory,14:40,30
A7511,Patient 7511,D419,Filling,General Operatory,10:00,26
A7512,Patient 7512,D325,Crown,General Operatory,12:15,47
A7513,Patient 7513,D557,Checkup/Cleaning,General Operatory,09:20,38
A7514,Patient 7514,D191,Extraction,General Operatory,11:45,36
A7515,Patient 7515,D434,Filling,General Operatory,09:40,33
A7516,Patient 7516,D688,Filling,General Operatory,11:40,23
A7517,Patient 7517,D132,Checkup/Cleaning,General Operatory,09:10,47
A7518,Patient 7518,D412,Checkup/Cleaning,General Operatory,11:30,53
A7519,Patient 7519,D631,X-ray/Imaging,Imaging Room,15:00,15
A7520,Patient 7520,D45,Checkup/Cleaning,General Operatory,10:25,34
A7521,Patient 7521,D84,Filling,General Operatory,11:30,42
A7522,Patient 7522,D595,Root Canal,Endodontic Operatory,12:40,73
A7523,Patient 7523,D613,Checkup/Cleaning,General Operatory,11:15,57
A7524,Patient 7524,D20,Extraction,General Operatory,13:25,31
A7525,Patient 7525,D440,Checkup/Cleaning,General Operatory,14:35,33
A7526,Patient 7526,D221,Checkup/Cleaning,General Operatory,11:15,46
A7527,Patient 7527,D46,Checkup/Cleaning,General Operatory,10:25,57
A7528,Patient 7528,D496,Filling,General Operatory,09:25,43
A7529,Patient 7529,D42,Filling,General Operatory,13:00,20
A7530,Patient 7530,D144,Checkup/Cleaning,General Operatory,13:05,47
A7531,Patient 7531,D295,Checkup/Cleaning,General Operatory,10:10,59
A7532,Patient 7532,D113,Checkup/Cleaning,General Operatory,09:55,44
A7533,Patient 7533,D45,Checkup/Cleaning,General Operatory,12:55,32
A7534,Patient 7534,D455,Checkup/Cleaning,General Operatory,10:55,55
A7535,Patient 7535,D424,Filling,General Operatory,09:50,42
A7536,Patient 7536,D180,Checkup/Cleaning,General Operatory,10:10,42
A7537,Patient 7537,D365,Checkup/Cleaning,General Operatory,11:25,30
A7538,Patient 7538,D257,Filling,General Operatory,12:20,41
A7539,Patient 7539,D432,Filling,General Operatory,10:00,28
A7540,Patient 7540,D415,Extraction,General Operatory,10:35,35
A7541,Patient 7541,D148,Filling,General Operatory,09:10,40
A7542,Patient 7542,D8,Crown,General Operatory,13:10,41
A7543,Patient 7543,D564,Filling,General Operatory,13:40,47
A7544,Patient 7544,D327,Filling,General Operatory,11:25,24
A7545,Patient 7545,D183,Checkup/Cleaning,General Operatory,09:35,46
A7546,Patient 7546,D465,Crown,General Operatory,09:20,49
A7547,Patient 7547,D247,Filling,General Operatory,10:50,32
A7548,Patient 7548,D713,Crown,General Operatory,14:10,30
A7549,Patient 7549,D280,Filling,General Operatory,12:50,57
A7550,Patient 7550,D84,Crown,General Operatory,11:40,43
A7551,Patient 7551,D58,Crown,General Operatory,12:25,48
A7552,Patient 7552,D149,Crown,General Operatory,13:50,52
A7553,Patient 7553,D33,Checkup/Cleaning,General Operatory,12:30,35
A7554,Patient 7554,D423,Extraction,General Operatory,10:55,30
A7555,Patient 7555,D114,Filling,General Operatory,12:50,29
A7556,Patient 7556,D312,Checkup/Cleaning,General Operatory,13:40,54
A7557,Patient 7557,D331,Extraction,General Operatory,13:45,37
A7558,Patient 7558,D324,Checkup/Cleaning,General Operatory,10:55,49
A7559,Patient 7559,D292,Filling,General Operatory,12:55,43
A7560,Patient 7560,D230,X-ray/Imaging,Imaging Room,15:45,11
A7561,Patient 7561,D7,Checkup/Cleaning,General Operatory,14:25,52
A7562,Patient 7562,D717,Checkup/Cleaning,General Operatory,12:40,44
A7563,Patient 7563,D3,Filling,General Operatory,11:15,54
A7564,Patient 7564,D416,Root Canal,Endodontic Operatory,11:10,68
A7565,Patient 7565,D460,Checkup/Cleaning,General Operatory,09:15,50
A7566,Patient 7566,D474,Checkup/Cleaning,General Operatory,13:50,60
A7567,Patient 7567,D452,Checkup/Cleaning,General Operatory,11:05,56
A7568,Patient 7568,D721,Extraction,General Operatory,10:20,39
A7569,Patient 7569,D697,Root Canal,Endodontic Operatory,14:00,67
A7570,Patient 7570,D643,Root Canal,Endodontic Operatory,11:05,83
A7571,Patient 7571,D460,Extraction,General Operatory,10:15,37
A7572,Patient 7572,D542,Checkup/Cleaning,General Operatory,10:55,42
A7573,Patient 7573,D384,Checkup/Cleaning,General Operatory,09:40,49
A7574,Patient 7574,D243,X-ray/Imaging,Imaging Room,09:15,14
A7575,Patient 7575,D719,Checkup/Cleaning,General Operatory,14:10,31
A7576,Patient 7576,D739,Filling,General Operatory,11:05,57
A7577,Patient 7577,D622,Root Canal,Endodontic Operatory,10:45,66
A7578,Patient 7578,D500,Filling,General Operatory,10:20,44
A7579,Patient 7579,D29,Filling,General Operatory,10:50,36
A7580,Patient 7580,D45,Filling,General Operatory,11:30,60
A7581,Patient 7581,D153,X-ray/Imaging,Imaging Room,14:10,12
A7582,Patient 7582,D378,Filling,General Operatory,15:25,51
A7583,Patient 7583,D378,Checkup/Cleaning,General Operatory,12:25,38
A7584,Patient 7584,D13,Filling,General Operatory,10:00,40
A7585,Patient 7585,D669,Crown,General Operatory,10:00,35
A7586,Patient 7586,D595,Extraction,General Operatory,12:20,25
A7587,Patient 7587,D132,X-ray/Imaging,Imaging Room,11:05,15
A7588,Patient 7588,D67,Checkup/Cleaning,General Operatory,10:30,43
A7589,Patient 7589,D121,Checkup/Cleaning,General Operatory,15:15,49
A7590,Patient 7590,D447,Root Canal,Endodontic Operatory,12:25,78
A7591,Patient 7591,D604,Checkup/Cleaning,General Operatory,11:20,48
A7592,Patient 7592,D69,Extraction,General Operatory,10:00,21
A7593,Patient 7593,D140,Filling,General Operatory,10:35,45
A7594,Patient 7594,D541,Checkup/Cleaning,General Operatory,11:30,59
A7595,Patient 7595,D473,Filling,General Operatory,14:30,51
A7596,Patient 7596,D51,Checkup/Cleaning,General Operatory,10:50,51
A7597,Patient 7597,D138,Extraction,General Operatory,09:50,36
A7598,Patient 7598,D108,Filling,General Operatory,13:15,47
A7599,Patient 7599,D411,Checkup/Cleaning,General Operatory,10:20,30
A7600,Patient 7600,D208,Extraction,General Operatory,11:40,39
A7601,Patient 7601,D713,Root Canal,Endodontic Operatory,11:15,81
A7602,Patient 7602,D172,Checkup/Cleaning,General Operatory,15:15,41
A7603,Patient 7603,D210,Filling,General Operatory,14:50,35
A7604,Patient 7604,D679,Filling,General Operatory,11:05,38
A7605,Patient 7605,D687,Extraction,General Operatory,09:50,31
A7606,Patient 7606,D508,Filling,General Operatory,12:30,47
A7607,Patient 7607,D740,Filling,General Operatory,09:55,60
A7608,Patient 7608,D372,Filling,General Operatory,09:15,55
A7609,Patient 7609,D502,Extraction,General Operatory,14:15,28
A7610,Patient 7610,D289,Filling,General Operatory,10:05,58
A7611,Patient 7611,D629,Crown,General Operatory,13:55,51
A7612,Patient 7612,D671,Filling,General Operatory,10:50,33
A7613,Patient 7613,D382,Filling,General Operatory,13:00,57
A7614,Patient 7614,D128,Checkup/Cleaning,General Operatory,11:15,34
A7615,Patient 7615,D83,Extraction,General Operatory,14:15,21
A7616,Patient 7616,D261,Filling,General Operatory,09:15,56
A7617,Patient 7617,D391,Root Canal,Endodontic Operatory,10:20,63
A7618,Patient 7618,D583,Filling,General Operatory,10:30,57
A7619,Patient 7619,D216,Filling,General Operatory,11:30,22
A7620,Patient 7620,D79,Checkup/Cleaning,General Operatory,10:20,47
A7621,Patient 7621,D222,Checkup/Cleaning,General Operatory,10:20,50
A7622,Patient 7622,D136,Filling,General Operatory,12:25,50
A7623,Patient 7623,D242,Checkup/Cleaning,General Operatory,10:15,40
A7624,Patient 7624,D707,Checkup/Cleaning,General Operatory,14:00,34
A7625,Patient 7625,D563,X-ray/Imaging,Imaging Room,10:30,12
A7626,Patient 7626,D127,Checkup/Cleaning,General Operatory,10:10,47
A7627,Patient 7627,D606,Crown,General Operatory,10:00,48
A7628,Patient 7628,D378,Checkup/Cleaning,General Operatory,13:55,37
A7629,Patient 7629,D131,Checkup/Cleaning,General Operatory,11:15,37
A7630,Patient 7630,D661,Filling,General Operatory,09:45,47
A7631,Patient 7631,D251,Filling,General Operatory,13:10,37
A7632,Patient 7632,D383,Root Canal,Endodontic Operatory,10:10,80
A7633,Patient 7633,D324,Checkup/Cleaning,General Operatory,14:10,45
A7634,Patient 7634,D743,Filling,General Operatory,09:35,56
A7635,Patient 7635,D308,Checkup/Cleaning,General Operatory,10:00,59
A7636,Patient 7636,D217,Checkup/Cleaning,General Operatory,09:30,40
A7637,Patient 7637,D254,Filling,General Operatory,10:10,24
A7638,Patient 7638,D507,Filling,General Operatory,11:10,57
A7639,Patient 7639,D162,Checkup/Cleaning,General Operatory,12:45,38
A7640,Patient 7640,D193,Filling,General Operatory,10:10,43
A7641,Patient 7641,D428,Checkup/Cleaning,General Operatory,10:00,49
A7642,Patient 7642,D205,Filling,General Operatory,13:00,46
A7643,Patient 7643,D472,X-ray/Imaging,Imaging Room,14:15,14
A7644,Patient 7644,D333,Checkup/Cleaning,General Operatory,14:20,48
A7645,Patient 7645,D234,Root Canal,Endodontic Operatory,12:40,78
A7646,Patient 7646,D273,Root Canal,Endodontic Operatory,11:00,61
A7647,Patient 7647,D17,Checkup/Cleaning,General Operatory,11:45,57
A7648,Patient 7648,D486,Checkup/Cleaning,General Operatory,11:30,36
A7649,Patient 7649,D599,Checkup/Cleaning,General Operatory,09:15,59
A7650,Patient 7650,D538,Root Canal,Endodontic Operatory,10:50,76
A7651,Patient 7651,D630,Filling,General Operatory,10:25,59
A7652,Patient 7652,D220,X-ray/Imaging,Imaging Room,13:10,15
A7653,Patient 7653,D379,Filling,General Operatory,10:20,40
A7654,Patient 7654,D315,Root Canal,Endodontic Operatory,12:20,88
A7655,Patient 7655,D104,Checkup/Cleaning,General Operatory,11:10,52
A7656,Patient 7656,D194,Checkup/Cleaning,General Operatory,12:15,41
A7657,Patient 7657,D659,Checkup/Cleaning,General Operatory,11:25,56
A7658,Patient 7658,D704,Checkup/Cleaning,General Operatory,11:35,35
A7659,Patient 7659,D332,Checkup/Cleaning,General Operatory,09:55,35
A7660,Patient 7660,D127,Root Canal,Endodontic Operatory,12:40,70
A7661,Patient 7661,D399,Extraction,General Operatory,10:05,25
A7662,Patient 7662,D584,Checkup/Cleaning,General Operatory,15:10,45
A7663,Patient 7663,D456,Checkup/Cleaning,General Operatory,09:25,39
A7664,Patient 7664,D395,Filling,General Operatory,12:00,23
A7665,Patient 7665,D349,Root Canal,Endodontic Operatory,11:05,68
A7666,Patient 7666,D739,Extraction,General Operatory,11:00,33
A7667,Patient 7667,D585,Filling,General Operatory,09:40,24
A7668,Patient 7668,D592,X-ray/Imaging,Imaging Room,09:40,12
A7669,Patient 7669,D195,Checkup/Cleaning,General Operatory,12:55,32
A7670,Patient 7670,D88,Extraction,General Operatory,09:25,20
A7671,Patient 7671,D299,Extraction,General Operatory,12:40,35
A7672,Patient 7672,D69,Filling,General Operatory,13:10,22
A7673,Patient 7673,D447,Checkup/Cleaning,General Operatory,10:15,56
A7674,Patient 7674,D750,X-ray/Imaging,Imaging Room,12:30,12
A7675,Patient 7675,D197,Checkup/Cleaning,General Operatory,11:40,36
A7676,Patient 7676,D369,Extraction,General Operatory,09:45,20
A7677,Patient 7677,D349,X-ray/Imaging,Imaging Room,14:35,14
A7678,Patient 7678,D337,Crown,General Operatory,11:20,52
A7679,Patient 7679,D566,Checkup/Cleaning,General Operatory,13:40,50
A7680,Patient 7680,D683,Filling,General Operatory,10:35,50
A7681,Patient 7681,D580,Checkup/Cleaning,General Operatory,10:05,40
A7682,Patient 7682,D607,Checkup/Cleaning,General Operatory,11:55,32
A7683,Patient 7683,D119,Extraction,General Operatory,10:55,23
A7684,Patient 7684,D164,Filling,General Operatory,10:15,58
A7685,Patient 7685,D116,Checkup/Cleaning,General Operatory,09:15,39
A7686,Patient 7686,D222,Root Canal,Endodontic Operatory,09:55,90
A7687,Patient 7687,D592,Filling,General Operatory,09:25,57
A7688,Patient 7688,D173,Filling,General Operatory,09:55,29
A7689,Patient 7689,D167,Root Canal,Endodontic Operatory,11:10,60
A7690,Patient 7690,D310,Crown,General Operatory,10:25,34
A7691,Patient 7691,D519,Extraction,General Operatory,12:55,29
A7692,Patient 7692,D516,Filling,General Operatory,12:35,53
A7693,Patient 7693,D373,Extraction,General Operatory,11:20,37
A7694,Patient 7694,D151,Filling,General Operatory,10:00,58
A7695,Patient 7695,D678,Filling,General Operatory,12:50,40
A7696,Patient 7696,D427,Checkup/Cleaning,General Operatory,14:25,38
A7697,Patient 7697,D591,Checkup/Cleaning,General Operatory,12:20,59
A7698,Patient 7698,D154,Extraction,General Operatory,10:30,37
A7699,Patient 7699,D98,Checkup/Cleaning,General Operatory,14:05,31
A7700,Patient 7700,D141,Checkup/Cleaning,General Operatory,12:45,41
A7701,Patient 7701,D175,Crown,General Operatory,10:00,37
A7702,Patient 7702,D557,Checkup/Cleaning,General Operatory,09:15,52
A7703,Patient 7703,D152,Crown,General Operatory,13:50,58
A7704,Patient 7704,D405,Checkup/Cleaning,General Operatory,11:20,42
A7705,Patient 7705,D645,Checkup/Cleaning,General Operatory,09:05,54
A7706,Patient 7706,D143,Checkup/Cleaning,General Operatory,14:10,59
A7707,Patient 7707,D163,Checkup/Cleaning,General Operatory,09:50,43
A7708,Patient 7708,D459,Filling,General Operatory,11:30,21
A7709,Patient 7709,D634,Crown,General Operatory,11:10,36
A7710,Patient 7710,D677,Extraction,General Operatory,12:55,37
A7711,Patient 7711,D724,Crown,General Operatory,14:05,43
A7712,Patient 7712,D482,Checkup/Cleaning,General Operatory,14:10,47
A7713,Patient 7713,D499,Crown,General Operatory,10:15,32
A7714,Patient 7714,D666,Checkup/Cleaning,General Operatory,12:10,55
A7715,Patient 7715,D21,Checkup/Cleaning,General Operatory,12:45,36
A7716,Patient 7716,D380,Crown,General Operatory,14:25,30
A7717,Patient 7717,D732,Crown,General Operatory,11:00,60
A7718,Patient 7718,D474,Root Canal,Endodontic Operatory,12:20,64
A7719,Patient 7719,D188,Filling,General Operatory,11:15,38
A7720,Patient 7720,D683,X-ray/Imaging,Imaging Room,10:55,14
A7721,Patient 7721,D608,Checkup/Cleaning,General Operatory,12:20,57
A7722,Patient 7722,D595,Filling,General Operatory,11:20,31
A7723,Patient 7723,D674,Checkup/Cleaning,General Operatory,09:40,47
A7724,Patient 7724,D591,Checkup/Cleaning,General Operatory,13:50,42
A7725,Patient 7725,D687,Extraction,General Operatory,13:10,34
A7726,Patient 7726,D529,Checkup/Cleaning,General Operatory,13:35,58
A7727,Patient 7727,D281,Checkup/Cleaning,General Operatory,09:30,58
A7728,Patient 7728,D468,Root Canal,Endodontic Operatory,11:15,67
A7729,Patient 7729,D629,Extraction,General Operatory,10:50,38
A7730,Patient 7730,D83,Extraction,General Operatory,13:55,38
A7731,Patient 7731,D691,Checkup/Cleaning,General Operatory,12:30,36
A7732,Patient 7732,D320,Extraction,General Operatory,11:20,21
A7733,Patient 7733,D481,X-ray/Imaging,Imaging Room,09:45,15
A7734,Patient 7734,D491,Filling,General Operatory,12:50,55
A7735,Patient 7735,D580,Checkup/Cleaning,General Operatory,13:15,48
A7736,Patient 7736,D410,Checkup/Cleaning,General Operatory,10:15,41
A7737,Patient 7737,D517,Filling,General Operatory,10:50,46
A7738,Patient 7738,D244,Filling,General Operatory,14:45,20
A7739,Patient 7739,D593,Filling,General Operatory,14:10,59
A7740,Patient 7740,D566,Checkup/Cleaning,General Operatory,12:25,41
A7741,Patient 7741,D167,Crown,General Operatory,12:30,48
A7742,Patient 7742,D104,Checkup/Cleaning,General Operatory,14:10,57
A7743,Patient 7743,D725,Checkup/Cleaning,General Operatory,13:45,40
A7744,Patient 7744,D360,Checkup/Cleaning,General Operatory,11:25,48
A7745,Patient 7745,D676,Extraction,General Operatory,13:55,23
A7746,Patient 7746,D27,Filling,General Operatory,10:05,51
A7747,Patient 7747,D110,Extraction,General Operatory,11:10,33
A7748,Patient 7748,D365,Extraction,General Operatory,14:45,20
A7749,Patient 7749,D32,Checkup/Cleaning,General Operatory,10:15,45
A7750,Patient 7750,D146,Checkup/Cleaning,General Operatory,09:35,38
A7751,Patient 7751,D719,Filling,General Operatory,15:30,52
A7752,Patient 7752,D41,X-ray/Imaging,Imaging Room,15:40,11
A7753,Patient 7753,D222,Extraction,General Operatory,09:20,37
A7754,Patient 7754,D529,Checkup/Cleaning,General Operatory,15:50,32
A7755,Patient 7755,D638,Extraction,General Operatory,11:25,38
A7756,Patient 7756,D362,Crown,General Operatory,13:10,39
A7757,Patient 7757,D699,Crown,General Operatory,10:55,40
A7758,Patient 7758,D73,Crown,General Operatory,13:00,44
A7759,Patient 7759,D596,Filling,General Operatory,14:15,51
A7760,Patient 7760,D73,Checkup/Cleaning,General Operatory,14:15,49
A7761,Patient 7761,D245,X-ray/Imaging,Imaging Room,10:25,10
A7762,Patient 7762,D516,Filling,General Operatory,11:15,35
A7763,Patient 7763,D750,Root Canal,Endodontic Operatory,13:35,85
A7764,Patient 7764,D690,Root Canal,Endodontic Operatory,10:15,60
A7765,Patient 7765,D98,Filling,General Operatory,11:15,21
A7766,Patient 7766,D305,Filling,General Operatory,12:45,43
A7767,Patient 7767,D694,Checkup/Cleaning,General Operatory,09:15,31
A7768,Patient 7768,D513,Checkup/Cleaning,General Operatory,10:50,32
A7769,Patient 7769,D25,Filling,General Operatory,09:15,48
A7770,Patient 7770,D531,Checkup/Cleaning,General Operatory,09:35,43
A7771,Patient 7771,D650,Filling,General Operatory,11:50,54
A7772,Patient 7772,D197,Checkup/Cleaning,General Operatory,11:50,32
A7773,Patient 7773,D622,Filling,General Operatory,10:55,20
A7774,Patient 7774,D22,Checkup/Cleaning,General Operatory,10:15,50
A7775,Patient 7775,D262,Checkup/Cleaning,General Operatory,11:35,36
A7776,Patient 7776,D133,Checkup/Cleaning,General Operatory,09:50,43
A7777,Patient 7777,D47,Root Canal,Endodontic Operatory,15:15,69
A7778,Patient 7778,D2,Checkup/Cleaning,General Operatory,11:15,50
A7779,Patient 7779,D205,Checkup/Cleaning,General Operatory,11:35,40
A7780,Patient 7780,D467,Filling,General Operatory,10:15,28
A7781,Patient 7781,D151,Extraction,General Operatory,13:05,24
A7782,Patient 7782,D612,X-ray/Imaging,Imaging Room,15:00,13
A7783,Patient 7783,D134,Extraction,General Operatory,12:20,35
A7784,Patient 7784,D728,Filling,General Operatory,11:30,58
A7785,Patient 7785,D597,Filling,General Operatory,15:25,55
A7786,Patient 7786,D503,Filling,General Operatory,11:15,48
A7787,Patient 7787,D223,Filling,General Operatory,10:30,49
A7788,Patient 7788,D132,Root Canal,Endodontic Operatory,10:15,79
A7789,Patient 7789,D546,X-ray/Imaging,Imaging Room,13:25,11
A7790,Patient 7790,D659,Extraction,General Operatory,10:05,25
A7791,Patient 7791,D519,Filling,General Operatory,12:45,22
A7792,Patient 7792,D120,Filling,General Operatory,12:45,40
A7793,Patient 7793,D420,Crown,General Operatory,15:05,55
A7794,Patient 7794,D661,Extraction,General Operatory,11:30,34
A7795,Patient 7795,D288,Checkup/Cleaning,General Operatory,13:40,47
A7796,Patient 7796,D511,X-ray/Imaging,Imaging Room,13:20,14
A7797,Patient 7797,D320,Extraction,General Operatory,10:30,21
A7798,Patient 7798,D649,Root Canal,Endodontic Operatory,11:25,71
A7799,Patient 7799,D523,Checkup/Cleaning,General Operatory,13:50,36
A7800,Patient 7800,D553,Extraction,General Operatory,11:00,27
A7801,Patient 7801,D738,Checkup/Cleaning,General Operatory,12:30,41
A7802,Patient 7802,D616,Checkup/Cleaning,General Operatory,10:40,37
A7803,Patient 7803,D459,Checkup/Cleaning,General Operatory,11:25,48
A7804,Patient 7804,D32,Crown,General Operatory,13:05,37
A7805,Patient 7805,D431,Crown,General Operatory,10:50,30
A7806,Patient 7806,D480,X-ray/Imaging,Imaging Room,15:55,10
A7807,Patient 7807,D202,Filling,General Operatory,09:50,37
A7808,Patient 7808,D704,Crown,General Operatory,13:05,41
A7809,Patient 7809,D737,Checkup/Cleaning,General Operatory,13:05,37
A7810,Patient 7810,D274,Checkup/Cleaning,General Operatory,15:00,54
A7811,Patient 7811,D461,Root Canal,Endodontic Operatory,12:50,89
A7812,Patient 7812,D694,Filling,General Operatory,10:55,49
A7813,Patient 7813,D539,Filling,General Operatory,10:50,57
A7814,Patient 7814,D109,Root Canal,Endodontic Operatory,12:30,61
A7815,Patient 7815,D467,Root Canal,Endodontic Operatory,12:20,81
A7816,Patient 7816,D284,Checkup/Cleaning,General Operatory,12:55,54
A7817,Patient 7817,D507,Root Canal,Endodontic Operatory,10:55,62
A7818,Patient 7818,D303,Filling,General Operatory,10:20,48
A7819,Patient 7819,D551,Extraction,General Operatory,09:50,28
A7820,Patient 7820,D711,X-ray/Imaging,Imaging Room,11:50,14
A7821,Patient 7821,D496,Checkup/Cleaning,General Operatory,10:05,43
A7822,Patient 7822,D153,X-ray/Imaging,Imaging Room,15:50,11
A7823,Patient 7823,D308,Root Canal,Endodontic Operatory,11:00,90
A7824,Patient 7824,D713,Checkup/Cleaning,General Operatory,12:40,47
A7825,Patient 7825,D85,Checkup/Cleaning,General Operatory,09:45,30
A7826,Patient 7826,D475,Filling,General Operatory,10:05,20
A7827,Patient 7827,D161,Checkup/Cleaning,General Operatory,09:25,54
A7828,Patient 7828,D676,Checkup/Cleaning,General Operatory,15:00,55
A7829,Patient 7829,D475,Checkup/Cleaning,General Operatory,14:35,39
A7830,Patient 7830,D676,Filling,General Operatory,14:15,53
A7831,Patient 7831,D495,Extraction,General Operatory,10:40,28
A7832,Patient 7832,D219,Extraction,General Operatory,12:35,21
A7833,Patient 7833,D526,X-ray/Imaging,Imaging Room,13:00,13
A7834,Patient 7834,D610,Crown,General Operatory,13:15,46
A7835,Patient 7835,D147,Checkup/Cleaning,General Operatory,12:45,56
A7836,Patient 7836,D291,Filling,General Operatory,14:45,38
A7837,Patient 7837,D125,Checkup/Cleaning,General Operatory,13:45,59
A7838,Patient 7838,D61,Checkup/Cleaning,General Operatory,15:25,43
A7839,Patient 7839,D251,Checkup/Cleaning,General Operatory,14:30,32
A7840,Patient 7840,D366,Extraction,General Operatory,09:45,31
A7841,Patient 7841,D128,Checkup/Cleaning,General Operatory,10:35,41
A7842,Patient 7842,D487,Checkup/Cleaning,General Operatory,11:30,37
A7843,Patient 7843,D472,Checkup/Cleaning,General Operatory,15:10,53
A7844,Patient 7844,D363,Crown,General Operatory,10:50,55
A7845,Patient 7845,D304,Checkup/Cleaning,General Operatory,14:20,56
A7846,Patient 7846,D216,Filling,General Operatory,10:55,40
A7847,Patient 7847,D211,Checkup/Cleaning,General Operatory,11:25,56
A7848,Patient 7848,D112,Extraction,General Operatory,13:50,23
A7849,Patient 7849,D656,Checkup/Cleaning,General Operatory,10:15,42
A7850,Patient 7850,D105,Checkup/Cleaning,General Operatory,11:05,42
A7851,Patient 7851,D209,Checkup/Cleaning,General Operatory,10:00,31
A7852,Patient 7852,D181,Checkup/Cleaning,General Operatory,10:00,51
A7853,Patient 7853,D168,Extraction,General Operatory,14:45,33
A7854,Patient 7854,D670,X-ray/Imaging,Imaging Room,14:20,11
A7855,Patient 7855,D205,Filling,General Operatory,11:45,28
A7856,Patient 7856,D123,Checkup/Cleaning,General Operatory,11:05,43
A7857,Patient 7857,D685,Root Canal,Endodontic Operatory,14:00,78
A7858,Patient 7858,D319,Checkup/Cleaning,General Operatory,12:20,34
A7859,Patient 7859,D547,Checkup/Cleaning,General Operatory,12:30,56
A7860,Patient 7860,D215,Filling,General Operatory,12:50,40
A7861,Patient 7861,D412,Filling,General Operatory,09:45,59
A7862,Patient 7862,D547,Checkup/Cleaning,General Operatory,14:10,57
A7863,Patient 7863,D673,Checkup/Cleaning,General Operatory,10:00,31
A7864,Patient 7864,D137,Checkup/Cleaning,General Operatory,12:50,47
A7865,Patient 7865,D236,Root Canal,Endodontic Operatory,09:55,76
A7866,Patient 7866,D686,Extraction,General Operatory,12:25,40
A7867,Patient 7867,D521,Filling,General Operatory,09:40,41
A7868,Patient 7868,D324,Checkup/Cleaning,General Operatory,14:10,45
A7869,Patient 7869,D91,Filling,General Operatory,11:25,60
A7870,Patient 7870,D217,Filling,General Operatory,09:30,38
A7871,Patient 7871,D186,Checkup/Cleaning,General Operatory,11:40,52
A7872,Patient 7872,D501,Filling,General Operatory,14:30,38
A7873,Patient 7873,D580,Filling,General Operatory,09:45,57
A7874,Patient 7874,D314,Filling,General Operatory,11:15,23
A7875,Patient 7875,D9,Filling,General Operatory,11:30,54
A7876,Patient 7876,D139,Filling,General Operatory,11:15,54
A7877,Patient 7877,D688,Filling,General Operatory,11:20,43
A7878,Patient 7878,D509,Filling,General Operatory,15:50,34
A7879,Patient 7879,D361,Crown,General Operatory,10:10,57
A7880,Patient 7880,D22,Filling,General Operatory,09:10,28
A7881,Patient 7881,D261,Checkup/Cleaning,General Operatory,11:35,35
A7882,Patient 7882,D260,Root Canal,Endodontic Operatory,12:35,71
A7883,Patient 7883,D618,Filling,General Operatory,15:50,25
A7884,Patient 7884,D62,Filling,General Operatory,11:10,59
A7885,Patient 7885,D145,Root Canal,Endodontic Operatory,11:25,83
A7886,Patient 7886,D32,Filling,General Operatory,11:25,29
A7887,Patient 7887,D370,Extraction,General Operatory,11:10,23
A7888,Patient 7888,D304,Checkup/Cleaning,General Operatory,11:15,51
A7889,Patient 7889,D223,Checkup/Cleaning,General Operatory,10:50,31
A7890,Patient 7890,D697,X-ray/Imaging,Imaging Room,11:40,14
A7891,Patient 7891,D691,Extraction,General Operatory,14:00,36
A7892,Patient 7892,D274,Crown,General Operatory,14:15,44
A7893,Patient 7893,D367,Checkup/Cleaning,General Operatory,10:10,59
A7894,Patient 7894,D93,Root Canal,Endodontic Operatory,12:40,75
A7895,Patient 7895,D584,Filling,General Operatory,12:35,36
A7896,Patient 7896,D620,Extraction,General Operatory,13:25,31
A7897,Patient 7897,D363,Root Canal,Endodontic Operatory,10:15,83
A7898,Patient 7898,D178,Filling,General Operatory,12:50,32
A7899,Patient 7899,D505,Extraction,General Operatory,12:55,29
A7900,Patient 7900,D450,Extraction,General Operatory,09:55,36
A7901,Patient 7901,D149,Crown,General Operatory,10:55,38
A7902,Patient 7902,D219,Filling,General Operatory,12:25,33
A7903,Patient 7903,D488,Filling,General Operatory,11:25,49
A7904,Patient 7904,D728,Checkup/Cleaning,General Operatory,09:50,51
A7905,Patient 7905,D285,Extraction,General Operatory,11:40,32
A7906,Patient 7906,D102,Checkup/Cleaning,General Operatory,10:00,47
A7907,Patient 7907,D517,Checkup/Cleaning,General Operatory,11:10,33
A7908,Patient 7908,D7,Crown,General Operatory,14:10,52
A7909,Patient 7909,D545,Extraction,General Operatory,09:40,25
A7910,Patient 7910,D666,Checkup/Cleaning,General Operatory,12:45,50
A7911,Patient 7911,D366,Checkup/Cleaning,General Operatory,10:25,60
A7912,Patient 7912,D453,Root Canal,Endodontic Operatory,10:05,88
A7913,Patient 7913,D494,Root Canal,Endodontic Operatory,11:20,65
A7914,Patient 7914,D216,Checkup/Cleaning,General Operatory,11:00,38
A7915,Patient 7915,D655,X-ray/Imaging,Imaging Room,09:20,13
A7916,Patient 7916,D733,Filling,General Operatory,13:10,33
A7917,Patient 7917,D593,Checkup/Cleaning,General Operatory,11:15,56
A7918,Patient 7918,D43,Checkup/Cleaning,General Operatory,10:15,42
A7919,Patient 7919,D452,Root Canal,Endodontic Operatory,12:20,62
A7920,Patient 7920,D644,Extraction,General Operatory,10:25,36
A7921,Patient 7921,D683,Root Canal,Endodontic Operatory,10:55,85
A7922,Patient 7922,D222,Crown,General Operatory,10:15,32
A7923,Patient 7923,D488,Checkup/Cleaning,General Operatory,11:30,30
A7924,Patient 7924,D5,Filling,General Operatory,10:45,55
A7925,Patient 7925,D570,Filling,General Operatory,14:30,21
A7926,Patient 7926,D371,Checkup/Cleaning,General Operatory,09:20,49
A7927,Patient 7927,D479,Filling,General Operatory,09:55,34
A7928,Patient 7928,D627,Filling,General Operatory,11:20,32
A7929,Patient 7929,D319,Filling,General Operatory,15:30,23
A7930,Patient 7930,D701,Extraction,General Operatory,13:25,31
A7931,Patient 7931,D714,Checkup/Cleaning,General Operatory,12:50,34
A7932,Patient 7932,D734,Checkup/Cleaning,General Operatory,11:15,49
A7933,Patient 7933,D155,Checkup/Cleaning,General Operatory,14:20,47
A7934,Patient 7934,D490,Checkup/Cleaning,General Operatory,14:20,35
A7935,Patient 7935,D535,Filling,General Operatory,10:00,37
A7936,Patient 7936,D252,Filling,General Operatory,13:10,40
A7937,Patient 7937,D39,Checkup/Cleaning,General Operatory,11:05,36
A7938,Patient 7938,D636,Crown,General Operatory,13:05,58
A7939,Patient 7939,D739,Filling,General Operatory,11:15,42
A7940,Patient 7940,D370,Filling,General Operatory,09:20,59
A7941,Patient 7941,D172,Checkup/Cleaning,General Operatory,14:05,56
A7942,Patient 7942,D552,Checkup/Cleaning,General Operatory,11:05,43
A7943,Patient 7943,D620,Checkup/Cleaning,General Operatory,11:35,32
A7944,Patient 7944,D13,Checkup/Cleaning,General Operatory,10:40,55
A7945,Patient 7945,D125,Crown,General Operatory,10:45,59
A7946,Patient 7946,D455,Filling,General Operatory,12:40,54
A7947,Patient 7947,D666,Checkup/Cleaning,General Operatory,15:30,52
A7948,Patient 7948,D333,Checkup/Cleaning,General Operatory,11:10,47
A7949,Patient 7949,D602,Checkup/Cleaning,General Operatory,11:00,54
A7950,Patient 7950,D344,Checkup/Cleaning,General Operatory,14:30,49
A7951,Patient 7951,D181,Crown,General Operatory,10:30,42
A7952,Patient 7952,D299,Extraction,General Operatory,12:30,24
A7953,Patient 7953,D514,Filling,General Operatory,10:20,41
A7954,Patient 7954,D128,Checkup/Cleaning,General Operatory,09:10,52
A7955,Patient 7955,D316,Root Canal,Endodontic Operatory,11:15,89
A7956,Patient 7956,D277,Root Canal,Endodontic Operatory,10:55,70
A7957,Patient 7957,D411,Checkup/Cleaning,General Operatory,10:05,45
A7958,Patient 7958,D679,Checkup/Cleaning,General Operatory,10:40,39
A7959,Patient 7959,D588,Crown,General Operatory,10:15,33
A7960,Patient 7960,D460,Checkup/Cleaning,General Operatory,10:30,31
A7961,Patient 7961,D696,Filling,General Operatory,13:10,46
A7962,Patient 7962,D714,Crown,General Operatory,12:40,60
A7963,Patient 7963,D323,Filling,General Operatory,10:50,59
A7964,Patient 7964,D56,Filling,General Operatory,09:55,47
A7965,Patient 7965,D440,Checkup/Cleaning,General Operatory,13:15,32
A7966,Patient 7966,D640,Checkup/Cleaning,General Operatory,12:45,48
A7967,Patient 7967,D626,Crown,General Operatory,11:45,36
A7968,Patient 7968,D54,Checkup/Cleaning,General Operatory,10:25,35
A7969,Patient 7969,D218,Crown,General Operatory,10:10,33
A7970,Patient 7970,D365,Extraction,General Operatory,12:50,39
A7971,Patient 7971,D265,X-ray/Imaging,Imaging Room,10:45,13
A7972,Patient 7972,D277,Filling,General Operatory,11:15,38
A7973,Patient 7973,D644,Filling,General Operatory,09:50,44
A7974,Patient 7974,D522,Root Canal,Endodontic Operatory,10:15,71
A7975,Patient 7975,D183,X-ray/Imaging,Imaging Room,10:50,15
A7976,Patient 7976,D52,Root Canal,Endodontic Operatory,14:50,84
A7977,Patient 7977,D685,X-ray/Imaging,Imaging Room,11:20,15
A7978,Patient 7978,D214,X-ray/Imaging,Imaging Room,09:25,13
A7979,Patient 7979,D373,Filling,General Operatory,10:50,50
A7980,Patient 7980,D159,Crown,General Operatory,10:20,30
A7981,Patient 7981,D350,Filling,General Operatory,14:35,52
A7982,Patient 7982,D358,Root Canal,Endodontic Operatory,11:20,63
A7983,Patient 7983,D146,Extraction,General Operatory,10:20,25
A7984,Patient 7984,D390,Checkup/Cleaning,General Operatory,13:35,48
A7985,Patient 7985,D342,Crown,General Operatory,13:45,55
A7986,Patient 7986,D418,Extraction,General Operatory,13:05,21
A7987,Patient 7987,D32,Checkup/Cleaning,General Operatory,11:10,59
A7988,Patient 7988,D252,Root Canal,Endodontic Operatory,11:15,72
A7989,Patient 7989,D129,Filling,General Operatory,10:25,40
A7990,Patient 7990,D274,Extraction,General Operatory,15:40,39
A7991,Patient 7991,D738,Root Canal,Endodontic Operatory,11:10,86
A7992,Patient 7992,D45,Filling,General Operatory,11:35,21
A7993,Patient 7993,D387,Checkup/Cleaning,General Operatory,15:25,38
A7994,Patient 7994,D254,Crown,General Operatory,10:05,31
A7995,Patient 7995,D606,Checkup/Cleaning,General Operatory,13:05,57
A7996,Patient 7996,D317,Crown,General Operatory,10:10,39
A7997,Patient 7997,D574,Filling,General Operatory,15:20,60
A7998,Patient 7998,D245,Filling,General Operatory,11:20,49
A7999,Patient 7999,D82,Crown,General Operatory,12:40,58
A8000,Patient 8000,D309,Root Canal,Endodontic Operatory,11:15,83
A8001,Patient 8001,D384,Root Canal,Endodontic Operatory,09:45,73
A8002,Patient 8002,D537,Checkup/Cleaning,General Operatory,14:05,54
A8003,Patient 8003,D315,Checkup/Cleaning,General Operatory,11:45,35
A8004,Patient 8004,D371,Crown,General Operatory,09:25,50
A8005,Patient 8005,D112,Extraction,General Operatory,14:15,39
A8006,Patient 8006,D482,Checkup/Cleaning,General Operatory,14:00,36
A8007,Patient 8007,D703,Filling,General Operatory,13:00,25
A8008,Patient 8008,D140,Checkup/Cleaning,General Operatory,11:10,37
A8009,Patient 8009,D537,Crown,General Operatory,10:50,56
A8010,Patient 8010,D322,Filling,General Operatory,11:15,21
A8011,Patient 8011,D716,Root Canal,Endodontic Operatory,11:00,66
A8012,Patient 8012,D678,Extraction,General Operatory,13:05,29
A8013,Patient 8013,D524,Checkup/Cleaning,General Operatory,10:10,54
A8014,Patient 8014,D465,Crown,General Operatory,09:30,45
A8015,Patient 8015,D683,Checkup/Cleaning,General Operatory,10:10,53
A8016,Patient 8016,D400,Checkup/Cleaning,General Operatory,12:50,40
A8017,Patient 8017,D604,Root Canal,Endodontic Operatory,10:45,78
A8018,Patient 8018,D412,Extraction,General Operatory,10:20,29
A8019,Patient 8019,D669,Filling,General Operatory,11:30,48
A8020,Patient 8020,D382,Root Canal,Endodontic Operatory,11:20,83
A8021,Patient 8021,D411,Crown,General Operatory,09:50,45
A8022,Patient 8022,D576,Filling,General Operatory,14:15,20
A8023,Patient 8023,D657,Checkup/Cleaning,General Operatory,11:35,43
A8024,Patient 8024,D329,Crown,General Operatory,10:15,32
A8025,Patient 8025,D64,Checkup/Cleaning,General Operatory,14:10,49
A8026,Patient 8026,D507,Filling,General Operatory,14:05,57
A8027,Patient 8027,D500,X-ray/Imaging,Imaging Room,10:20,13
A8028,Patient 8028,D283,Checkup/Cleaning,General Operatory,09:55,30
A8029,Patient 8029,D704,Extraction,General Operatory,12:50,31
A8030,Patient 8030,D425,Crown,General Operatory,13:20,35
A8031,Patient 8031,D479,Root Canal,Endodontic Operatory,13:00,67
A8032,Patient 8032,D443,Root Canal,Endodontic Operatory,10:45,68
A8033,Patient 8033,D390,Root Canal,Endodontic Operatory,12:30,64
A8034,Patient 8034,D443,Checkup/Cleaning,General Operatory,10:55,31
A8035,Patient 8035,D90,Checkup/Cleaning,General Operatory,09:50,31
A8036,Patient 8036,D558,Extraction,General Operatory,11:25,38
A8037,Patient 8037,D248,Root Canal,Endodontic Operatory,09:10,88
A8038,Patient 8038,D115,Root Canal,Endodontic Operatory,09:40,76
A8039,Patient 8039,D411,Filling,General Operatory,10:45,52
A8040,Patient 8040,D352,Filling,General Operatory,11:20,40
A8041,Patient 8041,D714,Checkup/Cleaning,General Operatory,14:10,34
A8042,Patient 8042,D107,Checkup/Cleaning,General Operatory,10:10,38
A8043,Patient 8043,D624,Filling,General Operatory,11:45,36
A8044,Patient 8044,D725,X-ray/Imaging,Imaging Room,12:30,11
A8045,Patient 8045,D464,X-ray/Imaging,Imaging Room,11:20,14
A8046,Patient 8046,D468,Extraction,General Operatory,14:05,22
A8047,Patient 8047,D337,Checkup/Cleaning,General Operatory,10:30,42
A8048,Patient 8048,D443,X-ray/Imaging,Imaging Room,14:10,11
A8049,Patient 8049,D556,Extraction,General Operatory,10:25,38
A8050,Patient 8050,D448,Extraction,General Operatory,10:30,22
A8051,Patient 8051,D145,Checkup/Cleaning,General Operatory,11:10,51
A8052,Patient 8052,D710,Checkup/Cleaning,General Operatory,14:15,49
A8053,Patient 8053,D114,Root Canal,Endodontic Operatory,12:40,89
A8054,Patient 8054,D133,Checkup/Cleaning,General Operatory,10:45,43
A8055,Patient 8055,D650,Filling,General Operatory,13:00,30
A8056,Patient 8056,D403,Root Canal,Endodontic Operatory,13:35,81
A8057,Patient 8057,D141,Filling,General Operatory,15:15,43
A8058,Patient 8058,D497,X-ray/Imaging,Imaging Room,10:15,13
A8059,Patient 8059,D493,Filling,General Operatory,10:50,58
A8060,Patient 8060,D5,Checkup/Cleaning,General Operatory,15:25,59
A8061,Patient 8061,D79,Extraction,General Operatory,11:20,21
A8062,Patient 8062,D321,Crown,General Operatory,13:40,53
A8063,Patient 8063,D10,Checkup/Cleaning,General Operatory,13:00,60
A8064,Patient 8064,D163,Checkup/Cleaning,General Operatory,09:35,34
A8065,Patient 8065,D653,Checkup/Cleaning,General Operatory,14:05,31
A8066,Patient 8066,D361,Extraction,General Operatory,09:30,32
A8067,Patient 8067,D741,Checkup/Cleaning,General Operatory,09:15,52
A8068,Patient 8068,D37,Checkup/Cleaning,General Operatory,11:40,40
A8069,Patient 8069,D223,Extraction,General Operatory,10:50,27
A8070,Patient 8070,D695,Filling,General Operatory,10:00,53
A8071,Patient 8071,D194,Extraction,General Operatory,11:05,32
A8072,Patient 8072,D247,Extraction,General Operatory,09:55,22
A8073,Patient 8073,D241,Checkup/Cleaning,General Operatory,10:10,45
A8074,Patient 8074,D610,Root Canal,Endodontic Operatory,11:00,86
A8075,Patient 8075,D689,Checkup/Cleaning,General Operatory,10:55,35
A8076,Patient 8076,D290,Filling,General Operatory,14:40,32
A8077,Patient 8077,D51,Filling,General Operatory,09:45,43
A8078,Patient 8078,D218,Extraction,General Operatory,09:45,27
A8079,Patient 8079,D56,Crown,General Operatory,11:00,50
A8080,Patient 8080,D477,Checkup/Cleaning,General Operatory,11:15,38
A8081,Patient 8081,D310,Crown,General Operatory,09:45,36
A8082,Patient 8082,D635,Checkup/Cleaning,General Operatory,09:45,45
A8083,Patient 8083,D179,Checkup/Cleaning,General Operatory,10:45,40
A8084,Patient 8084,D133,Root Canal,Endodontic Operatory,10:15,75
A8085,Patient 8085,D659,Checkup/Cleaning,General Operatory,11:35,43
A8086,Patient 8086,D264,Filling,General Operatory,10:05,24
A8087,Patient 8087,D455,Filling,General Operatory,12:35,34
A8088,Patient 8088,D318,Filling,General Operatory,11:45,26
A8089,Patient 8089,D100,Checkup/Cleaning,General Operatory,12:40,42
A8090,Patient 8090,D109,Checkup/Cleaning,General Operatory,10:20,51
A8091,Patient 8091,D223,Root Canal,Endodontic Operatory,10:15,78
A8092,Patient 8092,D622,Checkup/Cleaning,General Operatory,13:40,44
A8093,Patient 8093,D143,X-ray/Imaging,Imaging Room,09:55,12
A8094,Patient 8094,D213,Crown,General Operatory,15:10,56
A8095,Patient 8095,D652,Checkup/Cleaning,General Operatory,10:05,31
A8096,Patient 8096,D484,Extraction,General Operatory,10:50,37
A8097,Patient 8097,D517,Checkup/Cleaning,General Operatory,15:40,39
A8098,Patient 8098,D485,Checkup/Cleaning,General Operatory,14:35,52
A8099,Patient 8099,D72,Root Canal,Endodontic Operatory,15:20,79
A8100,Patient 8100,D45,Checkup/Cleaning,General Operatory,10:20,59
A8101,Patient 8101,D113,Checkup/Cleaning,General Operatory,11:50,44
A8102,Patient 8102,D249,Filling,General Operatory,11:40,43
A8103,Patient 8103,D684,Crown,General Operatory,11:20,60
A8104,Patient 8104,D87,Root Canal,Endodontic Operatory,09:55,62
A8105,Patient 8105,D182,Checkup/Cleaning,General Operatory,13:55,59
A8106,Patient 8106,D670,Extraction,General Operatory,13:50,30
A8107,Patient 8107,D47,Checkup/Cleaning,General Operatory,15:25,38
A8108,Patient 8108,D195,Filling,General Operatory,12:35,33
A8109,Patient 8109,D298,Checkup/Cleaning,General Operatory,11:20,56
A8110,Patient 8110,D429,Filling,General Operatory,09:55,36
A8111,Patient 8111,D707,Root Canal,Endodontic Operatory,13:15,89
A8112,Patient 8112,D647,Checkup/Cleaning,General Operatory,09:55,50
A8113,Patient 8113,D453,Filling,General Operatory,09:30,52
A8114,Patient 8114,D161,Filling,General Operatory,12:00,23
A8115,Patient 8115,D520,Crown,General Operatory,12:40,59
A8116,Patient 8116,D328,Extraction,General Operatory,09:50,23
A8117,Patient 8117,D224,Checkup/Cleaning,General Operatory,11:20,54
A8118,Patient 8118,D41,Checkup/Cleaning,General Operatory,10:45,48
A8119,Patient 8119,D682,Filling,General Operatory,11:05,60
A8120,Patient 8120,D527,Extraction,General Operatory,13:15,33
A8121,Patient 8121,D457,Crown,General Operatory,11:35,39
A8122,Patient 8122,D565,Filling,General Operatory,09:45,50
A8123,Patient 8123,D674,Checkup/Cleaning,General Operatory,10:30,44
A8124,Patient 8124,D248,Checkup/Cleaning,General Operatory,10:25,55
A8125,Patient 8125,D222,Checkup/Cleaning,General Operatory,10:10,52
A8126,Patient 8126,D363,Extraction,General Operatory,11:50,33
A8127,Patient 8127,D292,Crown,General Operatory,10:05,54
A8128,Patient 8128,D304,Extraction,General Operatory,11:25,26
A8129,Patient 8129,D477,Checkup/Cleaning,General Operatory,11:20,36
A8130,Patient 8130,D528,Filling,General Operatory,11:45,51
A8131,Patient 8131,D691,Filling,General Operatory,12:45,56
A8132,Patient 8132,D419,Checkup/Cleaning,General Operatory,09:45,43
A8133,Patient 8133,D656,Crown,General Operatory,09:55,59
A8134,Patient 8134,D459,Extraction,General Operatory,10:25,24
A8135,Patient 8135,D405,Extraction,General Operatory,11:55,36
A8136,Patient 8136,D144,Checkup/Cleaning,General Operatory,09:55,48
A8137,Patient 8137,D131,Checkup/Cleaning,General Operatory,12:30,53
A8138,Patient 8138,D362,Filling,General Operatory,12:55,57
A8139,Patient 8139,D738,Checkup/Cleaning,General Operatory,11:00,50
A8140,Patient 8140,D497,Filling,General Operatory,11:25,22
A8141,Patient 8141,D292,Checkup/Cleaning,General Operatory,11:25,43
A8142,Patient 8142,D59,Checkup/Cleaning,General Operatory,11:10,57
A8143,Patient 8143,D559,Checkup/Cleaning,General Operatory,11:15,55
A8144,Patient 8144,D184,Filling,General Operatory,09:10,29
A8145,Patient 8145,D635,Root Canal,Endodontic Operatory,10:20,71
A8146,Patient 8146,D319,Crown,General Operatory,11:20,51
A8147,Patient 8147,D157,Checkup/Cleaning,General Operatory,12:10,50
A8148,Patient 8148,D90,Extraction,General Operatory,13:15,29
A8149,Patient 8149,D137,Filling,General Operatory,12:45,21
A8150,Patient 8150,D694,Extraction,General Operatory,11:30,38
A8151,Patient 8151,D203,Extraction,General Operatory,10:25,37
A8152,Patient 8152,D218,Extraction,General Operatory,11:50,29
A8153,Patient 8153,D413,Filling,General Operatory,09:45,59
A8154,Patient 8154,D449,Filling,General Operatory,12:40,39
A8155,Patient 8155,D442,X-ray/Imaging,Imaging Room,14:15,13
A8156,Patient 8156,D705,Filling,General Operatory,13:40,47
A8157,Patient 8157,D697,X-ray/Imaging,Imaging Room,11:35,15
A8158,Patient 8158,D531,Filling,General Operatory,10:55,30
A8159,Patient 8159,D747,Checkup/Cleaning,General Operatory,10:25,40
A8160,Patient 8160,D186,Checkup/Cleaning,General Operatory,11:20,50
A8161,Patient 8161,D585,Filling,General Operatory,10:15,31
A8162,Patient 8162,D580,Root Canal,Endodontic Operatory,09:50,64
A8163,Patient 8163,D336,Filling,General Operatory,11:30,30
A8164,Patient 8164,D648,Crown,General Operatory,15:25,52
A8165,Patient 8165,D554,Root Canal,Endodontic Operatory,10:20,79
A8166,Patient 8166,D485,X-ray/Imaging,Imaging Room,13:10,15
A8167,Patient 8167,D479,Checkup/Cleaning,General Operatory,12:50,54
A8168,Patient 8168,D260,Extraction,General Operatory,11:40,33
A8169,Patient 8169,D108,Checkup/Cleaning,General Operatory,11:55,33
A8170,Patient 8170,D747,Extraction,General Operatory,10:40,22
A8171,Patient 8171,D388,Crown,General Operatory,10:15,42
A8172,Patient 8172,D563,Filling,General Operatory,10:55,53
A8173,Patient 8173,D483,Crown,General Operatory,09:25,49
A8174,Patient 8174,D257,Extraction,General Operatory,11:00,28
A8175,Patient 8175,D697,Crown,General Operatory,13:15,54
A8176,Patient 8176,D369,Checkup/Cleaning,General Operatory,10:20,60
A8177,Patient 8177,D725,Checkup/Cleaning,General Operatory,10:55,55
A8178,Patient 8178,D684,Checkup/Cleaning,General Operatory,14:50,31
A8179,Patient 8179,D554,Checkup/Cleaning,General Operatory,09:15,50
A8180,Patient 8180,D558,Checkup/Cleaning,General Operatory,09:35,30
A8181,Patient 8181,D594,Extraction,General Operatory,12:45,28
A8182,Patient 8182,D600,Checkup/Cleaning,General Operatory,10:45,34
A8183,Patient 8183,D506,X-ray/Imaging,Imaging Room,14:45,14
A8184,Patient 8184,D647,X-ray/Imaging,Imaging Room,14:30,14
A8185,Patient 8185,D94,Root Canal,Endodontic Operatory,09:10,88
A8186,Patient 8186,D29,Checkup/Cleaning,General Operatory,09:40,36
A8187,Patient 8187,D376,Checkup/Cleaning,General Operatory,10:45,30
A8188,Patient 8188,D247,Filling,General Operatory,09:20,43
A8189,Patient 8189,D75,Crown,General Operatory,14:35,37
A8190,Patient 8190,D653,Root Canal,Endodontic Operatory,13:30,66
A8191,Patient 8191,D299,Root Canal,Endodontic Operatory,13:30,78
A8192,Patient 8192,D82,Checkup/Cleaning,General Operatory,11:00,31
A8193,Patient 8193,D126,Filling,General Operatory,11:20,47
A8194,Patient 8194,D36,Root Canal,Endodontic Operatory,12:50,65
A8195,Patient 8195,D619,Checkup/Cleaning,General Operatory,09:50,57
A8196,Patient 8196,D680,Root Canal,Endodontic Operatory,13:40,75
A8197,Patient 8197,D409,Crown,General Operatory,13:35,52
A8198,Patient 8198,D8,Extraction,General Operatory,13:30,23
A8199,Patient 8199,D655,X-ray/Imaging,Imaging Room,09:40,15
A8200,Patient 8200,D386,Crown,General Operatory,10:55,56
A8201,Patient 8201,D302,Root Canal,Endodontic Operatory,10:55,76
A8202,Patient 8202,D224,Root Canal,Endodontic Operatory,14:15,76
A8203,Patient 8203,D117,Filling,General Operatory,12:35,24
A8204,Patient 8204,D737,Filling,General Operatory,12:45,47
A8205,Patient 8205,D117,Filling,General Operatory,11:20,60
A8206,Patient 8206,D464,Checkup/Cleaning,General Operatory,11:20,45
A8207,Patient 8207,D191,Crown,General Operatory,09:45,57
A8208,Patient 8208,D48,Extraction,General Operatory,10:20,36
A8209,Patient 8209,D745,Checkup/Cleaning,General Operatory,14:10,50
A8210,Patient 8210,D657,Checkup/Cleaning,General Operatory,09:55,56
A8211,Patient 8211,D116,Filling,General Operatory,09:35,20
A8212,Patient 8212,D615,Crown,General Operatory,09:25,36
A8213,Patient 8213,D715,Checkup/Cleaning,General Operatory,09:30,37
A8214,Patient 8214,D192,Extraction,General Operatory,10:10,32
A8215,Patient 8215,D152,Extraction,General Operatory,10:55,21
A8216,Patient 8216,D226,Checkup/Cleaning,General Operatory,12:50,43
A8217,Patient 8217,D355,Extraction,General Operatory,10:50,25
A8218,Patient 8218,D172,Crown,General Operatory,13:40,45
A8219,Patient 8219,D104,Extraction,General Operatory,11:50,22
A8220,Patient 8220,D518,Checkup/Cleaning,General Operatory,11:35,55
A8221,Patient 8221,D550,Filling,General Operatory,13:50,28
A8222,Patient 8222,D184,Checkup/Cleaning,General Operatory,09:40,40
A8223,Patient 8223,D407,Crown,General Operatory,09:35,54
A8224,Patient 8224,D454,Checkup/Cleaning,General Operatory,09:20,30
A8225,Patient 8225,D42,Extraction,General Operatory,10:15,29
A8226,Patient 8226,D703,Root Canal,Endodontic Operatory,11:10,90
A8227,Patient 8227,D657,Crown,General Operatory,12:40,39
A8228,Patient 8228,D370,Root Canal,Endodontic Operatory,10:50,62
A8229,Patient 8229,D288,Root Canal,Endodontic Operatory,13:50,61
A8230,Patient 8230,D29,Filling,General Operatory,09:45,40
A8231,Patient 8231,D266,Filling,General Operatory,14:05,30
A8232,Patient 8232,D423,Crown,General Operatory,09:25,44
A8233,Patient 8233,D509,Filling,General Operatory,12:50,47
A8234,Patient 8234,D504,Checkup/Cleaning,General Operatory,14:00,30
A8235,Patient 8235,D25,Extraction,General Operatory,10:10,32
A8236,Patient 8236,D42,Checkup/Cleaning,General Operatory,10:05,46
A8237,Patient 8237,D336,Extraction,General Operatory,10:20,20
A8238,Patient 8238,D168,Filling,General Operatory,13:15,49
A8239,Patient 8239,D454,Checkup/Cleaning,General Operatory,09:45,53
A8240,Patient 8240,D192,Filling,General Operatory,14:55,27
A8241,Patient 8241,D242,Checkup/Cleaning,General Operatory,09:50,41
A8242,Patient 8242,D162,Checkup/Cleaning,General Operatory,11:15,36
A8243,Patient 8243,D438,Crown,General Operatory,12:40,57
A8244,Patient 8244,D32,Checkup/Cleaning,General Operatory,12:40,49
A8245,Patient 8245,D373,Checkup/Cleaning,General Operatory,11:10,39
A8246,Patient 8246,D323,Checkup/Cleaning,General Operatory,12:50,51
A8247,Patient 8247,D731,Root Canal,Endodontic Operatory,11:00,87
A8248,Patient 8248,D737,Checkup/Cleaning,General Operatory,13:10,31
A8249,Patient 8249,D279,Filling,General Operatory,10:50,48
A8250,Patient 8250,D523,Filling,General Operatory,13:50,32
A8251,Patient 8251,D168,Crown,General Operatory,14:15,55
A8252,Patient 8252,D58,Filling,General Operatory,11:00,58
A8253,Patient 8253,D650,Checkup/Cleaning,General Operatory,10:00,51
A8254,Patient 8254,D556,X-ray/Imaging,Imaging Room,09:50,14
A8255,Patient 8255,D64,Crown,General Operatory,15:30,33
A8256,Patient 8256,D344,Extraction,General Operatory,14:40,35
A8257,Patient 8257,D476,Filling,General Operatory,11:00,24
A8258,Patient 8258,D133,Checkup/Cleaning,General Operatory,10:30,42
A8259,Patient 8259,D99,Filling,General Operatory,10:50,56
A8260,Patient 8260,D461,Filling,General Operatory,10:15,41
A8261,Patient 8261,D478,Root Canal,Endodontic Operatory,09:15,61
A8262,Patient 8262,D682,Checkup/Cleaning,General Operatory,12:40,30
A8263,Patient 8263,D236,Checkup/Cleaning,General Operatory,14:15,46
A8264,Patient 8264,D451,Filling,General Operatory,10:05,28
A8265,Patient 8265,D747,Checkup/Cleaning,General Operatory,10:25,49
A8266,Patient 8266,D603,Extraction,General Operatory,14:05,25
A8267,Patient 8267,D537,Filling,General Operatory,15:15,50
A8268,Patient 8268,D370,Extraction,General Operatory,09:40,35
A8269,Patient 8269,D176,Extraction,General Operatory,11:30,26
A8270,Patient 8270,D743,Checkup/Cleaning,General Operatory,11:05,45
A8271,Patient 8271,D17,Checkup/Cleaning,General Operatory,11:10,58
A8272,Patient 8272,D628,Checkup/Cleaning,General Operatory,11:40,46
A8273,Patient 8273,D201,Extraction,General Operatory,11:40,36
A8274,Patient 8274,D294,Filling,General Operatory,11:15,37
A8275,Patient 8275,D255,Filling,General Operatory,10:15,34
A8276,Patient 8276,D694,Checkup/Cleaning,General Operatory,09:45,52
A8277,Patient 8277,D80,Filling,General Operatory,12:35,55
A8278,Patient 8278,D415,Checkup/Cleaning,General Operatory,10:05,34
A8279,Patient 8279,D342,X-ray/Imaging,Imaging Room,15:45,11
A8280,Patient 8280,D320,Crown,General Operatory,11:45,60
A8281,Patient 8281,D162,Checkup/Cleaning,General Operatory,11:45,33
A8282,Patient 8282,D200,Checkup/Cleaning,General Operatory,09:50,54
A8283,Patient 8283,D269,Extraction,General Operatory,11:10,24
A8284,Patient 8284,D408,Extraction,General Operatory,10:55,28
A8285,Patient 8285,D182,X-ray/Imaging,Imaging Room,11:15,13
A8286,Patient 8286,D176,Root Canal,Endodontic Operatory,13:50,76
A8287,Patient 8287,D187,Crown,General Operatory,11:45,36
A8288,Patient 8288,D33,Checkup/Cleaning,General Operatory,12:35,38
A8289,Patient 8289,D734,Checkup/Cleaning,General Operatory,13:50,59
A8290,Patient 8290,D209,Checkup/Cleaning,General Operatory,09:15,39
A8291,Patient 8291,D80,Checkup/Cleaning,General Operatory,12:50,40
A8292,Patient 8292,D272,Checkup/Cleaning,General Operatory,11:40,48
A8293,Patient 8293,D657,Checkup/Cleaning,General Operatory,14:05,54
A8294,Patient 8294,D647,Filling,General Operatory,10:25,39
A8295,Patient 8295,D308,Filling,General Operatory,10:05,52
A8296,Patient 8296,D77,Checkup/Cleaning,General Operatory,11:15,33
A8297,Patient 8297,D280,Root Canal,Endodontic Operatory,12:30,80
A8298,Patient 8298,D258,Extraction,General Operatory,09:50,29
A8299,Patient 8299,D611,Crown,General Operatory,09:25,44
A8300,Patient 8300,D452,Extraction,General Operatory,11:25,30
A8301,Patient 8301,D634,Filling,General Operatory,10:20,51
A8302,Patient 8302,D122,Filling,General Operatory,09:40,20
A8303,Patient 8303,D324,Root Canal,Endodontic Operatory,12:10,68
A8304,Patient 8304,D542,Checkup/Cleaning,General Operatory,10:25,38
A8305,Patient 8305,D182,Crown,General Operatory,10:45,58
A8306,Patient 8306,D348,X-ray/Imaging,Imaging Room,09:30,14
A8307,Patient 8307,D333,Extraction,General Operatory,10:20,22
A8308,Patient 8308,D94,Checkup/Cleaning,General Operatory,10:05,42
A8309,Patient 8309,D490,Filling,General Operatory,10:05,44
A8310,Patient 8310,D211,Extraction,General Operatory,10:05,40
A8311,Patient 8311,D648,Filling,General Operatory,12:50,47
A8312,Patient 8312,D399,Checkup/Cleaning,General Operatory,11:55,30
A8313,Patient 8313,D642,Filling,General Operatory,11:50,48
A8314,Patient 8314,D105,Crown,General Operatory,11:20,34
A8315,Patient 8315,D532,Crown,General Operatory,14:15,49
A8316,Patient 8316,D38,Filling,General Operatory,10:00,20
A8317,Patient 8317,D273,Filling,General Operatory,10:30,42
A8318,Patient 8318,D105,Checkup/Cleaning,General Operatory,09:50,35
A8319,Patient 8319,D143,Extraction,General Operatory,10:15,26
A8320,Patient 8320,D46,Checkup/Cleaning,General Operatory,14:15,38
A8321,Patient 8321,D192,Crown,General Operatory,10:20,45
A8322,Patient 8322,D636,Filling,General Operatory,10:25,52
A8323,Patient 8323,D137,Checkup/Cleaning,General Operatory,11:20,35
A8324,Patient 8324,D401,Crown,General Operatory,13:20,38
A8325,Patient 8325,D562,Checkup/Cleaning,General Operatory,10:15,41
A8326,Patient 8326,D634,Filling,General Operatory,11:05,44
A8327,Patient 8327,D652,Root Canal,Endodontic Operatory,10:25,74
A8328,Patient 8328,D168,Checkup/Cleaning,General Operatory,12:50,31
A8329,Patient 8329,D293,Checkup/Cleaning,General Operatory,09:50,56
A8330,Patient 8330,D264,Filling,General Operatory,09:40,50
A8331,Patient 8331,D174,Checkup/Cleaning,General Operatory,10:45,57
A8332,Patient 8332,D70,Extraction,General Operatory,10:55,31
A8333,Patient 8333,D174,Filling,General Operatory,11:10,40
A8334,Patient 8334,D726,Crown,General Operatory,10:10,38
A8335,Patient 8335,D676,Filling,General Operatory,11:15,47
A8336,Patient 8336,D720,Root Canal,Endodontic Operatory,11:15,76
A8337,Patient 8337,D236,Checkup/Cleaning,General Operatory,11:45,40
A8338,Patient 8338,D589,Filling,General Operatory,10:55,58
A8339,Patient 8339,D214,Filling,General Operatory,09:40,47
A8340,Patient 8340,D320,Extraction,General Operatory,10:10,23
A8341,Patient 8341,D601,Checkup/Cleaning,General Operatory,14:15,38
A8342,Patient 8342,D106,Checkup/Cleaning,General Operatory,12:25,54
A8343,Patient 8343,D584,Checkup/Cleaning,General Operatory,12:40,37
A8344,Patient 8344,D27,Crown,General Operatory,10:20,46
A8345,Patient 8345,D648,Filling,General Operatory,12:35,60
A8346,Patient 8346,D734,Checkup/Cleaning,General Operatory,12:25,49
A8347,Patient 8347,D366,Checkup/Cleaning,General Operatory,09:50,44
A8348,Patient 8348,D498,Checkup/Cleaning,General Operatory,15:25,32
A8349,Patient 8349,D90,Checkup/Cleaning,General Operatory,11:20,46
A8350,Patient 8350,D399,Checkup/Cleaning,General Operatory,11:35,34
A8351,Patient 8351,D672,Checkup/Cleaning,General Operatory,13:45,33
A8352,Patient 8352,D134,Crown,General Operatory,14:00,41
A8353,Patient 8353,D63,Filling,General Operatory,10:35,58
A8354,Patient 8354,D330,Filling,General Operatory,10:00,35
A8355,Patient 8355,D284,Extraction,General Operatory,14:40,35
A8356,Patient 8356,D748,Crown,General Operatory,09:40,40
A8357,Patient 8357,D741,Crown,General Operatory,10:40,59
A8358,Patient 8358,D331,Filling,General Operatory,12:30,34
A8359,Patient 8359,D574,Root Canal,Endodontic Operatory,13:40,85
A8360,Patient 8360,D745,Crown,General Operatory,12:20,34
A8361,Patient 8361,D175,Checkup/Cleaning,General Operatory,11:45,40
A8362,Patient 8362,D298,Filling,General Operatory,15:35,57
A8363,Patient 8363,D53,Checkup/Cleaning,General Operatory,14:25,45
A8364,Patient 8364,D174,Crown,General Operatory,10:20,57
A8365,Patient 8365,D650,Crown,General Operatory,11:45,49
A8366,Patient 8366,D703,Root Canal,Endodontic Operatory,11:10,73
A8367,Patient 8367,D215,Root Canal,Endodontic Operatory,11:20,72
A8368,Patient 8368,D695,Crown,General Operatory,13:10,60
A8369,Patient 8369,D55,Checkup/Cleaning,General Operatory,11:15,56
A8370,Patient 8370,D348,Checkup/Cleaning,General Operatory,09:10,44
A8371,Patient 8371,D574,Checkup/Cleaning,General Operatory,12:50,32
A8372,Patient 8372,D732,Checkup/Cleaning,General Operatory,12:25,34
A8373,Patient 8373,D425,Filling,General Operatory,11:35,40
A8374,Patient 8374,D227,Root Canal,Endodontic Operatory,12:05,77
A8375,Patient 8375,D725,X-ray/Imaging,Imaging Room,14:25,15
A8376,Patient 8376,D385,Extraction,General Operatory,11:25,30
A8377,Patient 8377,D292,Filling,General Operatory,10:15,39
A8378,Patient 8378,D172,Checkup/Cleaning,General Operatory,14:10,31
A8379,Patient 8379,D145,Checkup/Cleaning,General Operatory,09:55,55
A8380,Patient 8380,D270,Crown,General Operatory,10:20,32
A8381,Patient 8381,D614,Filling,General Operatory,09:35,51
A8382,Patient 8382,D148,Filling,General Operatory,10:25,44
A8383,Patient 8383,D194,Extraction,General Operatory,11:05,36
A8384,Patient 8384,D105,Extraction,General Operatory,09:40,39
A8385,Patient 8385,D88,Root Canal,Endodontic Operatory,09:35,85
A8386,Patient 8386,D252,Checkup/Cleaning,General Operatory,12:45,56
A8387,Patient 8387,D63,Filling,General Operatory,10:05,43
A8388,Patient 8388,D89,Filling,General Operatory,09:35,39
A8389,Patient 8389,D669,Root Canal,Endodontic Operatory,09:15,73
A8390,Patient 8390,D694,Checkup/Cleaning,General Operatory,09:15,49
A8391,Patient 8391,D228,Filling,General Operatory,10:25,55
A8392,Patient 8392,D749,Checkup/Cleaning,General Operatory,09:45,59
A8393,Patient 8393,D595,Checkup/Cleaning,General Operatory,12:40,43
A8394,Patient 8394,D511,Crown,General Operatory,11:35,55
A8395,Patient 8395,D246,Crown,General Operatory,14:40,40
A8396,Patient 8396,D387,Checkup/Cleaning,General Operatory,12:35,41
A8397,Patient 8397,D633,Crown,General Operatory,12:45,36
A8398,Patient 8398,D114,Extraction,General Operatory,10:10,28
A8399,Patient 8399,D740,Checkup/Cleaning,General Operatory,09:15,58
A8400,Patient 8400,D391,Extraction,General Operatory,10:15,38
A8401,Patient 8401,D211,Checkup/Cleaning,General Operatory,13:25,31
A8402,Patient 8402,D750,Root Canal,Endodontic Operatory,13:40,66
A8403,Patient 8403,D194,Extraction,General Operatory,11:10,22
A8404,Patient 8404,D696,Extraction,General Operatory,11:55,22
A8405,Patient 8405,D323,Checkup/Cleaning,General Operatory,11:10,55
A8406,Patient 8406,D24,Checkup/Cleaning,General Operatory,10:15,38
A8407,Patient 8407,D142,Root Canal,Endodontic Operatory,10:05,73
A8408,Patient 8408,D451,Checkup/Cleaning,General Operatory,10:30,33
A8409,Patient 8409,D127,Extraction,General Operatory,11:50,29
A8410,Patient 8410,D489,Filling,General Operatory,12:35,26
A8411,Patient 8411,D576,X-ray/Imaging,Imaging Room,12:30,15
A8412,Patient 8412,D465,Extraction,General Operatory,10:05,38
A8413,Patient 8413,D56,Checkup/Cleaning,General Operatory,09:35,39
A8414,Patient 8414,D581,Checkup/Cleaning,General Operatory,10:05,45
A8415,Patient 8415,D172,Extraction,General Operatory,11:10,25
A8416,Patient 8416,D520,Extraction,General Operatory,12:25,34
A8417,Patient 8417,D165,Filling,General Operatory,14:00,31
A8418,Patient 8418,D544,X-ray/Imaging,Imaging Room,14:00,14
A8419,Patient 8419,D606,Extraction,General Operatory,11:50,38
A8420,Patient 8420,D367,X-ray/Imaging,Imaging Room,13:15,13
A8421,Patient 8421,D640,Filling,General Operatory,12:30,57
A8422,Patient 8422,D404,Extraction,General Operatory,12:45,29
A8423,Patient 8423,D258,Root Canal,Endodontic Operatory,09:45,64
A8424,Patient 8424,D7,Checkup/Cleaning,General Operatory,11:25,32
A8425,Patient 8425,D311,Crown,General Operatory,14:30,58
A8426,Patient 8426,D385,Filling,General Operatory,12:30,43
A8427,Patient 8427,D506,Crown,General Operatory,10:15,55
A8428,Patient 8428,D603,Filling,General Operatory,13:55,51
A8429,Patient 8429,D47,Checkup/Cleaning,General Operatory,12:35,51
A8430,Patient 8430,D463,Crown,General Operatory,12:50,53
A8431,Patient 8431,D434,Filling,General Operatory,09:15,41
A8432,Patient 8432,D516,Extraction,General Operatory,15:45,21
A8433,Patient 8433,D683,Checkup/Cleaning,General Operatory,10:30,45
A8434,Patient 8434,D651,Filling,General Operatory,11:00,37
A8435,Patient 8435,D44,Extraction,General Operatory,12:25,23
A8436,Patient 8436,D227,Extraction,General Operatory,14:25,20
A8437,Patient 8437,D602,Extraction,General Operatory,12:35,22
A8438,Patient 8438,D359,Filling,General Operatory,12:40,31
A8439,Patient 8439,D296,Extraction,General Operatory,13:55,36
A8440,Patient 8440,D129,Root Canal,Endodontic Operatory,10:05,84
A8441,Patient 8441,D704,Crown,General Operatory,10:10,40
A8442,Patient 8442,D697,Checkup/Cleaning,General Operatory,11:40,59
A8443,Patient 8443,D521,Checkup/Cleaning,General Operatory,11:00,41
A8444,Patient 8444,D113,Extraction,General Operatory,14:40,31
A8445,Patient 8445,D694,Filling,General Operatory,10:20,46
A8446,Patient 8446,D597,Crown,General Operatory,14:00,31
A8447,Patient 8447,D431,Crown,General Operatory,12:30,37
A8448,Patient 8448,D418,Extraction,General Operatory,13:10,30
A8449,Patient 8449,D322,Checkup/Cleaning,General Operatory,10:50,43
A8450,Patient 8450,D225,Checkup/Cleaning,General Operatory,10:00,40
A8451,Patient 8451,D192,Checkup/Cleaning,General Operatory,11:10,59
A8452,Patient 8452,D524,Checkup/Cleaning,General Operatory,10:55,42
A8453,Patient 8453,D69,Filling,General Operatory,10:15,25
A8454,Patient 8454,D582,Filling,General Operatory,14:05,39
A8455,Patient 8455,D594,Filling,General Operatory,14:10,39
A8456,Patient 8456,D585,Root Canal,Endodontic Operatory,10:50,76
A8457,Patient 8457,D419,Extraction,General Operatory,13:20,22
A8458,Patient 8458,D230,Checkup/Cleaning,General Operatory,12:55,35
A8459,Patient 8459,D53,Checkup/Cleaning,General Operatory,11:50,36
A8460,Patient 8460,D188,Checkup/Cleaning,General Operatory,15:45,41
A8461,Patient 8461,D750,Checkup/Cleaning,General Operatory,11:00,38
A8462,Patient 8462,D5,Crown,General Operatory,12:35,34
A8463,Patient 8463,D416,Filling,General Operatory,11:20,20
A8464,Patient 8464,D400,Checkup/Cleaning,General Operatory,15:55,33
A8465,Patient 8465,D93,Filling,General Operatory,14:30,52
A8466,Patient 8466,D250,Filling,General Operatory,14:55,21
A8467,Patient 8467,D372,Extraction,General Operatory,11:45,27
A8468,Patient 8468,D5,Filling,General Operatory,11:00,29
A8469,Patient 8469,D13,Filling,General Operatory,10:20,42
A8470,Patient 8470,D212,Extraction,General Operatory,10:20,31
A8471,Patient 8471,D383,Filling,General Operatory,09:50,38
A8472,Patient 8472,D534,Checkup/Cleaning,General Operatory,10:05,32
A8473,Patient 8473,D9,Root Canal,Endodontic Operatory,09:15,82
A8474,Patient 8474,D164,Filling,General Operatory,09:20,21
A8475,Patient 8475,D316,Root Canal,Endodontic Operatory,13:55,65
A8476,Patient 8476,D312,Crown,General Operatory,11:05,42
A8477,Patient 8477,D131,Extraction,General Operatory,15:40,27
A8478,Patient 8478,D424,Checkup/Cleaning,General Operatory,10:35,47
A8479,Patient 8479,D14,X-ray/Imaging,Imaging Room,10:15,14
A8480,Patient 8480,D689,Extraction,General Operatory,12:45,38
A8481,Patient 8481,D683,X-ray/Imaging,Imaging Room,10:50,11
A8482,Patient 8482,D576,Checkup/Cleaning,General Operatory,13:35,59
A8483,Patient 8483,D728,Checkup/Cleaning,General Operatory,09:40,50
A8484,Patient 8484,D81,Filling,General Operatory,09:55,58
A8485,Patient 8485,D653,Filling,General Operatory,12:25,44
A8486,Patient 8486,D402,Extraction,General Operatory,11:45,39
A8487,Patient 8487,D180,Filling,General Operatory,10:10,35
A8488,Patient 8488,D335,Filling,General Operatory,11:15,37
A8489,Patient 8489,D198,Checkup/Cleaning,General Operatory,12:50,51
A8490,Patient 8490,D51,Extraction,General Operatory,09:50,39
A8491,Patient 8491,D231,Filling,General Operatory,12:55,33
A8492,Patient 8492,D706,Checkup/Cleaning,General Operatory,10:55,53
A8493,Patient 8493,D160,Extraction,General Operatory,09:40,30
A8494,Patient 8494,D706,Checkup/Cleaning,General Operatory,15:15,44
A8495,Patient 8495,D597,Extraction,General Operatory,15:40,21
A8496,Patient 8496,D56,Filling,General Operatory,10:20,52
A8497,Patient 8497,D64,Filling,General Operatory,11:15,24
A8498,Patient 8498,D338,Checkup/Cleaning,General Operatory,11:35,57
A8499,Patient 8499,D300,Root Canal,Endodontic Operatory,10:10,79
A8500,Patient 8500,D365,Checkup/Cleaning,General Operatory,13:05,53
A8501,Patient 8501,D244,Filling,General Operatory,09:50,30
A8502,Patient 8502,D336,Checkup/Cleaning,General Operatory,11:40,48
A8503,Patient 8503,D509,Filling,General Operatory,11:00,56
A8504,Patient 8504,D410,Extraction,General Operatory,11:35,33
A8505,Patient 8505,D452,Filling,General Operatory,11:15,42
A8506,Patient 8506,D171,X-ray/Imaging,Imaging Room,14:50,15
A8507,Patient 8507,D112,Root Canal,Endodontic Operatory,12:15,80
A8508,Patient 8508,D726,Crown,General Operatory,11:00,51
A8509,Patient 8509,D135,Filling,General Operatory,11:15,55
A8510,Patient 8510,D595,Root Canal,Endodontic Operatory,13:45,66
A8511,Patient 8511,D328,Filling,General Operatory,11:30,46
A8512,Patient 8512,D79,Extraction,General Operatory,11:10,27
A8513,Patient 8513,D448,Checkup/Cleaning,General Operatory,09:10,40
A8514,Patient 8514,D725,Crown,General Operatory,11:05,57
A8515,Patient 8515,D609,Checkup/Cleaning,General Operatory,10:55,42
A8516,Patient 8516,D528,Checkup/Cleaning,General Operatory,10:20,60
A8517,Patient 8517,D714,Extraction,General Operatory,15:55,31
A8518,Patient 8518,D193,Filling,General Operatory,09:50,20
A8519,Patient 8519,D292,Checkup/Cleaning,General Operatory,11:10,50
A8520,Patient 8520,D426,Filling,General Operatory,15:20,55
A8521,Patient 8521,D688,Checkup/Cleaning,General Operatory,11:05,31
A8522,Patient 8522,D505,Filling,General Operatory,09:45,48
A8523,Patient 8523,D685,Checkup/Cleaning,General Operatory,15:10,58
A8524,Patient 8524,D650,Extraction,General Operatory,12:50,37
A8525,Patient 8525,D69,Checkup/Cleaning,General Operatory,13:15,54
A8526,Patient 8526,D438,Filling,General Operatory,12:25,50
A8527,Patient 8527,D454,Checkup/Cleaning,General Operatory,09:40,30
A8528,Patient 8528,D229,Checkup/Cleaning,General Operatory,10:45,38
A8529,Patient 8529,D385,Filling,General Operatory,11:15,50
A8530,Patient 8530,D656,Checkup/Cleaning,General Operatory,12:35,50
A8531,Patient 8531,D356,Filling,General Operatory,11:30,40
A8532,Patient 8532,D199,Filling,General Operatory,12:10,51
A8533,Patient 8533,D326,Checkup/Cleaning,General Operatory,09:55,56
A8534,Patient 8534,D616,Checkup/Cleaning,General Operatory,10:25,42
A8535,Patient 8535,D6,Filling,General Operatory,11:40,41
A8536,Patient 8536,D563,Extraction,General Operatory,10:45,35
A8537,Patient 8537,D736,Extraction,General Operatory,14:20,31
A8538,Patient 8538,D440,Filling,General Operatory,14:30,23
A8539,Patient 8539,D339,Checkup/Cleaning,General Operatory,09:50,33
A8540,Patient 8540,D181,Filling,General Operatory,09:30,46
A8541,Patient 8541,D279,X-ray/Imaging,Imaging Room,09:15,14
A8542,Patient 8542,D578,Checkup/Cleaning,General Operatory,12:15,31
A8543,Patient 8543,D93,Root Canal,Endodontic Operatory,10:00,72
A8544,Patient 8544,D623,Root Canal,Endodontic Operatory,12:15,84
A8545,Patient 8545,D42,Checkup/Cleaning,General Operatory,12:35,59
A8546,Patient 8546,D36,Filling,General Operatory,12:55,53
A8547,Patient 8547,D264,Filling,General Operatory,10:50,34
A8548,Patient 8548,D746,Filling,General Operatory,14:40,35
A8549,Patient 8549,D587,Checkup/Cleaning,General Operatory,12:40,48
A8550,Patient 8550,D568,Extraction,General Operatory,09:55,23
A8551,Patient 8551,D589,Filling,General Operatory,10:15,56
A8552,Patient 8552,D70,Filling,General Operatory,09:25,29
A8553,Patient 8553,D14,Filling,General Operatory,13:20,28
A8554,Patient 8554,D653,Checkup/Cleaning,General Operatory,13:45,55
A8555,Patient 8555,D368,Extraction,General Operatory,11:25,23
A8556,Patient 8556,D672,Checkup/Cleaning,General Operatory,12:45,54
A8557,Patient 8557,D308,Crown,General Operatory,13:05,30
A8558,Patient 8558,D171,Extraction,General Operatory,10:00,29
A8559,Patient 8559,D322,Filling,General Operatory,14:10,59
A8560,Patient 8560,D38,Extraction,General Operatory,11:25,27
A8561,Patient 8561,D253,Filling,General Operatory,14:05,48
A8562,Patient 8562,D480,Filling,General Operatory,11:25,47
A8563,Patient 8563,D397,Root Canal,Endodontic Operatory,10:35,86
A8564,Patient 8564,D592,Crown,General Operatory,11:00,58
A8565,Patient 8565,D207,Root Canal,Endodontic Operatory,12:00,86
A8566,Patient 8566,D664,Checkup/Cleaning,General Operatory,11:35,49
A8567,Patient 8567,D564,Checkup/Cleaning,General Operatory,12:30,44
A8568,Patient 8568,D686,Extraction,General Operatory,11:20,26
A8569,Patient 8569,D103,Filling,General Operatory,09:20,46
A8570,Patient 8570,D708,Root Canal,Endodontic Operatory,09:45,81
A8571,Patient 8571,D639,Crown,General Operatory,12:10,56
A8572,Patient 8572,D185,Filling,General Operatory,09:40,44
A8573,Patient 8573,D171,Crown,General Operatory,10:05,45
A8574,Patient 8574,D317,Filling,General Operatory,11:15,55
A8575,Patient 8575,D228,Checkup/Cleaning,General Operatory,09:10,57
A8576,Patient 8576,D482,Filling,General Operatory,12:45,23
A8577,Patient 8577,D460,Filling,General Operatory,09:50,48
A8578,Patient 8578,D608,Checkup/Cleaning,General Operatory,15:35,52
A8579,Patient 8579,D566,Extraction,General Operatory,15:40,21
A8580,Patient 8580,D61,Crown,General Operatory,12:30,46
A8581,Patient 8581,D449,Checkup/Cleaning,General Operatory,14:20,41
A8582,Patient 8582,D191,Checkup/Cleaning,General Operatory,09:20,56
A8583,Patient 8583,D428,Checkup/Cleaning,General Operatory,10:20,44
A8584,Patient 8584,D494,Checkup/Cleaning,General Operatory,13:40,57
A8585,Patient 8585,D273,Root Canal,Endodontic Operatory,10:20,75
A8586,Patient 8586,D388,Checkup/Cleaning,General Operatory,11:15,54
A8587,Patient 8587,D194,Crown,General Operatory,14:10,39
A8588,Patient 8588,D489,Crown,General Operatory,12:15,52
A8589,Patient 8589,D712,Extraction,General Operatory,10:15,30
A8590,Patient 8590,D365,Root Canal,Endodontic Operatory,11:20,71
A8591,Patient 8591,D305,Extraction,General Operatory,12:55,36
A8592,Patient 8592,D331,Checkup/Cleaning,General Operatory,14:20,43
A8593,Patient 8593,D588,X-ray/Imaging,Imaging Room,09:45,15
A8594,Patient 8594,D375,Crown,General Operatory,09:50,54
A8595,Patient 8595,D323,Extraction,General Operatory,11:00,35
A8596,Patient 8596,D557,Crown,General Operatory,10:20,32
A8597,Patient 8597,D439,Checkup/Cleaning,General Operatory,11:15,43
A8598,Patient 8598,D665,Filling,General Operatory,15:40,46
A8599,Patient 8599,D10,X-ray/Imaging,Imaging Room,10:20,14
A8600,Patient 8600,D215,X-ray/Imaging,Imaging Room,10:05,14
A8601,Patient 8601,D445,Checkup/Cleaning,General Operatory,10:20,31
A8602,Patient 8602,D328,Filling,General Operatory,09:25,47
A8603,Patient 8603,D641,Checkup/Cleaning,General Operatory,12:35,53
A8604,Patient 8604,D208,Extraction,General Operatory,14:55,26
A8605,Patient 8605,D592,Checkup/Cleaning,General Operatory,10:55,39
A8606,Patient 8606,D142,Checkup/Cleaning,General Operatory,11:15,40
A8607,Patient 8607,D348,Checkup/Cleaning,General Operatory,11:20,57
A8608,Patient 8608,D740,Filling,General Operatory,10:30,53
A8609,Patient 8609,D413,Checkup/Cleaning,General Operatory,10:25,47
A8610,Patient 8610,D208,Root Canal,Endodontic Operatory,11:05,90
A8611,Patient 8611,D476,Checkup/Cleaning,General Operatory,11:05,33
A8612,Patient 8612,D688,Filling,General Operatory,11:05,30
A8613,Patient 8613,D648,Filling,General Operatory,13:55,49
A8614,Patient 8614,D493,Filling,General Operatory,11:25,31
A8615,Patient 8615,D481,Checkup/Cleaning,General Operatory,10:45,51
A8616,Patient 8616,D668,X-ray/Imaging,Imaging Room,11:10,13
A8617,Patient 8617,D712,Checkup/Cleaning,General Operatory,10:20,46
A8618,Patient 8618,D194,Crown,General Operatory,13:40,55
A8619,Patient 8619,D184,Extraction,General Operatory,09:20,28
A8620,Patient 8620,D719,Checkup/Cleaning,General Operatory,15:05,46
A8621,Patient 8621,D402,Checkup/Cleaning,General Operatory,13:20,37
A8622,Patient 8622,D257,Crown,General Operatory,14:10,33
A8623,Patient 8623,D282,Checkup/Cleaning,General Operatory,09:45,38
A8624,Patient 8624,D628,Checkup/Cleaning,General Operatory,12:55,47
A8625,Patient 8625,D88,Checkup/Cleaning,General Operatory,09:25,30
A8626,Patient 8626,D356,Filling,General Operatory,10:00,21
A8627,Patient 8627,D518,Checkup/Cleaning,General Operatory,10:05,45
A8628,Patient 8628,D684,Checkup/Cleaning,General Operatory,10:05,49
A8629,Patient 8629,D458,Filling,General Operatory,11:30,54
A8630,Patient 8630,D454,Checkup/Cleaning,General Operatory,11:30,56
A8631,Patient 8631,D599,Extraction,General Operatory,09:15,40
A8632,Patient 8632,D200,Checkup/Cleaning,General Operatory,14:25,53
A8633,Patient 8633,D62,Filling,General Operatory,11:50,31
A8634,Patient 8634,D418,Crown,General Operatory,11:30,40
A8635,Patient 8635,D641,Checkup/Cleaning,General Operatory,12:15,44
A8636,Patient 8636,D702,Extraction,General Operatory,09:25,37
A8637,Patient 8637,D21,Filling,General Operatory,13:10,43
A8638,Patient 8638,D182,Filling,General Operatory,12:30,60
A8639,Patient 8639,D479,Crown,General Operatory,10:10,51
A8640,Patient 8640,D215,Checkup/Cleaning,General Operatory,09:45,36
A8641,Patient 8641,D568,Checkup/Cleaning,General Operatory,10:15,31
A8642,Patient 8642,D162,Extraction,General Operatory,12:50,24
A8643,Patient 8643,D242,Crown,General Operatory,11:30,52
A8644,Patient 8644,D624,Checkup/Cleaning,General Operatory,14:15,56
A8645,Patient 8645,D684,Filling,General Operatory,10:25,56
A8646,Patient 8646,D93,Filling,General Operatory,11:30,35
A8647,Patient 8647,D697,Checkup/Cleaning,General Operatory,09:45,60
A8648,Patient 8648,D731,X-ray/Imaging,Imaging Room,11:50,10
A8649,Patient 8649,D241,Root Canal,Endodontic Operatory,09:15,73
A8650,Patient 8650,D537,Checkup/Cleaning,General Operatory,12:25,56
A8651,Patient 8651,D75,Checkup/Cleaning,General Operatory,13:25,30
A8652,Patient 8652,D340,Filling,General Operatory,09:55,44
A8653,Patient 8653,D589,Filling,General Operatory,10:35,26
A8654,Patient 8654,D524,Checkup/Cleaning,General Operatory,09:10,43
A8655,Patient 8655,D392,Extraction,General Operatory,10:35,33
A8656,Patient 8656,D676,Root Canal,Endodontic Operatory,15:15,65
A8657,Patient 8657,D7,Checkup/Cleaning,General Operatory,10:25,48
A8658,Patient 8658,D107,Filling,General Operatory,12:50,59
A8659,Patient 8659,D205,Filling,General Operatory,12:35,60
A8660,Patient 8660,D737,Filling,General Operatory,11:35,28
A8661,Patient 8661,D75,X-ray/Imaging,Imaging Room,12:05,13
A8662,Patient 8662,D504,Filling,General Operatory,12:45,38
A8663,Patient 8663,D227,Root Canal,Endodontic Operatory,11:10,64
A8664,Patient 8664,D358,Checkup/Cleaning,General Operatory,13:00,35
A8665,Patient 8665,D157,Crown,General Operatory,14:10,54
A8666,Patient 8666,D200,Checkup/Cleaning,General Operatory,11:10,53
A8667,Patient 8667,D472,Checkup/Cleaning,General Operatory,13:45,32
A8668,Patient 8668,D704,Filling,General Operatory,13:20,30
A8669,Patient 8669,D384,Checkup/Cleaning,General Operatory,10:30,37
A8670,Patient 8670,D355,Extraction,General Operatory,11:50,20
A8671,Patient 8671,D445,Filling,General Operatory,13:05,36
A8672,Patient 8672,D240,Crown,General Operatory,09:15,51
A8673,Patient 8673,D512,Root Canal,Endodontic Operatory,11:40,68
A8674,Patient 8674,D325,Filling,General Operatory,11:25,24
A8675,Patient 8675,D566,Extraction,General Operatory,15:55,29
A8676,Patient 8676,D183,Checkup/Cleaning,General Operatory,11:10,56
A8677,Patient 8677,D520,X-ray/Imaging,Imaging Room,11:10,14
A8678,Patient 8678,D670,Checkup/Cleaning,General Operatory,14:00,46
A8679,Patient 8679,D143,Checkup/Cleaning,General Operatory,14:30,44
A8680,Patient 8680,D561,Checkup/Cleaning,General Operatory,11:10,56
A8681,Patient 8681,D622,Filling,General Operatory,11:05,41
A8682,Patient 8682,D59,Filling,General Operatory,12:55,34
A8683,Patient 8683,D286,Extraction,General Operatory,11:00,39
A8684,Patient 8684,D616,Checkup/Cleaning,General Operatory,09:20,31
A8685,Patient 8685,D375,Checkup/Cleaning,General Operatory,10:15,54
A8686,Patient 8686,D257,Extraction,General Operatory,15:35,24
A8687,Patient 8687,D575,Checkup/Cleaning,General Operatory,12:25,60
A8688,Patient 8688,D49,Root Canal,Endodontic Operatory,13:30,89
A8689,Patient 8689,D494,Extraction,General Operatory,12:30,31
A8690,Patient 8690,D611,Filling,General Operatory,09:45,37
A8691,Patient 8691,D365,Extraction,General Operatory,10:05,20
A8692,Patient 8692,D27,Filling,General Operatory,09:50,60
A8693,Patient 8693,D295,Filling,General Operatory,14:20,35
A8694,Patient 8694,D605,Extraction,General Operatory,09:50,36
A8695,Patient 8695,D341,X-ray/Imaging,Imaging Room,11:15,12
A8696,Patient 8696,D508,Extraction,General Operatory,13:50,30
A8697,Patient 8697,D323,Checkup/Cleaning,General Operatory,11:15,34
A8698,Patient 8698,D500,Checkup/Cleaning,General Operatory,10:35,31
A8699,Patient 8699,D495,Checkup/Cleaning,General Operatory,10:25,38
A8700,Patient 8700,D708,Checkup/Cleaning,General Operatory,10:35,33
A8701,Patient 8701,D483,Checkup/Cleaning,General Operatory,09:40,60
A8702,Patient 8702,D31,Checkup/Cleaning,General Operatory,12:40,38
A8703,Patient 8703,D541,Extraction,General Operatory,10:50,36
A8704,Patient 8704,D543,Filling,General Operatory,14:15,51
A8705,Patient 8705,D491,Checkup/Cleaning,General Operatory,13:05,38
A8706,Patient 8706,D415,Filling,General Operatory,10:05,20
A8707,Patient 8707,D225,Filling,General Operatory,11:40,23
A8708,Patient 8708,D482,Checkup/Cleaning,General Operatory,11:20,34
A8709,Patient 8709,D109,Filling,General Operatory,11:50,32
A8710,Patient 8710,D609,Checkup/Cleaning,General Operatory,09:30,50
A8711,Patient 8711,D136,Root Canal,Endodontic Operatory,14:00,81
A8712,Patient 8712,D289,Checkup/Cleaning,General Operatory,13:00,36
A8713,Patient 8713,D374,Checkup/Cleaning,General Operatory,11:10,30
A8714,Patient 8714,D623,Root Canal,Endodontic Operatory,11:30,70
A8715,Patient 8715,D383,Checkup/Cleaning,General Operatory,10:10,59
A8716,Patient 8716,D575,Checkup/Cleaning,General Operatory,10:55,47
A8717,Patient 8717,D683,Extraction,General Operatory,09:35,33
A8718,Patient 8718,D482,Filling,General Operatory,12:20,49
A8719,Patient 8719,D268,Root Canal,Endodontic Operatory,10:55,77
A8720,Patient 8720,D347,Checkup/Cleaning,General Operatory,10:00,42
A8721,Patient 8721,D625,Root Canal,Endodontic Operatory,12:30,90
A8722,Patient 8722,D628,Checkup/Cleaning,General Operatory,13:05,36
A8723,Patient 8723,D247,Filling,General Operatory,11:00,28
A8724,Patient 8724,D43,Filling,General Operatory,11:20,54
A8725,Patient 8725,D186,Extraction,General Operatory,14:40,37
A8726,Patient 8726,D243,Checkup/Cleaning,General Operatory,09:10,57
A8727,Patient 8727,D87,Checkup/Cleaning,General Operatory,10:50,55
A8728,Patient 8728,D738,Checkup/Cleaning,General Operatory,12:45,40
A8729,Patient 8729,D207,Extraction,General Operatory,12:45,40
A8730,Patient 8730,D38,Checkup/Cleaning,General Operatory,10:25,48
A8731,Patient 8731,D590,X-ray/Imaging,Imaging Room,14:00,13
A8732,Patient 8732,D618,Checkup/Cleaning,General Operatory,15:20,56
A8733,Patient 8733,D345,Filling,General Operatory,09:45,48
A8734,Patient 8734,D395,Checkup/Cleaning,General Operatory,09:20,59
A8735,Patient 8735,D704,Checkup/Cleaning,General Operatory,11:25,40
A8736,Patient 8736,D412,Filling,General Operatory,09:10,57
A8737,Patient 8737,D532,Crown,General Operatory,12:25,30
A8738,Patient 8738,D723,Extraction,General Operatory,12:55,30
A8739,Patient 8739,D655,Checkup/Cleaning,General Operatory,09:40,36
A8740,Patient 8740,D731,Crown,General Operatory,10:15,55
A8741,Patient 8741,D677,Root Canal,Endodontic Operatory,13:50,74
A8742,Patient 8742,D70,Extraction,General Operatory,11:10,33
A8743,Patient 8743,D104,Filling,General Operatory,11:20,52
A8744,Patient 8744,D238,Filling,General Operatory,15:15,39
A8745,Patient 8745,D122,Checkup/Cleaning,General Operatory,11:25,47
A8746,Patient 8746,D451,X-ray/Imaging,Imaging Room,10:25,15
A8747,Patient 8747,D114,Crown,General Operatory,11:45,42
A8748,Patient 8748,D711,Checkup/Cleaning,General Operatory,10:20,56
A8749,Patient 8749,D148,Root Canal,Endodontic Operatory,10:50,78
A8750,Patient 8750,D171,Root Canal,Endodontic Operatory,12:55,84
A8751,Patient 8751,D657,Root Canal,Endodontic Operatory,11:10,76
A8752,Patient 8752,D265,Filling,General Operatory,09:45,57
A8753,Patient 8753,D415,Checkup/Cleaning,General Operatory,09:55,46
A8754,Patient 8754,D737,Extraction,General Operatory,14:35,37
A8755,Patient 8755,D377,Checkup/Cleaning,General Operatory,09:10,52
A8756,Patient 8756,D724,Root Canal,Endodontic Operatory,12:30,66
A8757,Patient 8757,D209,Checkup/Cleaning,General Operatory,10:25,40
A8758,Patient 8758,D414,X-ray/Imaging,Imaging Room,10:05,10
A8759,Patient 8759,D446,Root Canal,Endodontic Operatory,12:15,86
A8760,Patient 8760,D561,Extraction,General Operatory,12:40,23
A8761,Patient 8761,D3,Checkup/Cleaning,General Operatory,12:50,53
A8762,Patient 8762,D38,Root Canal,Endodontic Operatory,09:40,71
A8763,Patient 8763,D153,Checkup/Cleaning,General Operatory,10:45,57
A8764,Patient 8764,D745,Filling,General Operatory,13:00,22
A8765,Patient 8765,D498,Checkup/Cleaning,General Operatory,13:50,43
A8766,Patient 8766,D181,Extraction,General Operatory,10:55,36
A8767,Patient 8767,D313,Checkup/Cleaning,General Operatory,11:00,59
A8768,Patient 8768,D265,X-ray/Imaging,Imaging Room,10:35,15
A8769,Patient 8769,D614,Checkup/Cleaning,General Operatory,09:50,57
A8770,Patient 8770,D658,Crown,General Operatory,13:50,45
A8771,Patient 8771,D421,Filling,General Operatory,11:40,40
A8772,Patient 8772,D376,Filling,General Operatory,11:40,49
A8773,Patient 8773,D720,X-ray/Imaging,Imaging Room,14:10,15
A8774,Patient 8774,D683,Filling,General Operatory,09:30,24
A8775,Patient 8775,D193,X-ray/Imaging,Imaging Room,10:50,15
A8776,Patient 8776,D364,Extraction,General Operatory,09:35,38
A8777,Patient 8777,D710,Root Canal,Endodontic Operatory,11:15,74
A8778,Patient 8778,D332,Checkup/Cleaning,General Operatory,10:25,42
A8779,Patient 8779,D110,Filling,General Operatory,13:45,34
A8780,Patient 8780,D264,Checkup/Cleaning,General Operatory,09:30,59
A8781,Patient 8781,D387,X-ray/Imaging,Imaging Room,11:10,10
A8782,Patient 8782,D124,Checkup/Cleaning,General Operatory,11:40,33
A8783,Patient 8783,D507,Filling,General Operatory,12:15,29
A8784,Patient 8784,D449,Checkup/Cleaning,General Operatory,12:50,34
A8785,Patient 8785,D724,Extraction,General Operatory,11:15,34
A8786,Patient 8786,D441,Checkup/Cleaning,General Operatory,09:40,60
A8787,Patient 8787,D421,Crown,General Operatory,11:20,54
A8788,Patient 8788,D714,Filling,General Operatory,14:10,56
A8789,Patient 8789,D25,Extraction,General Operatory,11:10,26
A8790,Patient 8790,D645,Checkup/Cleaning,General Operatory,10:45,59
A8791,Patient 8791,D473,Filling,General Operatory,14:45,30
A8792,Patient 8792,D36,Checkup/Cleaning,General Operatory,11:30,41
A8793,Patient 8793,D74,Filling,General Operatory,12:50,34
A8794,Patient 8794,D327,Filling,General Operatory,10:15,46
A8795,Patient 8795,D130,Checkup/Cleaning,General Operatory,11:35,31
A8796,Patient 8796,D394,Root Canal,Endodontic Operatory,12:25,88
A8797,Patient 8797,D670,Checkup/Cleaning,General Operatory,12:55,36
A8798,Patient 8798,D22,Filling,General Operatory,10:15,26
A8799,Patient 8799,D34,Extraction,General Operatory,10:00,25
A8800,Patient 8800,D244,Checkup/Cleaning,General Operatory,13:05,52
A8801,Patient 8801,D232,Checkup/Cleaning,General Operatory,09:15,34
A8802,Patient 8802,D730,Filling,General Operatory,10:10,48
A8803,Patient 8803,D331,Checkup/Cleaning,General Operatory,12:30,30
A8804,Patient 8804,D651,Checkup/Cleaning,General Operatory,10:40,35
A8805,Patient 8805,D709,Crown,General Operatory,12:25,48
A8806,Patient 8806,D343,Checkup/Cleaning,General Operatory,13:10,35
A8807,Patient 8807,D76,Filling,General Operatory,12:55,20
A8808,Patient 8808,D70,Checkup/Cleaning,General Operatory,10:20,60
A8809,Patient 8809,D341,Filling,General Operatory,09:25,31
A8810,Patient 8810,D388,Root Canal,Endodontic Operatory,14:20,74
A8811,Patient 8811,D670,Filling,General Operatory,12:35,38
A8812,Patient 8812,D382,Checkup/Cleaning,General Operatory,11:25,33
A8813,Patient 8813,D31,Filling,General Operatory,14:05,42
A8814,Patient 8814,D510,Checkup/Cleaning,General Operatory,10:20,60
A8815,Patient 8815,D383,Checkup/Cleaning,General Operatory,11:00,42
A8816,Patient 8816,D274,Checkup/Cleaning,General Operatory,15:25,34
A8817,Patient 8817,D352,Crown,General Operatory,13:10,48
A8818,Patient 8818,D604,Filling,General Operatory,12:50,31
A8819,Patient 8819,D407,Filling,General Operatory,09:30,45
A8820,Patient 8820,D442,Checkup/Cleaning,General Operatory,13:50,42
A8821,Patient 8821,D343,Extraction,General Operatory,11:25,22
A8822,Patient 8822,D495,Root Canal,Endodontic Operatory,10:30,90
A8823,Patient 8823,D712,X-ray/Imaging,Imaging Room,15:10,10
A8824,Patient 8824,D206,Filling,General Operatory,10:20,53
A8825,Patient 8825,D343,Checkup/Cleaning,General Operatory,10:10,56
A8826,Patient 8826,D203,Checkup/Cleaning,General Operatory,10:05,57
A8827,Patient 8827,D543,Extraction,General Operatory,13:20,22
A8828,Patient 8828,D434,Extraction,General Operatory,09:30,23
A8829,Patient 8829,D427,Root Canal,Endodontic Operatory,12:25,72
A8830,Patient 8830,D79,Checkup/Cleaning,General Operatory,10:45,60
A8831,Patient 8831,D344,Checkup/Cleaning,General Operatory,09:50,55
A8832,Patient 8832,D692,Root Canal,Endodontic Operatory,15:00,88
A8833,Patient 8833,D41,Extraction,General Operatory,10:45,36
A8834,Patient 8834,D110,Checkup/Cleaning,General Operatory,10:55,52
A8835,Patient 8835,D597,Extraction,General Operatory,14:25,22
A8836,Patient 8836,D549,Checkup/Cleaning,General Operatory,11:35,54
A8837,Patient 8837,D616,Crown,General Operatory,10:00,51
A8838,Patient 8838,D459,Root Canal,Endodontic Operatory,11:30,90
A8839,Patient 8839,D683,Root Canal,Endodontic Operatory,10:10,87
A8840,Patient 8840,D140,Crown,General Operatory,09:40,46
A8841,Patient 8841,D616,Checkup/Cleaning,General Operatory,09:40,53
A8842,Patient 8842,D19,Checkup/Cleaning,General Operatory,14:40,47
A8843,Patient 8843,D623,Crown,General Operatory,14:40,40
A8844,Patient 8844,D43,Filling,General Operatory,10:00,37
A8845,Patient 8845,D222,Checkup/Cleaning,General Operatory,09:30,56
A8846,Patient 8846,D35,Filling,General Operatory,13:50,27
A8847,Patient 8847,D348,Filling,General Operatory,10:25,34
A8848,Patient 8848,D738,Root Canal,Endodontic Operatory,15:20,73
A8849,Patient 8849,D605,Checkup/Cleaning,General Operatory,09:25,35
A8850,Patient 8850,D71,Checkup/Cleaning,General Operatory,11:45,52
A8851,Patient 8851,D311,Filling,General Operatory,12:50,28
A8852,Patient 8852,D165,Crown,General Operatory,12:35,58
A8853,Patient 8853,D459,Root Canal,Endodontic Operatory,11:05,84
A8854,Patient 8854,D518,Checkup/Cleaning,General Operatory,12:55,52
A8855,Patient 8855,D580,Filling,General Operatory,11:25,32
A8856,Patient 8856,D53,Filling,General Operatory,13:15,37
A8857,Patient 8857,D574,Root Canal,Endodontic Operatory,13:45,68
A8858,Patient 8858,D614,Checkup/Cleaning,General Operatory,09:50,35
A8859,Patient 8859,D593,Checkup/Cleaning,General Operatory,09:50,37
A8860,Patient 8860,D742,Root Canal,Endodontic Operatory,12:20,83
A8861,Patient 8861,D428,X-ray/Imaging,Imaging Room,10:05,12
A8862,Patient 8862,D430,Filling,General Operatory,11:35,51
A8863,Patient 8863,D647,Checkup/Cleaning,General Operatory,11:55,30
A8864,Patient 8864,D639,Checkup/Cleaning,General Operatory,12:30,31
A8865,Patient 8865,D514,Filling,General Operatory,11:20,45
A8866,Patient 8866,D408,Checkup/Cleaning,General Operatory,11:00,31
A8867,Patient 8867,D148,Crown,General Operatory,10:45,52
A8868,Patient 8868,D195,Root Canal,Endodontic Operatory,15:00,64
A8869,Patient 8869,D232,Checkup/Cleaning,General Operatory,10:25,34
A8870,Patient 8870,D501,Filling,General Operatory,10:15,26
A8871,Patient 8871,D102,Crown,General Operatory,11:35,51
A8872,Patient 8872,D373,Root Canal,Endodontic Operatory,14:55,89
A8873,Patient 8873,D502,Checkup/Cleaning,General Operatory,12:20,47
A8874,Patient 8874,D517,Extraction,General Operatory,15:50,30
A8875,Patient 8875,D205,Filling,General Operatory,10:20,39
A8876,Patient 8876,D225,Filling,General Operatory,11:10,60
A8877,Patient 8877,D145,Extraction,General Operatory,13:15,35
A8878,Patient 8878,D362,Filling,General Operatory,10:20,52
A8879,Patient 8879,D177,Checkup/Cleaning,General Operatory,10:10,49
A8880,Patient 8880,D391,Extraction,General Operatory,10:35,25
A8881,Patient 8881,D425,Root Canal,Endodontic Operatory,11:25,90
A8882,Patient 8882,D705,Checkup/Cleaning,General Operatory,12:50,37
A8883,Patient 8883,D242,Checkup/Cleaning,General Operatory,11:35,35
A8884,Patient 8884,D237,Crown,General Operatory,13:00,33
A8885,Patient 8885,D628,Extraction,General Operatory,11:55,31
A8886,Patient 8886,D482,Root Canal,Endodontic Operatory,13:20,86
A8887,Patient 8887,D165,Crown,General Operatory,15:05,55
A8888,Patient 8888,D527,Checkup/Cleaning,General Operatory,11:40,57
A8889,Patient 8889,D83,Extraction,General Operatory,12:30,20
A8890,Patient 8890,D578,Checkup/Cleaning,General Operatory,10:50,57
A8891,Patient 8891,D396,Extraction,General Operatory,11:30,38
A8892,Patient 8892,D466,Checkup/Cleaning,General Operatory,10:40,41
A8893,Patient 8893,D285,Checkup/Cleaning,General Operatory,14:15,58
A8894,Patient 8894,D714,Checkup/Cleaning,General Operatory,11:00,32
A8895,Patient 8895,D191,Crown,General Operatory,10:30,53
A8896,Patient 8896,D542,Filling,General Operatory,10:25,47
A8897,Patient 8897,D653,Checkup/Cleaning,General Operatory,12:50,43
A8898,Patient 8898,D499,X-ray/Imaging,Imaging Room,11:55,12
A8899,Patient 8899,D662,Extraction,General Operatory,10:45,21
A8900,Patient 8900,D82,Extraction,General Operatory,12:20,21
A8901,Patient 8901,D565,Checkup/Cleaning,General Operatory,09:40,38
A8902,Patient 8902,D572,Checkup/Cleaning,General Operatory,15:20,30
A8903,Patient 8903,D658,Filling,General Operatory,14:05,50
A8904,Patient 8904,D636,Root Canal,Endodontic Operatory,09:50,80
A8905,Patient 8905,D290,Checkup/Cleaning,General Operatory,10:25,40
A8906,Patient 8906,D232,Crown,General Operatory,09:25,34
A8907,Patient 8907,D132,Filling,General Operatory,10:15,51
A8908,Patient 8908,D186,Filling,General Operatory,11:45,36
A8909,Patient 8909,D691,Checkup/Cleaning,General Operatory,11:20,35
A8910,Patient 8910,D539,Crown,General Operatory,10:50,35
A8911,Patient 8911,D289,Filling,General Operatory,10:00,47
A8912,Patient 8912,D729,Filling,General Operatory,09:45,53
A8913,Patient 8913,D406,Extraction,General Operatory,12:50,37
A8914,Patient 8914,D518,Crown,General Operatory,14:15,35
A8915,Patient 8915,D684,Checkup/Cleaning,General Operatory,13:20,40
A8916,Patient 8916,D709,Crown,General Operatory,13:50,54
A8917,Patient 8917,D378,Extraction,General Operatory,12:40,39
A8918,Patient 8918,D487,Checkup/Cleaning,General Operatory,12:55,42
A8919,Patient 8919,D699,Filling,General Operatory,12:25,53
A8920,Patient 8920,D134,Extraction,General Operatory,11:10,21
A8921,Patient 8921,D318,Filling,General Operatory,13:10,46
A8922,Patient 8922,D607,X-ray/Imaging,Imaging Room,11:10,13
A8923,Patient 8923,D661,Filling,General Operatory,11:15,24
A8924,Patient 8924,D530,Root Canal,Endodontic Operatory,12:55,66
A8925,Patient 8925,D81,Crown,General Operatory,12:50,57
A8926,Patient 8926,D634,Extraction,General Operatory,10:25,40
A8927,Patient 8927,D139,Extraction,General Operatory,10:25,22
A8928,Patient 8928,D344,Extraction,General Operatory,10:30,25
A8929,Patient 8929,D341,X-ray/Imaging,Imaging Room,09:55,10
A8930,Patient 8930,D288,Filling,General Operatory,12:45,51
A8931,Patient 8931,D433,Checkup/Cleaning,General Operatory,09:40,51
A8932,Patient 8932,D598,Filling,General Operatory,10:25,42
A8933,Patient 8933,D638,Crown,General Operatory,10:20,51
A8934,Patient 8934,D88,Extraction,General Operatory,11:10,37
A8935,Patient 8935,D158,Root Canal,Endodontic Operatory,09:05,85
A8936,Patient 8936,D46,Filling,General Operatory,09:50,27
A8937,Patient 8937,D100,Extraction,General Operatory,14:15,25
A8938,Patient 8938,D684,Filling,General Operatory,11:30,23
A8939,Patient 8939,D328,Checkup/Cleaning,General Operatory,10:25,45
A8940,Patient 8940,D349,Checkup/Cleaning,General Operatory,12:35,57
A8941,Patient 8941,D579,Extraction,General Operatory,09:50,34
A8942,Patient 8942,D715,Root Canal,Endodontic Operatory,09:35,85
A8943,Patient 8943,D9,Checkup/Cleaning,General Operatory,10:55,38
A8944,Patient 8944,D528,Extraction,General Operatory,11:30,25
A8945,Patient 8945,D675,Checkup/Cleaning,General Operatory,13:50,57
A8946,Patient 8946,D738,Extraction,General Operatory,12:40,32
A8947,Patient 8947,D721,Extraction,General Operatory,11:45,39
A8948,Patient 8948,D204,Crown,General Operatory,11:15,60
A8949,Patient 8949,D468,Checkup/Cleaning,General Operatory,11:05,44
A8950,Patient 8950,D66,Checkup/Cleaning,General Operatory,14:30,36
A8951,Patient 8951,D211,Root Canal,Endodontic Operatory,11:20,67
A8952,Patient 8952,D443,Filling,General Operatory,14:05,48
A8953,Patient 8953,D510,Filling,General Operatory,12:50,36
A8954,Patient 8954,D398,Root Canal,Endodontic Operatory,12:30,84
A8955,Patient 8955,D494,Checkup/Cleaning,General Operatory,13:50,36
A8956,Patient 8956,D10,Checkup/Cleaning,General Operatory,13:05,50
A8957,Patient 8957,D614,Checkup/Cleaning,General Operatory,10:25,30
A8958,Patient 8958,D77,Extraction,General Operatory,11:20,40
A8959,Patient 8959,D31,X-ray/Imaging,Imaging Room,11:25,13
A8960,Patient 8960,D611,Checkup/Cleaning,General Operatory,10:10,56
A8961,Patient 8961,D403,Crown,General Operatory,14:10,43
A8962,Patient 8962,D685,Checkup/Cleaning,General Operatory,15:20,34
A8963,Patient 8963,D471,Checkup/Cleaning,General Operatory,11:00,59
A8964,Patient 8964,D236,Filling,General Operatory,12:55,47
A8965,Patient 8965,D52,Checkup/Cleaning,General Operatory,15:20,41
A8966,Patient 8966,D397,Crown,General Operatory,10:45,57
A8967,Patient 8967,D733,Checkup/Cleaning,General Operatory,11:45,41
A8968,Patient 8968,D457,Extraction,General Operatory,11:30,32
A8969,Patient 8969,D328,Extraction,General Operatory,10:35,35
A8970,Patient 8970,D57,Extraction,General Operatory,13:05,25
A8971,Patient 8971,D669,Filling,General Operatory,11:25,49
A8972,Patient 8972,D275,Crown,General Operatory,13:45,43
A8973,Patient 8973,D188,Extraction,General Operatory,13:00,22
A8974,Patient 8974,D715,Extraction,General Operatory,09:35,39
A8975,Patient 8975,D687,Crown,General Operatory,14:50,33
A8976,Patient 8976,D405,Checkup/Cleaning,General Operatory,11:30,60
A8977,Patient 8977,D404,Extraction,General Operatory,11:25,28
A8978,Patient 8978,D40,Filling,General Operatory,14:30,24
A8979,Patient 8979,D345,Filling,General Operatory,09:10,45
A8980,Patient 8980,D64,Extraction,General Operatory,12:25,26
A8981,Patient 8981,D729,Crown,General Operatory,09:30,55
A8982,Patient 8982,D696,Checkup/Cleaning,General Operatory,10:15,38
A8983,Patient 8983,D523,Filling,General Operatory,15:40,23
A8984,Patient 8984,D514,Checkup/Cleaning,General Operatory,13:05,36
A8985,Patient 8985,D201,Crown,General Operatory,13:05,52
A8986,Patient 8986,D647,X-ray/Imaging,Imaging Room,10:25,15
A8987,Patient 8987,D426,Filling,General Operatory,12:55,30
A8988,Patient 8988,D168,Root Canal,Endodontic Operatory,11:35,79
A8989,Patient 8989,D558,Filling,General Operatory,09:50,49
A8990,Patient 8990,D343,Filling,General Operatory,13:10,53
A8991,Patient 8991,D732,Root Canal,Endodontic Operatory,10:50,75
A8992,Patient 8992,D711,Filling,General Operatory,11:45,58
A8993,Patient 8993,D616,Crown,General Operatory,10:25,40
A8994,Patient 8994,D188,X-ray/Imaging,Imaging Room,10:55,13
A8995,Patient 8995,D673,Checkup/Cleaning,General Operatory,09:50,37
A8996,Patient 8996,D218,X-ray/Imaging,Imaging Room,11:20,13
A8997,Patient 8997,D200,Filling,General Operatory,11:15,36
A8998,Patient 8998,D161,Checkup/Cleaning,General Operatory,11:40,43
A8999,Patient 8999,D549,Checkup/Cleaning,General Operatory,10:20,41
A9000,Patient 9000,D86,Extraction,General Operatory,11:20,39
A9001,Patient 9001,D273,Checkup/Cleaning,General Operatory,10:45,50
A9002,Patient 9002,D65,Extraction,General Operatory,11:40,31
A9003,Patient 9003,D88,Filling,General Operatory,10:25,43
A9004,Patient 9004,D615,Checkup/Cleaning,General Operatory,10:55,37
A9005,Patient 9005,D371,Crown,General Operatory,10:45,52
A9006,Patient 9006,D570,Filling,General Operatory,15:50,21
A9007,Patient 9007,D200,Checkup/Cleaning,General Operatory,09:55,51
A9008,Patient 9008,D561,Root Canal,Endodontic Operatory,11:15,82
A9009,Patient 9009,D229,Root Canal,Endodontic Operatory,09:40,71
A9010,Patient 9010,D450,Filling,General Operatory,10:05,51
A9011,Patient 9011,D744,Crown,General Operatory,14:45,41
A9012,Patient 9012,D665,Filling,General Operatory,11:10,51
A9013,Patient 9013,D539,Extraction,General Operatory,12:40,35
A9014,Patient 9014,D284,Extraction,General Operatory,10:15,30
A9015,Patient 9015,D701,Checkup/Cleaning,General Operatory,09:50,46
A9016,Patient 9016,D11,Crown,General Operatory,10:55,33
A9017,Patient 9017,D744,Extraction,General Operatory,12:45,36
A9018,Patient 9018,D553,Filling,General Operatory,10:45,45
A9019,Patient 9019,D360,Root Canal,Endodontic Operatory,12:40,83
A9020,Patient 9020,D556,Checkup/Cleaning,General Operatory,10:25,30
A9021,Patient 9021,D11,Checkup/Cleaning,General Operatory,11:00,47
A9022,Patient 9022,D697,Root Canal,Endodontic Operatory,12:55,75
A9023,Patient 9023,D267,Checkup/Cleaning,General Operatory,10:20,43
A9024,Patient 9024,D218,Filling,General Operatory,10:10,55
A9025,Patient 9025,D199,Root Canal,Endodontic Operatory,13:35,85
A9026,Patient 9026,D398,Root Canal,Endodontic Operatory,10:55,67
A9027,Patient 9027,D308,Root Canal,Endodontic Operatory,11:40,74
A9028,Patient 9028,D419,X-ray/Imaging,Imaging Room,12:00,11
A9029,Patient 9029,D152,Checkup/Cleaning,General Operatory,14:00,57
A9030,Patient 9030,D175,Filling,General Operatory,09:30,59
A9031,Patient 9031,D1,Checkup/Cleaning,General Operatory,10:00,45
A9032,Patient 9032,D563,Crown,General Operatory,09:25,45
A9033,Patient 9033,D321,Checkup/Cleaning,General Operatory,10:50,60
A9034,Patient 9034,D615,Checkup/Cleaning,General Operatory,10:30,40
A9035,Patient 9035,D259,Filling,General Operatory,11:25,46
A9036,Patient 9036,D490,Crown,General Operatory,13:05,50
A9037,Patient 9037,D168,Filling,General Operatory,11:50,37
A9038,Patient 9038,D499,Filling,General Operatory,11:10,46
A9039,Patient 9039,D586,Filling,General Operatory,10:35,40
A9040,Patient 9040,D622,Filling,General Operatory,15:25,48
A9041,Patient 9041,D497,X-ray/Imaging,Imaging Room,11:50,11
A9042,Patient 9042,D374,Checkup/Cleaning,General Operatory,14:10,44
A9043,Patient 9043,D540,Filling,General Operatory,15:25,48
A9044,Patient 9044,D519,Extraction,General Operatory,14:10,31
A9045,Patient 9045,D464,Checkup/Cleaning,General Operatory,15:55,33
A9046,Patient 9046,D627,Filling,General Operatory,11:55,36
A9047,Patient 9047,D400,Checkup/Cleaning,General Operatory,11:20,43
A9048,Patient 9048,D328,Checkup/Cleaning,General Operatory,10:20,45
A9049,Patient 9049,D489,Filling,General Operatory,12:55,35
A9050,Patient 9050,D162,Checkup/Cleaning,General Operatory,13:00,37
A9051,Patient 9051,D528,Filling,General Operatory,11:15,43
A9052,Patient 9052,D636,Checkup/Cleaning,General Operatory,14:40,47
A9053,Patient 9053,D532,Filling,General Operatory,12:50,43
A9054,Patient 9054,D685,Filling,General Operatory,10:55,34
A9055,Patient 9055,D609,Checkup/Cleaning,General Operatory,09:10,54
A9056,Patient 9056,D332,Filling,General Operatory,11:35,40
A9057,Patient 9057,D117,Filling,General Operatory,12:45,44
A9058,Patient 9058,D374,Checkup/Cleaning,General Operatory,14:20,40
A9059,Patient 9059,D69,Filling,General Operatory,11:25,37
A9060,Patient 9060,D298,Filling,General Operatory,10:50,50
A9061,Patient 9061,D193,Extraction,General Operatory,09:35,27
A9062,Patient 9062,D345,Checkup/Cleaning,General Operatory,11:20,41
A9063,Patient 9063,D731,Filling,General Operatory,11:45,50
A9064,Patient 9064,D687,Filling,General Operatory,11:20,56
A9065,Patient 9065,D516,Checkup/Cleaning,General Operatory,11:20,52
A9066,Patient 9066,D414,Crown,General Operatory,10:20,46
A9067,Patient 9067,D501,Root Canal,Endodontic Operatory,12:55,70
A9068,Patient 9068,D517,Extraction,General Operatory,11:15,37
A9069,Patient 9069,D195,Filling,General Operatory,10:45,47
A9070,Patient 9070,D603,Crown,General Operatory,11:20,44
A9071,Patient 9071,D657,Root Canal,Endodontic Operatory,10:05,83
A9072,Patient 9072,D395,Filling,General Operatory,10:20,56
A9073,Patient 9073,D511,Filling,General Operatory,11:15,40
A9074,Patient 9074,D57,Extraction,General Operatory,11:40,29
A9075,Patient 9075,D678,Checkup/Cleaning,General Operatory,10:20,52
A9076,Patient 9076,D410,Checkup/Cleaning,General Operatory,10:25,49
A9077,Patient 9077,D703,Checkup/Cleaning,General Operatory,11:45,59
A9078,Patient 9078,D237,Extraction,General Operatory,11:40,24
A9079,Patient 9079,D152,Filling,General Operatory,12:35,30
A9080,Patient 9080,D396,Checkup/Cleaning,General Operatory,13:00,40
A9081,Patient 9081,D687,Checkup/Cleaning,General Operatory,11:45,41
A9082,Patient 9082,D124,Checkup/Cleaning,General Operatory,11:25,44
A9083,Patient 9083,D599,Filling,General Operatory,09:25,48
A9084,Patient 9084,D653,Checkup/Cleaning,General Operatory,14:25,32
A9085,Patient 9085,D567,Filling,General Operatory,11:10,22
A9086,Patient 9086,D312,Checkup/Cleaning,General Operatory,14:00,40
A9087,Patient 9087,D206,Extraction,General Operatory,10:10,20
A9088,Patient 9088,D402,Checkup/Cleaning,General Operatory,11:20,50
A9089,Patient 9089,D448,Filling,General Operatory,09:45,59
A9090,Patient 9090,D465,Extraction,General Operatory,10:00,20
A9091,Patient 9091,D195,Crown,General Operatory,14:05,43
A9092,Patient 9092,D460,Checkup/Cleaning,General Operatory,09:40,54
A9093,Patient 9093,D110,Checkup/Cleaning,General Operatory,11:20,47
A9094,Patient 9094,D461,Root Canal,Endodontic Operatory,10:10,86
A9095,Patient 9095,D534,Crown,General Operatory,11:50,37
A9096,Patient 9096,D571,Root Canal,Endodontic Operatory,10:15,63
A9097,Patient 9097,D175,Checkup/Cleaning,General Operatory,09:55,37
A9098,Patient 9098,D491,Checkup/Cleaning,General Operatory,11:20,57
A9099,Patient 9099,D580,Checkup/Cleaning,General Operatory,12:55,60
A9100,Patient 9100,D544,Checkup/Cleaning,General Operatory,13:55,43
A9101,Patient 9101,D700,Crown,General Operatory,11:40,36
A9102,Patient 9102,D529,Crown,General Operatory,12:20,43
A9103,Patient 9103,D204,Filling,General Operatory,11:35,47
A9104,Patient 9104,D48,Crown,General Operatory,11:35,45
A9105,Patient 9105,D359,Filling,General Operatory,15:20,48
A9106,Patient 9106,D335,Checkup/Cleaning,General Operatory,10:05,55
A9107,Patient 9107,D655,Extraction,General Operatory,10:00,34
A9108,Patient 9108,D363,X-ray/Imaging,Imaging Room,09:25,12
A9109,Patient 9109,D337,Extraction,General Operatory,11:10,37
A9110,Patient 9110,D515,Filling,General Operatory,14:25,21
A9111,Patient 9111,D328,Root Canal,Endodontic Operatory,09:45,76
A9112,Patient 9112,D217,Checkup/Cleaning,General Operatory,10:10,46
A9113,Patient 9113,D484,Extraction,General Operatory,10:40,21
A9114,Patient 9114,D157,Checkup/Cleaning,General Operatory,11:05,33
A9115,Patient 9115,D88,Filling,General Operatory,10:45,49
A9116,Patient 9116,D594,Checkup/Cleaning,General Operatory,12:15,42
A9117,Patient 9117,D536,Extraction,General Operatory,15:20,33
A9118,Patient 9118,D89,Checkup/Cleaning,General Operatory,10:55,41
A9119,Patient 9119,D448,Checkup/Cleaning,General Operatory,09:45,50
A9120,Patient 9120,D722,Checkup/Cleaning,General Operatory,13:55,51
A9121,Patient 9121,D47,Checkup/Cleaning,General Operatory,15:15,57
A9122,Patient 9122,D344,Filling,General Operatory,13:25,22
A9123,Patient 9123,D602,Checkup/Cleaning,General Operatory,12:10,50
A9124,Patient 9124,D416,Crown,General Operatory,13:40,48
A9125,Patient 9125,D667,Filling,General Operatory,11:15,58
A9126,Patient 9126,D639,Checkup/Cleaning,General Operatory,14:00,43
A9127,Patient 9127,D713,Crown,General Operatory,15:35,50
A9128,Patient 9128,D42,Crown,General Operatory,14:35,37
A9129,Patient 9129,D217,Filling,General Operatory,10:20,45
A9130,Patient 9130,D144,Crown,General Operatory,11:35,39
A9131,Patient 9131,D523,Crown,General Operatory,12:20,33
A9132,Patient 9132,D537,Extraction,General Operatory,12:20,27
A9133,Patient 9133,D304,Crown,General Operatory,10:00,51
A9134,Patient 9134,D279,Extraction,General Operatory,10:55,39
A9135,Patient 9135,D412,Extraction,General Operatory,09:10,39
A9136,Patient 9136,D748,Checkup/Cleaning,General Operatory,09:45,41
A9137,Patient 9137,D728,Filling,General Operatory,11:05,37
A9138,Patient 9138,D557,Root Canal,Endodontic Operatory,10:20,73
A9139,Patient 9139,D170,Root Canal,Endodontic Operatory,12:05,63
A9140,Patient 9140,D704,Filling,General Operatory,13:15,27
A9141,Patient 9141,D53,Filling,General Operatory,11:20,52
A9142,Patient 9142,D76,Filling,General Operatory,14:25,20
A9143,Patient 9143,D119,Crown,General Operatory,11:05,43
A9144,Patient 9144,D106,Checkup/Cleaning,General Operatory,11:25,30
A9145,Patient 9145,D559,Checkup/Cleaning,General Operatory,09:55,49
A9146,Patient 9146,D563,Checkup/Cleaning,General Operatory,09:35,31
A9147,Patient 9147,D259,Checkup/Cleaning,General Operatory,12:30,59
A9148,Patient 9148,D158,Filling,General Operatory,09:20,34
A9149,Patient 9149,D358,Checkup/Cleaning,General Operatory,10:15,33
A9150,Patient 9150,D413,Filling,General Operatory,11:20,48
A9151,Patient 9151,D166,Root Canal,Endodontic Operatory,10:25,90
A9152,Patient 9152,D511,Root Canal,Endodontic Operatory,12:40,80
A9153,Patient 9153,D501,Checkup/Cleaning,General Operatory,12:50,31
A9154,Patient 9154,D647,Filling,General Operatory,13:05,52
A9155,Patient 9155,D123,Filling,General Operatory,14:00,34
A9156,Patient 9156,D92,Root Canal,Endodontic Operatory,09:40,84
A9157,Patient 9157,D435,Checkup/Cleaning,General Operatory,11:10,38
A9158,Patient 9158,D85,Checkup/Cleaning,General Operatory,11:10,59
A9159,Patient 9159,D459,Checkup/Cleaning,General Operatory,11:15,43
A9160,Patient 9160,D272,Checkup/Cleaning,General Operatory,11:25,33
A9161,Patient 9161,D441,Checkup/Cleaning,General Operatory,10:15,60
A9162,Patient 9162,D649,Checkup/Cleaning,General Operatory,14:20,58
A9163,Patient 9163,D611,Checkup/Cleaning,General Operatory,09:55,41
A9164,Patient 9164,D676,Extraction,General Operatory,15:20,38
A9165,Patient 9165,D225,Crown,General Operatory,10:20,56
A9166,Patient 9166,D46,Checkup/Cleaning,General Operatory,11:40,46
A9167,Patient 9167,D139,Checkup/Cleaning,General Operatory,14:50,36
A9168,Patient 9168,D197,Filling,General Operatory,11:25,58
A9169,Patient 9169,D169,Checkup/Cleaning,General Operatory,15:45,35
A9170,Patient 9170,D687,Filling,General Operatory,11:15,51
A9171,Patient 9171,D319,Filling,General Operatory,10:55,37
A9172,Patient 9172,D446,Extraction,General Operatory,12:30,26
A9173,Patient 9173,D290,Checkup/Cleaning,General Operatory,11:35,41
A9174,Patient 9174,D89,Filling,General Operatory,11:45,29
A9175,Patient 9175,D738,Checkup/Cleaning,General Operatory,11:20,32
A9176,Patient 9176,D262,Crown,General Operatory,12:55,57
A9177,Patient 9177,D353,Checkup/Cleaning,General Operatory,13:10,30
A9178,Patient 9178,D280,Crown,General Operatory,12:55,57
A9179,Patient 9179,D145,Crown,General Operatory,10:10,40
A9180,Patient 9180,D412,Crown,General Operatory,10:30,46
A9181,Patient 9181,D523,Crown,General Operatory,13:45,50
A9182,Patient 9182,D714,Checkup/Cleaning,General Operatory,12:20,35
A9183,Patient 9183,D155,Filling,General Operatory,12:20,33
A9184,Patient 9184,D709,Extraction,General Operatory,11:15,39
A9185,Patient 9185,D543,Crown,General Operatory,14:15,53
A9186,Patient 9186,D156,Filling,General Operatory,10:10,30
A9187,Patient 9187,D250,Checkup/Cleaning,General Operatory,10:15,43
A9188,Patient 9188,D458,Crown,General Operatory,11:30,43
A9189,Patient 9189,D445,Crown,General Operatory,13:15,40
A9190,Patient 9190,D127,Filling,General Operatory,14:35,38
A9191,Patient 9191,D551,X-ray/Imaging,Imaging Room,13:25,15
A9192,Patient 9192,D302,Filling,General Operatory,14:05,29
A9193,Patient 9193,D275,Extraction,General Operatory,15:25,26
A9194,Patient 9194,D207,Filling,General Operatory,14:10,42
A9195,Patient 9195,D161,X-ray/Imaging,Imaging Room,11:55,15
A9196,Patient 9196,D419,Filling,General Operatory,10:05,58
A9197,Patient 9197,D236,Filling,General Operatory,11:45,47
A9198,Patient 9198,D215,Root Canal,Endodontic Operatory,09:45,61
A9199,Patient 9199,D407,Checkup/Cleaning,General Operatory,10:35,52
A9200,Patient 9200,D110,Filling,General Operatory,11:05,58
A9201,Patient 9201,D250,Checkup/Cleaning,General Operatory,10:20,59
A9202,Patient 9202,D697,Filling,General Operatory,09:55,32
A9203,Patient 9203,D670,Checkup/Cleaning,General Operatory,13:40,51
A9204,Patient 9204,D525,Checkup/Cleaning,General Operatory,10:05,42
A9205,Patient 9205,D554,Root Canal,Endodontic Operatory,09:35,65
A9206,Patient 9206,D139,Filling,General Operatory,14:55,27
A9207,Patient 9207,D228,Filling,General Operatory,10:40,59
A9208,Patient 9208,D199,Checkup/Cleaning,General Operatory,12:30,41
A9209,Patient 9209,D577,Filling,General Operatory,10:25,26
A9210,Patient 9210,D252,Checkup/Cleaning,General Operatory,14:35,32
A9211,Patient 9211,D594,Root Canal,Endodontic Operatory,13:55,60
A9212,Patient 9212,D437,Checkup/Cleaning,General Operatory,15:20,43
A9213,Patient 9213,D242,Extraction,General Operatory,10:05,31
A9214,Patient 9214,D407,Checkup/Cleaning,General Operatory,10:05,34
A9215,Patient 9215,D147,Checkup/Cleaning,General Operatory,11:40,60
A9216,Patient 9216,D655,Extraction,General Operatory,10:00,24
A9217,Patient 9217,D654,Root Canal,Endodontic Operatory,10:05,82
A9218,Patient 9218,D657,Checkup/Cleaning,General Operatory,14:15,55
A9219,Patient 9219,D346,Checkup/Cleaning,General Operatory,10:50,43
A9220,Patient 9220,D62,Filling,General Operatory,09:30,22
A9221,Patient 9221,D492,Root Canal,Endodontic Operatory,10:35,88
A9222,Patient 9222,D668,Checkup/Cleaning,General Operatory,11:10,34
A9223,Patient 9223,D537,Checkup/Cleaning,General Operatory,14:05,48
A9224,Patient 9224,D658,Filling,General Operatory,14:05,47
A9225,Patient 9225,D429,Crown,General Operatory,13:00,31
A9226,Patient 9226,D429,Filling,General Operatory,12:50,45
A9227,Patient 9227,D117,Checkup/Cleaning,General Operatory,11:15,44
A9228,Patient 9228,D201,Checkup/Cleaning,General Operatory,11:15,51
A9229,Patient 9229,D288,Root Canal,Endodontic Operatory,10:50,78
A9230,Patient 9230,D634,Checkup/Cleaning,General Operatory,09:10,58
A9231,Patient 9231,D54,Checkup/Cleaning,General Operatory,10:45,55
A9232,Patient 9232,D182,Filling,General Operatory,12:20,22
A9233,Patient 9233,D648,Checkup/Cleaning,General Operatory,12:40,50
A9234,Patient 9234,D293,Filling,General Operatory,11:00,40
A9235,Patient 9235,D639,Filling,General Operatory,15:30,54
A9236,Patient 9236,D631,Checkup/Cleaning,General Operatory,10:15,37
A9237,Patient 9237,D234,Filling,General Operatory,09:55,41
A9238,Patient 9238,D611,Root Canal,Endodontic Operatory,09:15,66
A9239,Patient 9239,D589,Filling,General Operatory,11:35,31
A9240,Patient 9240,D263,Checkup/Cleaning,General Operatory,10:45,39
A9241,Patient 9241,D564,Extraction,General Operatory,12:40,29
A9242,Patient 9242,D299,Checkup/Cleaning,General Operatory,14:20,32
A9243,Patient 9243,D412,Root Canal,Endodontic Operatory,10:30,71
A9244,Patient 9244,D466,Filling,General Operatory,10:35,23
A9245,Patient 9245,D588,Checkup/Cleaning,General Operatory,11:40,38
A9246,Patient 9246,D222,Filling,General Operatory,11:30,58
A9247,Patient 9247,D248,Filling,General Operatory,10:30,42
A9248,Patient 9248,D666,Filling,General Operatory,12:40,21
A9249,Patient 9249,D558,Checkup/Cleaning,General Operatory,09:50,45
A9250,Patient 9250,D14,Crown,General Operatory,13:10,45
A9251,Patient 9251,D33,Extraction,General Operatory,14:05,21
A9252,Patient 9252,D119,Filling,General Operatory,09:50,29
A9253,Patient 9253,D80,Root Canal,Endodontic Operatory,12:35,84
A9254,Patient 9254,D724,Filling,General Operatory,11:00,38
A9255,Patient 9255,D243,Checkup/Cleaning,General Operatory,10:10,54
A9256,Patient 9256,D595,Filling,General Operatory,10:50,21
A9257,Patient 9257,D86,Checkup/Cleaning,General Operatory,11:25,30
A9258,Patient 9258,D694,Checkup/Cleaning,General Operatory,09:25,59
A9259,Patient 9259,D191,Checkup/Cleaning,General Operatory,09:55,59
A9260,Patient 9260,D179,Root Canal,Endodontic Operatory,09:40,72
A9261,Patient 9261,D213,Checkup/Cleaning,General Operatory,13:55,42
A9262,Patient 9262,D134,Root Canal,Endodontic Operatory,15:00,72
A9263,Patient 9263,D237,Checkup/Cleaning,General Operatory,11:20,33
A9264,Patient 9264,D563,X-ray/Imaging,Imaging Room,09:15,11
A9265,Patient 9265,D66,Filling,General Operatory,10:20,48
A9266,Patient 9266,D597,Checkup/Cleaning,General Operatory,13:55,44
A9267,Patient 9267,D48,Checkup/Cleaning,General Operatory,13:25,33
A9268,Patient 9268,D587,Filling,General Operatory,10:20,55
A9269,Patient 9269,D727,Checkup/Cleaning,General Operatory,11:20,56
A9270,Patient 9270,D423,Root Canal,Endodontic Operatory,10:50,85
A9271,Patient 9271,D653,Filling,General Operatory,11:10,46
A9272,Patient 9272,D613,Filling,General Operatory,15:30,50
A9273,Patient 9273,D245,Filling,General Operatory,10:00,36
A9274,Patient 9274,D668,Crown,General Operatory,10:45,34
A9275,Patient 9275,D540,Root Canal,Endodontic Operatory,12:10,72
A9276,Patient 9276,D56,Filling,General Operatory,10:55,40
A9277,Patient 9277,D23,Checkup/Cleaning,General Operatory,09:20,48
A9278,Patient 9278,D376,Crown,General Operatory,10:05,44
A9279,Patient 9279,D84,Extraction,General Operatory,10:10,38
A9280,Patient 9280,D483,Checkup/Cleaning,General Operatory,09:20,40
A9281,Patient 9281,D132,Extraction,General Operatory,11:00,39
A9282,Patient 9282,D711,Root Canal,Endodontic Operatory,11:10,84
A9283,Patient 9283,D404,X-ray/Imaging,Imaging Room,14:25,12
A9284,Patient 9284,D536,Extraction,General Operatory,13:50,36
A9285,Patient 9285,D411,Root Canal,Endodontic Operatory,10:55,77
A9286,Patient 9286,D102,Filling,General Operatory,10:00,26
A9287,Patient 9287,D96,Checkup/Cleaning,General Operatory,13:00,35
A9288,Patient 9288,D119,Checkup/Cleaning,General Operatory,11:35,52
A9289,Patient 9289,D320,X-ray/Imaging,Imaging Room,11:50,12
A9290,Patient 9290,D223,Checkup/Cleaning,General Operatory,09:35,51
A9291,Patient 9291,D77,Crown,General Operatory,15:20,45
A9292,Patient 9292,D95,Filling,General Operatory,11:05,20
A9293,Patient 9293,D412,Filling,General Operatory,09:55,39
A9294,Patient 9294,D556,Filling,General Operatory,09:30,20
A9295,Patient 9295,D8,Crown,General Operatory,14:05,50
A9296,Patient 9296,D505,Filling,General Operatory,11:20,25
A9297,Patient 9297,D397,Checkup/Cleaning,General Operatory,09:15,50
A9298,Patient 9298,D107,Extraction,General Operatory,10:20,34
A9299,Patient 9299,D227,Crown,General Operatory,14:15,51
A9300,Patient 9300,D666,Checkup/Cleaning,General Operatory,11:00,35
A9301,Patient 9301,D326,Filling,General Operatory,10:15,44
A9302,Patient 9302,D266,Checkup/Cleaning,General Operatory,13:50,32
A9303,Patient 9303,D682,Root Canal,Endodontic Operatory,13:40,80
A9304,Patient 9304,D298,Crown,General Operatory,12:10,54
A9305,Patient 9305,D727,Crown,General Operatory,10:35,44
A9306,Patient 9306,D298,Checkup/Cleaning,General Operatory,15:25,43
A9307,Patient 9307,D211,Checkup/Cleaning,General Operatory,10:05,52
A9308,Patient 9308,D677,Extraction,General Operatory,15:30,22
A9309,Patient 9309,D260,Crown,General Operatory,11:30,45
A9310,Patient 9310,D675,Filling,General Operatory,11:00,47
A9311,Patient 9311,D541,Checkup/Cleaning,General Operatory,11:15,37
A9312,Patient 9312,D660,Filling,General Operatory,10:50,38
A9313,Patient 9313,D82,Filling,General Operatory,12:35,52
A9314,Patient 9314,D57,Checkup/Cleaning,General Operatory,12:55,55
A9315,Patient 9315,D101,Extraction,General Operatory,10:45,30
A9316,Patient 9316,D244,Checkup/Cleaning,General Operatory,11:35,52
A9317,Patient 9317,D327,Checkup/Cleaning,General Operatory,11:30,57
A9318,Patient 9318,D294,Filling,General Operatory,11:00,40
A9319,Patient 9319,D101,Crown,General Operatory,11:15,54
A9320,Patient 9320,D595,Root Canal,Endodontic Operatory,12:10,60
A9321,Patient 9321,D332,Extraction,General Operatory,09:55,29
A9322,Patient 9322,D708,Crown,General Operatory,10:35,45
A9323,Patient 9323,D230,Extraction,General Operatory,14:15,29
A9324,Patient 9324,D248,Extraction,General Operatory,10:30,20
A9325,Patient 9325,D613,Root Canal,Endodontic Operatory,14:00,61
A9326,Patient 9326,D549,Filling,General Operatory,10:15,40
A9327,Patient 9327,D55,Checkup/Cleaning,General Operatory,15:30,55
A9328,Patient 9328,D233,X-ray/Imaging,Imaging Room,11:10,12
A9329,Patient 9329,D650,Crown,General Operatory,13:00,38
A9330,Patient 9330,D501,Checkup/Cleaning,General Operatory,10:00,45
A9331,Patient 9331,D274,Extraction,General Operatory,14:25,31
A9332,Patient 9332,D481,Checkup/Cleaning,General Operatory,10:50,54
A9333,Patient 9333,D36,Checkup/Cleaning,General Operatory,13:05,43
A9334,Patient 9334,D160,Root Canal,Endodontic Operatory,11:00,71
A9335,Patient 9335,D79,Extraction,General Operatory,11:35,35
A9336,Patient 9336,D50,Checkup/Cleaning,General Operatory,15:55,30
A9337,Patient 9337,D220,Filling,General Operatory,12:55,25
A9338,Patient 9338,D531,Checkup/Cleaning,General Operatory,11:05,42
A9339,Patient 9339,D714,Filling,General Operatory,14:30,21
A9340,Patient 9340,D368,Checkup/Cleaning,General Operatory,12:40,30
A9341,Patient 9341,D34,Filling,General Operatory,10:35,50
A9342,Patient 9342,D515,Checkup/Cleaning,General Operatory,12:25,38
A9343,Patient 9343,D400,Filling,General Operatory,12:30,23
A9344,Patient 9344,D621,Extraction,General Operatory,10:00,25
A9345,Patient 9345,D437,Crown,General Operatory,11:25,33
A9346,Patient 9346,D355,Crown,General Operatory,11:55,31
A9347,Patient 9347,D391,Checkup/Cleaning,General Operatory,11:05,45
A9348,Patient 9348,D27,Filling,General Operatory,10:25,54
A9349,Patient 9349,D404,Filling,General Operatory,10:55,32
A9350,Patient 9350,D154,X-ray/Imaging,Imaging Room,10:35,10
A9351,Patient 9351,D341,Extraction,General Operatory,09:20,37
A9352,Patient 9352,D215,Checkup/Cleaning,General Operatory,10:10,32
A9353,Patient 9353,D400,Filling,General Operatory,12:20,28
A9354,Patient 9354,D707,Extraction,General Operatory,14:10,26
A9355,Patient 9355,D440,Checkup/Cleaning,General Operatory,13:15,35
A9356,Patient 9356,D717,Checkup/Cleaning,General Operatory,11:10,60
A9357,Patient 9357,D195,Checkup/Cleaning,General Operatory,12:45,35
A9358,Patient 9358,D194,Checkup/Cleaning,General Operatory,14:15,40
A9359,Patient 9359,D239,Extraction,General Operatory,09:55,28
A9360,Patient 9360,D693,Crown,General Operatory,10:45,53
A9361,Patient 9361,D624,Checkup/Cleaning,General Operatory,11:55,31
A9362,Patient 9362,D245,Crown,General Operatory,10:10,38
A9363,Patient 9363,D666,Filling,General Operatory,14:30,24
A9364,Patient 9364,D295,Checkup/Cleaning,General Operatory,14:35,31
A9365,Patient 9365,D581,Checkup/Cleaning,General Operatory,14:15,60
A9366,Patient 9366,D232,X-ray/Imaging,Imaging Room,11:30,15
A9367,Patient 9367,D589,Filling,General Operatory,10:15,55
A9368,Patient 9368,D623,Root Canal,Endodontic Operatory,12:30,82
A9369,Patient 9369,D405,Checkup/Cleaning,General Operatory,10:15,55
A9370,Patient 9370,D216,Filling,General Operatory,12:20,42
A9371,Patient 9371,D228,Filling,General Operatory,09:35,60
A9372,Patient 9372,D698,Root Canal,Endodontic Operatory,10:20,62
A9373,Patient 9373,D153,Checkup/Cleaning,General Operatory,10:50,40
A9374,Patient 9374,D676,Crown,General Operatory,11:00,32
A9375,Patient 9375,D52,Checkup/Cleaning,General Operatory,12:25,45
A9376,Patient 9376,D382,Crown,General Operatory,09:55,51
A9377,Patient 9377,D267,Filling,General Operatory,11:40,56
A9378,Patient 9378,D296,Extraction,General Operatory,11:00,23
A9379,Patient 9379,D143,Root Canal,Endodontic Operatory,09:55,64
A9380,Patient 9380,D175,Crown,General Operatory,10:00,47
A9381,Patient 9381,D537,Root Canal,Endodontic Operatory,13:45,88
A9382,Patient 9382,D61,Crown,General Operatory,15:35,54
A9383,Patient 9383,D312,Checkup/Cleaning,General Operatory,15:05,56
A9384,Patient 9384,D255,Filling,General Operatory,10:20,53
A9385,Patient 9385,D451,X-ray/Imaging,Imaging Room,10:40,11
A9386,Patient 9386,D174,Checkup/Cleaning,General Operatory,09:35,60
A9387,Patient 9387,D568,Checkup/Cleaning,General Operatory,12:45,42
A9388,Patient 9388,D529,Checkup/Cleaning,General Operatory,13:45,55
A9389,Patient 9389,D458,Checkup/Cleaning,General Operatory,13:00,33
A9390,Patient 9390,D77,Crown,General Operatory,13:50,56
A9391,Patient 9391,D277,Extraction,General Operatory,14:00,37
A9392,Patient 9392,D554,Checkup/Cleaning,General Operatory,10:45,44
A9393,Patient 9393,D666,Filling,General Operatory,13:50,34
A9394,Patient 9394,D99,Checkup/Cleaning,General Operatory,12:20,36
A9395,Patient 9395,D688,Checkup/Cleaning,General Operatory,10:00,38
A9396,Patient 9396,D314,Root Canal,Endodontic Operatory,12:05,70
A9397,Patient 9397,D451,Crown,General Operatory,09:05,58
A9398,Patient 9398,D329,Crown,General Operatory,10:05,59
A9399,Patient 9399,D666,Crown,General Operatory,11:00,46
A9400,Patient 9400,D271,Filling,General Operatory,12:55,26
A9401,Patient 9401,D524,Checkup/Cleaning,General Operatory,11:15,47
A9402,Patient 9402,D579,Extraction,General Operatory,10:55,27
A9403,Patient 9403,D60,Root Canal,Endodontic Operatory,10:50,64
A9404,Patient 9404,D288,Filling,General Operatory,13:40,57
A9405,Patient 9405,D349,Filling,General Operatory,10:15,42
A9406,Patient 9406,D72,X-ray/Imaging,Imaging Room,15:50,13
A9407,Patient 9407,D103,Checkup/Cleaning,General Operatory,11:10,57
A9408,Patient 9408,D222,Extraction,General Operatory,11:15,34
A9409,Patient 9409,D391,Filling,General Operatory,09:35,51
A9410,Patient 9410,D219,Root Canal,Endodontic Operatory,10:45,67
A9411,Patient 9411,D587,Root Canal,Endodontic Operatory,12:55,62
A9412,Patient 9412,D714,Checkup/Cleaning,General Operatory,14:05,33
A9413,Patient 9413,D346,Extraction,General Operatory,14:10,20
A9414,Patient 9414,D502,Checkup/Cleaning,General Operatory,15:25,33
A9415,Patient 9415,D262,Extraction,General Operatory,11:50,27
A9416,Patient 9416,D638,Checkup/Cleaning,General Operatory,09:20,44
A9417,Patient 9417,D498,Filling,General Operatory,11:15,33
A9418,Patient 9418,D100,Root Canal,Endodontic Operatory,10:45,78
A9419,Patient 9419,D15,Checkup/Cleaning,General Operatory,10:15,59
A9420,Patient 9420,D133,Checkup/Cleaning,General Operatory,11:20,34
A9421,Patient 9421,D401,Checkup/Cleaning,General Operatory,11:35,38
A9422,Patient 9422,D131,Checkup/Cleaning,General Operatory,12:40,47
A9423,Patient 9423,D250,Checkup/Cleaning,General Operatory,14:15,58
A9424,Patient 9424,D63,Root Canal,Endodontic Operatory,09:40,90
A9425,Patient 9425,D590,Extraction,General Operatory,12:35,20
A9426,Patient 9426,D394,Root Canal,Endodontic Operatory,11:35,90
A9427,Patient 9427,D651,Checkup/Cleaning,General Operatory,11:45,30
A9428,Patient 9428,D163,Crown,General Operatory,10:25,53
A9429,Patient 9429,D637,Checkup/Cleaning,General Operatory,11:40,47
A9430,Patient 9430,D24,Root Canal,Endodontic Operatory,12:45,70
A9431,Patient 9431,D12,Crown,General Operatory,09:45,47
A9432,Patient 9432,D619,Root Canal,Endodontic Operatory,14:00,85
A9433,Patient 9433,D553,Crown,General Operatory,10:35,60
A9434,Patient 9434,D285,Checkup/Cleaning,General Operatory,13:10,40
A9435,Patient 9435,D714,Extraction,General Operatory,15:50,22
A9436,Patient 9436,D270,Checkup/Cleaning,General Operatory,10:05,35
A9437,Patient 9437,D267,Checkup/Cleaning,General Operatory,12:55,60
A9438,Patient 9438,D87,X-ray/Imaging,Imaging Room,11:05,12
A9439,Patient 9439,D430,Filling,General Operatory,09:45,37
A9440,Patient 9440,D179,Checkup/Cleaning,General Operatory,10:15,53
A9441,Patient 9441,D324,Extraction,General Operatory,13:55,39
A9442,Patient 9442,D37,Crown,General Operatory,10:00,30
A9443,Patient 9443,D264,Crown,General Operatory,09:55,32
A9444,Patient 9444,D358,Extraction,General Operatory,10:10,37
A9445,Patient 9445,D646,Filling,General Operatory,10:00,56
A9446,Patient 9446,D279,X-ray/Imaging,Imaging Room,10:30,12
A9447,Patient 9447,D264,Checkup/Cleaning,General Operatory,09:15,31
A9448,Patient 9448,D301,Checkup/Cleaning,General Operatory,13:10,39
A9449,Patient 9449,D261,Root Canal,Endodontic Operatory,10:45,68
A9450,Patient 9450,D395,Filling,General Operatory,10:25,33
A9451,Patient 9451,D452,Filling,General Operatory,12:15,43
A9452,Patient 9452,D289,X-ray/Imaging,Imaging Room,13:35,14
A9453,Patient 9453,D146,Crown,General Operatory,09:55,42
A9454,Patient 9454,D324,Filling,General Operatory,11:00,23
A9455,Patient 9455,D544,Checkup/Cleaning,General Operatory,14:00,45
A9456,Patient 9456,D82,Checkup/Cleaning,General Operatory,10:55,46
A9457,Patient 9457,D684,Crown,General Operatory,14:20,55
A9458,Patient 9458,D362,Checkup/Cleaning,General Operatory,11:15,51
A9459,Patient 9459,D571,Extraction,General Operatory,10:55,31
A9460,Patient 9460,D617,Checkup/Cleaning,General Operatory,09:30,37
A9461,Patient 9461,D23,Filling,General Operatory,11:55,24
A9462,Patient 9462,D263,Checkup/Cleaning,General Operatory,10:45,43
A9463,Patient 9463,D493,Crown,General Operatory,15:30,45
A9464,Patient 9464,D194,Root Canal,Endodontic Operatory,14:40,86
A9465,Patient 9465,D641,Checkup/Cleaning,General Operatory,10:55,60
A9466,Patient 9466,D718,Checkup/Cleaning,General Operatory,10:10,48
A9467,Patient 9467,D484,Checkup/Cleaning,General Operatory,10:15,41
A9468,Patient 9468,D103,Filling,General Operatory,10:10,36
A9469,Patient 9469,D389,Filling,General Operatory,11:45,38
A9470,Patient 9470,D622,Crown,General Operatory,12:35,35
A9471,Patient 9471,D87,Crown,General Operatory,09:20,47
A9472,Patient 9472,D521,Crown,General Operatory,11:20,32
A9473,Patient 9473,D248,Crown,General Operatory,09:25,50
A9474,Patient 9474,D700,Extraction,General Operatory,11:10,35
A9475,Patient 9475,D728,Checkup/Cleaning,General Operatory,10:05,48
A9476,Patient 9476,D589,Checkup/Cleaning,General Operatory,10:05,57
A9477,Patient 9477,D543,Crown,General Operatory,11:10,48
A9478,Patient 9478,D6,Filling,General Operatory,11:35,39
A9479,Patient 9479,D558,Checkup/Cleaning,General Operatory,09:45,42
A9480,Patient 9480,D159,Extraction,General Operatory,13:20,29
A9481,Patient 9481,D507,Filling,General Operatory,15:15,50
A9482,Patient 9482,D490,Filling,General Operatory,13:00,60
A9483,Patient 9483,D429,Root Canal,Endodontic Operatory,12:45,87
A9484,Patient 9484,D211,Filling,General Operatory,11:35,22
A9485,Patient 9485,D281,Crown,General Operatory,09:45,41
A9486,Patient 9486,D103,Crown,General Operatory,09:35,44
A9487,Patient 9487,D130,Root Canal,Endodontic Operatory,09:55,78
A9488,Patient 9488,D453,Filling,General Operatory,10:15,49
A9489,Patient 9489,D711,X-ray/Imaging,Imaging Room,13:35,10
A9490,Patient 9490,D84,Filling,General Operatory,10:05,58
A9491,Patient 9491,D168,Filling,General Operatory,10:05,36
A9492,Patient 9492,D591,Extraction,General Operatory,10:55,39
A9493,Patient 9493,D460,Filling,General Operatory,09:45,57
A9494,Patient 9494,D544,Root Canal,Endodontic Operatory,15:15,73
A9495,Patient 9495,D327,Filling,General Operatory,11:05,21
A9496,Patient 9496,D669,Filling,General Operatory,11:50,33
A9497,Patient 9497,D668,Extraction,General Operatory,09:55,33
A9498,Patient 9498,D678,Checkup/Cleaning,General Operatory,14:40,38
A9499,Patient 9499,D489,X-ray/Imaging,Imaging Room,12:25,10
A9500,Patient 9500,D364,Root Canal,Endodontic Operatory,11:05,87
A9501,Patient 9501,D57,Checkup/Cleaning,General Operatory,12:40,41
A9502,Patient 9502,D714,Checkup/Cleaning,General Operatory,12:30,41
A9503,Patient 9503,D633,Checkup/Cleaning,General Operatory,15:40,50
A9504,Patient 9504,D709,Extraction,General Operatory,12:45,37
A9505,Patient 9505,D332,Checkup/Cleaning,General Operatory,12:55,42
A9506,Patient 9506,D503,Checkup/Cleaning,General Operatory,11:40,59
A9507,Patient 9507,D276,Filling,General Operatory,14:10,41
A9508,Patient 9508,D400,Crown,General Operatory,15:20,60
A9509,Patient 9509,D216,Checkup/Cleaning,General Operatory,14:00,40
A9510,Patient 9510,D189,Checkup/Cleaning,General Operatory,11:10,58
A9511,Patient 9511,D579,Crown,General Operatory,09:05,60
A9512,Patient 9512,D703,Filling,General Operatory,13:05,50
A9513,Patient 9513,D134,Filling,General Operatory,12:40,29
A9514,Patient 9514,D586,Checkup/Cleaning,General Operatory,10:55,46
A9515,Patient 9515,D62,Crown,General Operatory,10:45,47
A9516,Patient 9516,D162,Extraction,General Operatory,11:40,40
A9517,Patient 9517,D24,Checkup/Cleaning,General Operatory,11:45,59
A9518,Patient 9518,D554,Checkup/Cleaning,General Operatory,09:35,50
A9519,Patient 9519,D446,Extraction,General Operatory,12:50,29
A9520,Patient 9520,D177,Extraction,General Operatory,11:30,39
A9521,Patient 9521,D202,Extraction,General Operatory,10:20,21
A9522,Patient 9522,D618,Root Canal,Endodontic Operatory,11:05,85
A9523,Patient 9523,D364,Checkup/Cleaning,General Operatory,11:35,45
A9524,Patient 9524,D698,Filling,General Operatory,11:50,28
A9525,Patient 9525,D109,Filling,General Operatory,12:45,38
A9526,Patient 9526,D601,Checkup/Cleaning,General Operatory,14:10,36
A9527,Patient 9527,D596,Checkup/Cleaning,General Operatory,14:25,57
A9528,Patient 9528,D178,Checkup/Cleaning,General Operatory,11:15,35
A9529,Patient 9529,D102,Filling,General Operatory,10:20,24
A9530,Patient 9530,D628,Filling,General Operatory,12:00,23
A9531,Patient 9531,D522,Checkup/Cleaning,General Operatory,09:55,31
A9532,Patient 9532,D22,Filling,General Operatory,09:30,32
A9533,Patient 9533,D594,Checkup/Cleaning,General Operatory,15:45,36
A9534,Patient 9534,D307,Checkup/Cleaning,General Operatory,10:20,56
A9535,Patient 9535,D734,Checkup/Cleaning,General Operatory,12:50,54
A9536,Patient 9536,D289,Checkup/Cleaning,General Operatory,10:10,30
A9537,Patient 9537,D689,Filling,General Operatory,14:20,42
A9538,Patient 9538,D121,Checkup/Cleaning,General Operatory,11:20,52
A9539,Patient 9539,D308,Filling,General Operatory,10:00,36
A9540,Patient 9540,D70,X-ray/Imaging,Imaging Room,09:50,14
A9541,Patient 9541,D474,X-ray/Imaging,Imaging Room,12:50,10
A9542,Patient 9542,D366,Filling,General Operatory,09:20,26
A9543,Patient 9543,D29,Root Canal,Endodontic Operatory,09:40,86
A9544,Patient 9544,D61,X-ray/Imaging,Imaging Room,12:50,14
A9545,Patient 9545,D697,Filling,General Operatory,11:15,57
A9546,Patient 9546,D223,Filling,General Operatory,11:25,38
A9547,Patient 9547,D572,Extraction,General Operatory,12:35,35
A9548,Patient 9548,D163,Filling,General Operatory,10:05,39
A9549,Patient 9549,D486,Extraction,General Operatory,12:00,27
A9550,Patient 9550,D564,Extraction,General Operatory,11:00,30
A9551,Patient 9551,D10,Root Canal,Endodontic Operatory,10:05,83
A9552,Patient 9552,D487,Root Canal,Endodontic Operatory,13:45,81
A9553,Patient 9553,D465,Filling,General Operatory,10:05,24
A9554,Patient 9554,D367,Checkup/Cleaning,General Operatory,11:30,56
A9555,Patient 9555,D203,Checkup/Cleaning,General Operatory,11:05,44
A9556,Patient 9556,D150,Checkup/Cleaning,General Operatory,11:00,56
A9557,Patient 9557,D313,Extraction,General Operatory,11:15,36
A9558,Patient 9558,D148,Filling,General Operatory,10:50,55
A9559,Patient 9559,D725,Filling,General Operatory,14:15,35
A9560,Patient 9560,D682,Filling,General Operatory,15:50,37
A9561,Patient 9561,D82,Root Canal,Endodontic Operatory,13:45,87
A9562,Patient 9562,D454,Checkup/Cleaning,General Operatory,10:05,45
A9563,Patient 9563,D510,Root Canal,Endodontic Operatory,12:30,72
A9564,Patient 9564,D54,Checkup/Cleaning,General Operatory,10:00,44
A9565,Patient 9565,D612,Filling,General Operatory,14:20,59
A9566,Patient 9566,D322,Checkup/Cleaning,General Operatory,12:15,53
A9567,Patient 9567,D325,Filling,General Operatory,14:20,24
A9568,Patient 9568,D52,Checkup/Cleaning,General Operatory,11:00,39
A9569,Patient 9569,D80,Extraction,General Operatory,12:25,20
A9570,Patient 9570,D581,Checkup/Cleaning,General Operatory,14:20,49
A9571,Patient 9571,D256,Root Canal,Endodontic Operatory,11:05,67
A9572,Patient 9572,D185,Filling,General Operatory,10:30,48
A9573,Patient 9573,D299,Extraction,General Operatory,15:40,27
A9574,Patient 9574,D326,Checkup/Cleaning,General Operatory,09:30,48
A9575,Patient 9575,D215,Crown,General Operatory,09:45,51
A9576,Patient 9576,D117,Extraction,General Operatory,12:40,36
A9577,Patient 9577,D406,Filling,General Operatory,11:00,34
A9578,Patient 9578,D489,Checkup/Cleaning,General Operatory,13:50,31
A9579,Patient 9579,D681,Extraction,General Operatory,10:50,28
A9580,Patient 9580,D95,Crown,General Operatory,10:15,44
A9581,Patient 9581,D29,Root Canal,Endodontic Operatory,09:15,67
A9582,Patient 9582,D107,Extraction,General Operatory,10:15,34
A9583,Patient 9583,D219,Checkup/Cleaning,General Operatory,12:50,49
A9584,Patient 9584,D675,Checkup/Cleaning,General Operatory,15:00,56
A9585,Patient 9585,D101,Extraction,General Operatory,10:45,29
A9586,Patient 9586,D424,Checkup/Cleaning,General Operatory,11:35,56
A9587,Patient 9587,D632,Crown,General Operatory,15:05,59
A9588,Patient 9588,D744,Extraction,General Operatory,09:45,28
A9589,Patient 9589,D426,Checkup/Cleaning,General Operatory,12:30,46
A9590,Patient 9590,D277,Root Canal,Endodontic Operatory,12:25,78
A9591,Patient 9591,D55,Checkup/Cleaning,General Operatory,12:15,50
A9592,Patient 9592,D278,Checkup/Cleaning,General Operatory,13:40,47
A9593,Patient 9593,D284,Root Canal,Endodontic Operatory,10:15,62
A9594,Patient 9594,D729,Crown,General Operatory,09:25,55
A9595,Patient 9595,D348,Checkup/Cleaning,General Operatory,10:00,58
A9596,Patient 9596,D72,Extraction,General Operatory,12:55,38
A9597,Patient 9597,D643,Filling,General Operatory,11:40,29
A9598,Patient 9598,D615,Root Canal,Endodontic Operatory,10:20,85
A9599,Patient 9599,D507,X-ray/Imaging,Imaging Room,12:50,14
A9600,Patient 9600,D51,Root Canal,Endodontic Operatory,10:35,68
A9601,Patient 9601,D386,Checkup/Cleaning,General Operatory,12:10,45
A9602,Patient 9602,D280,Checkup/Cleaning,General Operatory,11:30,39
A9603,Patient 9603,D59,Filling,General Operatory,13:15,36
A9604,Patient 9604,D425,Root Canal,Endodontic Operatory,12:50,84
A9605,Patient 9605,D346,Crown,General Operatory,11:15,58
A9606,Patient 9606,D164,Filling,General Operatory,09:15,51
A9607,Patient 9607,D308,Filling,General Operatory,11:20,26
A9608,Patient 9608,D378,X-ray/Imaging,Imaging Room,11:25,10
A9609,Patient 9609,D512,Extraction,General Operatory,11:50,30
A9610,Patient 9610,D44,Filling,General Operatory,12:45,45
A9611,Patient 9611,D391,Crown,General Operatory,09:25,40
A9612,Patient 9612,D278,Extraction,General Operatory,12:35,22
A9613,Patient 9613,D141,Extraction,General Operatory,15:30,28
A9614,Patient 9614,D415,Filling,General Operatory,09:40,60
A9615,Patient 9615,D552,Checkup/Cleaning,General Operatory,11:10,41
A9616,Patient 9616,D67,Checkup/Cleaning,General Operatory,09:40,33
A9617,Patient 9617,D686,Filling,General Operatory,15:15,46
A9618,Patient 9618,D421,Filling,General Operatory,11:10,59
A9619,Patient 9619,D301,Checkup/Cleaning,General Operatory,11:50,32
A9620,Patient 9620,D682,Filling,General Operatory,10:45,38
A9621,Patient 9621,D456,X-ray/Imaging,Imaging Room,10:50,15
A9622,Patient 9622,D450,Extraction,General Operatory,11:55,21
A9623,Patient 9623,D80,Crown,General Operatory,12:40,37
A9624,Patient 9624,D591,Filling,General Operatory,14:15,34
A9625,Patient 9625,D401,Filling,General Operatory,12:50,26
A9626,Patient 9626,D321,Checkup/Cleaning,General Operatory,12:15,57
A9627,Patient 9627,D331,Checkup/Cleaning,General Operatory,12:35,55
A9628,Patient 9628,D15,Checkup/Cleaning,General Operatory,11:25,56
A9629,Patient 9629,D357,Root Canal,Endodontic Operatory,10:50,63
A9630,Patient 9630,D7,Checkup/Cleaning,General Operatory,11:45,44
A9631,Patient 9631,D257,Checkup/Cleaning,General Operatory,12:35,39
A9632,Patient 9632,D468,Filling,General Operatory,14:00,53
A9633,Patient 9633,D495,Filling,General Operatory,10:25,22
A9634,Patient 9634,D500,Checkup/Cleaning,General Operatory,10:45,32
A9635,Patient 9635,D182,Filling,General Operatory,12:55,34
A9636,Patient 9636,D121,Checkup/Cleaning,General Operatory,14:25,30
A9637,Patient 9637,D155,Checkup/Cleaning,General Operatory,12:25,35
A9638,Patient 9638,D373,Extraction,General Operatory,11:00,37
A9639,Patient 9639,D433,X-ray/Imaging,Imaging Room,10:00,13
A9640,Patient 9640,D537,Extraction,General Operatory,10:50,23
A9641,Patient 9641,D354,Filling,General Operatory,14:30,37
A9642,Patient 9642,D705,Filling,General Operatory,14:15,45
A9643,Patient 9643,D553,Checkup/Cleaning,General Operatory,10:40,35
A9644,Patient 9644,D351,Root Canal,Endodontic Operatory,09:05,85
A9645,Patient 9645,D545,Checkup/Cleaning,General Operatory,10:35,33
A9646,Patient 9646,D573,Filling,General Operatory,10:25,29
A9647,Patient 9647,D674,Checkup/Cleaning,General Operatory,11:40,32
A9648,Patient 9648,D665,Checkup/Cleaning,General Operatory,14:10,31
A9649,Patient 9649,D736,Checkup/Cleaning,General Operatory,11:10,31
A9650,Patient 9650,D346,Extraction,General Operatory,11:05,39
A9651,Patient 9651,D127,Filling,General Operatory,14:10,44
A9652,Patient 9652,D447,Extraction,General Operatory,13:15,24
A9653,Patient 9653,D356,Filling,General Operatory,14:20,45
A9654,Patient 9654,D396,Crown,General Operatory,10:10,31
A9655,Patient 9655,D250,X-ray/Imaging,Imaging Room,13:25,13
A9656,Patient 9656,D193,Crown,General Operatory,09:45,55
A9657,Patient 9657,D152,Checkup/Cleaning,General Operatory,12:30,57
A9658,Patient 9658,D48,Root Canal,Endodontic Operatory,10:00,90
A9659,Patient 9659,D630,Checkup/Cleaning,General Operatory,10:20,49
A9660,Patient 9660,D475,Root Canal,Endodontic Operatory,12:50,86
A9661,Patient 9661,D510,Crown,General Operatory,14:30,56
A9662,Patient 9662,D205,Extraction,General Operatory,09:50,29
A9663,Patient 9663,D53,Extraction,General Operatory,11:35,33
A9664,Patient 9664,D553,Checkup/Cleaning,General Operatory,09:45,39
A9665,Patient 9665,D237,X-ray/Imaging,Imaging Room,11:50,10
A9666,Patient 9666,D64,Checkup/Cleaning,General Operatory,12:35,55
A9667,Patient 9667,D2,Extraction,General Operatory,13:20,39
A9668,Patient 9668,D509,Crown,General Operatory,12:50,42
A9669,Patient 9669,D700,Checkup/Cleaning,General Operatory,10:30,41
A9670,Patient 9670,D292,Checkup/Cleaning,General Operatory,12:35,58
A9671,Patient 9671,D651,Root Canal,Endodontic Operatory,10:50,70
A9672,Patient 9672,D249,Checkup/Cleaning,General Operatory,09:55,45
A9673,Patient 9673,D501,Extraction,General Operatory,09:55,38
A9674,Patient 9674,D467,Filling,General Operatory,09:55,43
A9675,Patient 9675,D5,Extraction,General Operatory,13:00,21
A9676,Patient 9676,D52,Crown,General Operatory,14:20,33
A9677,Patient 9677,D336,Crown,General Operatory,11:45,40
A9678,Patient 9678,D215,Crown,General Operatory,14:05,46
A9679,Patient 9679,D555,Checkup/Cleaning,General Operatory,09:50,45
A9680,Patient 9680,D392,Checkup/Cleaning,General Operatory,10:50,35
A9681,Patient 9681,D3,Filling,General Operatory,11:25,42
A9682,Patient 9682,D189,Checkup/Cleaning,General Operatory,10:20,52
A9683,Patient 9683,D370,Checkup/Cleaning,General Operatory,09:45,56
A9684,Patient 9684,D120,Checkup/Cleaning,General Operatory,12:45,35
A9685,Patient 9685,D83,Checkup/Cleaning,General Operatory,14:10,44
A9686,Patient 9686,D486,Extraction,General Operatory,10:10,31
A9687,Patient 9687,D126,Checkup/Cleaning,General Operatory,12:40,57
A9688,Patient 9688,D544,Extraction,General Operatory,13:50,22
A9689,Patient 9689,D368,Extraction,General Operatory,10:55,29
A9690,Patient 9690,D23,X-ray/Imaging,Imaging Room,10:15,10
A9691,Patient 9691,D648,Crown,General Operatory,14:05,38
A9692,Patient 9692,D70,Checkup/Cleaning,General Operatory,10:40,48
A9693,Patient 9693,D222,Root Canal,Endodontic Operatory,10:05,64
A9694,Patient 9694,D717,Extraction,General Operatory,13:20,32
A9695,Patient 9695,D598,Checkup/Cleaning,General Operatory,11:00,37
A9696,Patient 9696,D627,Checkup/Cleaning,General Operatory,10:05,48
A9697,Patient 9697,D183,Crown,General Operatory,09:30,49
A9698,Patient 9698,D53,Filling,General Operatory,11:20,32
A9699,Patient 9699,D450,Checkup/Cleaning,General Operatory,14:15,39
A9700,Patient 9700,D209,Filling,General Operatory,11:15,59
A9701,Patient 9701,D631,Checkup/Cleaning,General Operatory,11:45,50
A9702,Patient 9702,D72,Filling,General Operatory,12:50,47
A9703,Patient 9703,D295,Crown,General Operatory,11:25,43
A9704,Patient 9704,D438,Checkup/Cleaning,General Operatory,10:50,52
A9705,Patient 9705,D674,Checkup/Cleaning,General Operatory,10:25,53
A9706,Patient 9706,D287,Filling,General Operatory,10:35,46
A9707,Patient 9707,D377,Checkup/Cleaning,General Operatory,10:45,47
A9708,Patient 9708,D112,Crown,General Operatory,13:55,42
A9709,Patient 9709,D669,Crown,General Operatory,11:00,33
A9710,Patient 9710,D633,Filling,General Operatory,12:25,50
A9711,Patient 9711,D246,X-ray/Imaging,Imaging Room,10:00,10
A9712,Patient 9712,D9,Checkup/Cleaning,General Operatory,11:10,55
A9713,Patient 9713,D247,Root Canal,Endodontic Operatory,10:40,82
A9714,Patient 9714,D647,Root Canal,Endodontic Operatory,13:05,63
A9715,Patient 9715,D396,Checkup/Cleaning,General Operatory,11:15,34
A9716,Patient 9716,D626,Extraction,General Operatory,11:20,24
A9717,Patient 9717,D265,Checkup/Cleaning,General Operatory,10:00,54
A9718,Patient 9718,D560,Crown,General Operatory,12:35,59
A9719,Patient 9719,D528,Checkup/Cleaning,General Operatory,14:45,31
A9720,Patient 9720,D668,Checkup/Cleaning,General Operatory,10:45,31
A9721,Patient 9721,D476,Checkup/Cleaning,General Operatory,11:00,53
A9722,Patient 9722,D429,X-ray/Imaging,Imaging Room,11:55,11
A9723,Patient 9723,D30,Filling,General Operatory,09:40,51
A9724,Patient 9724,D60,Root Canal,Endodontic Operatory,10:15,84
A9725,Patient 9725,D207,Checkup/Cleaning,General Operatory,11:20,57
A9726,Patient 9726,D472,Checkup/Cleaning,General Operatory,15:40,49
A9727,Patient 9727,D556,Checkup/Cleaning,General Operatory,09:50,44
A9728,Patient 9728,D647,Extraction,General Operatory,10:20,31
A9729,Patient 9729,D710,Crown,General Operatory,10:45,34
A9730,Patient 9730,D577,Filling,General Operatory,11:20,60
A9731,Patient 9731,D193,Filling,General Operatory,10:35,53
A9732,Patient 9732,D518,Extraction,General Operatory,11:55,22
A9733,Patient 9733,D588,Filling,General Operatory,10:20,20
A9734,Patient 9734,D517,Extraction,General Operatory,10:55,36
A9735,Patient 9735,D499,Filling,General Operatory,12:50,39
A9736,Patient 9736,D379,Checkup/Cleaning,General Operatory,11:35,51
A9737,Patient 9737,D331,Filling,General Operatory,12:55,21
A9738,Patient 9738,D77,Extraction,General Operatory,10:55,39
A9739,Patient 9739,D647,Checkup/Cleaning,General Operatory,13:15,51
A9740,Patient 9740,D468,X-ray/Imaging,Imaging Room,11:05,13
A9741,Patient 9741,D127,Checkup/Cleaning,General Operatory,13:00,31
A9742,Patient 9742,D271,Filling,General Operatory,13:25,20
A9743,Patient 9743,D355,Crown,General Operatory,10:25,38
A9744,Patient 9744,D467,Filling,General Operatory,14:40,22
A9745,Patient 9745,D547,Checkup/Cleaning,General Operatory,12:35,38
A9746,Patient 9746,D553,Filling,General Operatory,11:05,49
A9747,Patient 9747,D139,Filling,General Operatory,10:00,31
A9748,Patient 9748,D72,Extraction,General Operatory,13:45,36
A9749,Patient 9749,D433,Extraction,General Operatory,09:55,33
A9750,Patient 9750,D328,Crown,General Operatory,10:55,49
A9751,Patient 9751,D651,Extraction,General Operatory,10:40,27
A9752,Patient 9752,D544,Filling,General Operatory,10:55,55
A9753,Patient 9753,D456,Filling,General Operatory,10:45,41
A9754,Patient 9754,D450,Checkup/Cleaning,General Operatory,13:15,43
A9755,Patient 9755,D541,Filling,General Operatory,09:30,38
A9756,Patient 9756,D328,Filling,General Operatory,09:20,60
A9757,Patient 9757,D647,Extraction,General Operatory,12:55,26
A9758,Patient 9758,D291,Root Canal,Endodontic Operatory,14:20,63
A9759,Patient 9759,D685,Checkup/Cleaning,General Operatory,12:45,34
A9760,Patient 9760,D609,Extraction,General Operatory,09:25,28
A9761,Patient 9761,D114,Filling,General Operatory,10:10,54
A9762,Patient 9762,D232,Extraction,General Operatory,10:35,21
A9763,Patient 9763,D490,Filling,General Operatory,10:20,28
A9764,Patient 9764,D317,Root Canal,Endodontic Operatory,11:30,89
A9765,Patient 9765,D281,Extraction,General Operatory,09:50,32
A9766,Patient 9766,D118,Checkup/Cleaning,General Operatory,11:40,44
A9767,Patient 9767,D396,Checkup/Cleaning,General Operatory,13:10,49
A9768,Patient 9768,D524,Extraction,General Operatory,10:30,33
A9769,Patient 9769,D129,Checkup/Cleaning,General Operatory,10:50,40
A9770,Patient 9770,D154,Checkup/Cleaning,General Operatory,11:30,47
A9771,Patient 9771,D412,Filling,General Operatory,09:45,59
A9772,Patient 9772,D622,Checkup/Cleaning,General Operatory,10:55,44
A9773,Patient 9773,D736,Filling,General Operatory,12:10,59
A9774,Patient 9774,D444,Extraction,General Operatory,11:35,23
A9775,Patient 9775,D107,Checkup/Cleaning,General Operatory,11:30,35
A9776,Patient 9776,D571,Filling,General Operatory,10:35,54
A9777,Patient 9777,D243,Extraction,General Operatory,11:55,26
A9778,Patient 9778,D683,Root Canal,Endodontic Operatory,09:45,76
A9779,Patient 9779,D159,Filling,General Operatory,11:45,36
A9780,Patient 9780,D432,Checkup/Cleaning,General Operatory,11:15,43
A9781,Patient 9781,D62,Checkup/Cleaning,General Operatory,10:20,42
A9782,Patient 9782,D276,Extraction,General Operatory,14:10,21
A9783,Patient 9783,D206,Filling,General Operatory,10:55,25
A9784,Patient 9784,D594,Checkup/Cleaning,General Operatory,12:30,34
A9785,Patient 9785,D642,Filling,General Operatory,09:50,45
A9786,Patient 9786,D748,Checkup/Cleaning,General Operatory,10:10,56
A9787,Patient 9787,D293,Crown,General Operatory,11:05,50
A9788,Patient 9788,D600,Root Canal,Endodontic Operatory,10:20,62
A9789,Patient 9789,D38,Filling,General Operatory,09:15,25
A9790,Patient 9790,D612,Checkup/Cleaning,General Operatory,11:50,42
A9791,Patient 9791,D331,Checkup/Cleaning,General Operatory,12:20,60
A9792,Patient 9792,D40,Checkup/Cleaning,General Operatory,13:55,45
A9793,Patient 9793,D410,Checkup/Cleaning,General Operatory,11:30,53
A9794,Patient 9794,D745,Checkup/Cleaning,General Operatory,13:45,54
A9795,Patient 9795,D5,Crown,General Operatory,10:55,40
A9796,Patient 9796,D349,Extraction,General Operatory,13:15,37
A9797,Patient 9797,D469,Extraction,General Operatory,10:20,26
A9798,Patient 9798,D204,Checkup/Cleaning,General Operatory,11:35,43
A9799,Patient 9799,D410,Filling,General Operatory,09:40,26
A9800,Patient 9800,D61,Extraction,General Operatory,15:20,32
A9801,Patient 9801,D121,Root Canal,Endodontic Operatory,11:00,62
A9802,Patient 9802,D1,Extraction,General Operatory,09:10,31
A9803,Patient 9803,D417,Checkup/Cleaning,General Operatory,10:20,34
A9804,Patient 9804,D264,Checkup/Cleaning,General Operatory,10:40,56
A9805,Patient 9805,D688,Filling,General Operatory,10:15,28
A9806,Patient 9806,D63,Root Canal,Endodontic Operatory,10:10,66
A9807,Patient 9807,D503,Extraction,General Operatory,09:50,28
A9808,Patient 9808,D422,Checkup/Cleaning,General Operatory,11:45,46
A9809,Patient 9809,D361,Checkup/Cleaning,General Operatory,10:55,56
A9810,Patient 9810,D739,Filling,General Operatory,14:20,42
A9811,Patient 9811,D575,Filling,General Operatory,13:55,40
A9812,Patient 9812,D61,Checkup/Cleaning,General Operatory,14:10,32
A9813,Patient 9813,D331,Checkup/Cleaning,General Operatory,13:45,55
A9814,Patient 9814,D234,Checkup/Cleaning,General Operatory,10:10,57
A9815,Patient 9815,D281,Extraction,General Operatory,10:55,20
A9816,Patient 9816,D643,X-ray/Imaging,Imaging Room,13:30,11
A9817,Patient 9817,D469,Extraction,General Operatory,13:05,29
A9818,Patient 9818,D233,Checkup/Cleaning,General Operatory,11:20,52
A9819,Patient 9819,D720,Checkup/Cleaning,General Operatory,12:45,51
A9820,Patient 9820,D439,Crown,General Operatory,11:25,59
A9821,Patient 9821,D725,Checkup/Cleaning,General Operatory,12:35,57
A9822,Patient 9822,D133,Checkup/Cleaning,General Operatory,11:25,50
A9823,Patient 9823,D737,Checkup/Cleaning,General Operatory,11:20,49
A9824,Patient 9824,D523,Checkup/Cleaning,General Operatory,12:15,54
A9825,Patient 9825,D577,Root Canal,Endodontic Operatory,10:20,73
A9826,Patient 9826,D675,Crown,General Operatory,11:25,30
A9827,Patient 9827,D587,Filling,General Operatory,11:25,38
A9828,Patient 9828,D629,Filling,General Operatory,13:45,57
A9829,Patient 9829,D68,Filling,General Operatory,09:55,36
A9830,Patient 9830,D132,Filling,General Operatory,10:20,47
A9831,Patient 9831,D358,X-ray/Imaging,Imaging Room,14:35,13
A9832,Patient 9832,D185,Checkup/Cleaning,General Operatory,09:10,48
A9833,Patient 9833,D351,Extraction,General Operatory,11:10,35
A9834,Patient 9834,D582,Checkup/Cleaning,General Operatory,15:30,54
A9835,Patient 9835,D268,Checkup/Cleaning,General Operatory,12:35,51
A9836,Patient 9836,D359,X-ray/Imaging,Imaging Room,11:05,15
A9837,Patient 9837,D294,Checkup/Cleaning,General Operatory,12:15,38
A9838,Patient 9838,D734,Crown,General Operatory,11:15,52
A9839,Patient 9839,D21,Filling,General Operatory,10:00,33
A9840,Patient 9840,D606,Checkup/Cleaning,General Operatory,11:25,50
A9841,Patient 9841,D331,Crown,General Operatory,13:55,47
A9842,Patient 9842,D334,Extraction,General Operatory,10:55,35
A9843,Patient 9843,D160,Filling,General Operatory,10:45,24
A9844,Patient 9844,D74,Checkup/Cleaning,General Operatory,12:50,39
A9845,Patient 9845,D97,X-ray/Imaging,Imaging Room,10:10,14
A9846,Patient 9846,D263,Checkup/Cleaning,General Operatory,11:00,45
A9847,Patient 9847,D598,Checkup/Cleaning,General Operatory,10:55,44
A9848,Patient 9848,D54,Filling,General Operatory,11:10,43
A9849,Patient 9849,D455,Checkup/Cleaning,General Operatory,13:40,41
A9850,Patient 9850,D654,Filling,General Operatory,11:30,28
A9851,Patient 9851,D190,Filling,General Operatory,10:05,31
A9852,Patient 9852,D134,Filling,General Operatory,10:45,48
A9853,Patient 9853,D508,Extraction,General Operatory,12:50,21
A9854,Patient 9854,D42,Filling,General Operatory,14:10,59
A9855,Patient 9855,D452,Extraction,General Operatory,12:45,36
A9856,Patient 9856,D680,Checkup/Cleaning,General Operatory,13:45,52
A9857,Patient 9857,D636,Filling,General Operatory,14:15,47
A9858,Patient 9858,D399,Filling,General Operatory,14:55,26
A9859,Patient 9859,D308,Filling,General Operatory,10:25,37
A9860,Patient 9860,D559,Extraction,General Operatory,11:45,36
A9861,Patient 9861,D736,Crown,General Operatory,13:55,34
A9862,Patient 9862,D410,Root Canal,Endodontic Operatory,10:05,83
A9863,Patient 9863,D104,Filling,General Operatory,10:05,42
A9864,Patient 9864,D618,Extraction,General Operatory,11:15,30
A9865,Patient 9865,D291,Filling,General Operatory,14:30,54
A9866,Patient 9866,D102,Filling,General Operatory,10:45,41
A9867,Patient 9867,D198,X-ray/Imaging,Imaging Room,14:25,10
A9868,Patient 9868,D588,Crown,General Operatory,09:25,37
A9869,Patient 9869,D657,Checkup/Cleaning,General Operatory,11:35,45
A9870,Patient 9870,D66,Extraction,General Operatory,12:50,33
A9871,Patient 9871,D476,Filling,General Operatory,09:15,60
A9872,Patient 9872,D116,Root Canal,Endodontic Operatory,09:05,85
A9873,Patient 9873,D176,Filling,General Operatory,12:50,47
A9874,Patient 9874,D577,Filling,General Operatory,10:50,53
A9875,Patient 9875,D58,Root Canal,Endodontic Operatory,11:20,71
A9876,Patient 9876,D129,Crown,General Operatory,10:35,37
A9877,Patient 9877,D666,Root Canal,Endodontic Operatory,11:20,66
A9878,Patient 9878,D717,Checkup/Cleaning,General Operatory,10:15,58
A9879,Patient 9879,D393,X-ray/Imaging,Imaging Room,10:25,11
A9880,Patient 9880,D479,Extraction,General Operatory,13:20,25
A9881,Patient 9881,D294,Extraction,General Operatory,15:25,32
A9882,Patient 9882,D184,Filling,General Operatory,11:00,52
A9883,Patient 9883,D488,Checkup/Cleaning,General Operatory,10:10,32
A9884,Patient 9884,D168,Extraction,General Operatory,13:20,26
A9885,Patient 9885,D138,Crown,General Operatory,11:35,30
A9886,Patient 9886,D457,Extraction,General Operatory,11:40,23
A9887,Patient 9887,D258,Extraction,General Operatory,11:25,28
A9888,Patient 9888,D608,Extraction,General Operatory,14:05,32
A9889,Patient 9889,D324,X-ray/Imaging,Imaging Room,15:55,14
A9890,Patient 9890,D181,Extraction,General Operatory,10:55,26
A9891,Patient 9891,D7,X-ray/Imaging,Imaging Room,14:35,15
A9892,Patient 9892,D505,Filling,General Operatory,14:45,24
A9893,Patient 9893,D462,Crown,General Operatory,11:10,37
A9894,Patient 9894,D424,Filling,General Operatory,11:10,20
A9895,Patient 9895,D61,Checkup/Cleaning,General Operatory,13:55,33
A9896,Patient 9896,D358,Checkup/Cleaning,General Operatory,09:45,59
A9897,Patient 9897,D197,Checkup/Cleaning,General Operatory,11:40,47
A9898,Patient 9898,D134,X-ray/Imaging,Imaging Room,13:00,13
A9899,Patient 9899,D108,Checkup/Cleaning,General Operatory,12:55,56
A9900,Patient 9900,D425,Filling,General Operatory,13:15,24
A9901,Patient 9901,D413,Extraction,General Operatory,14:15,32
A9902,Patient 9902,D95,Extraction,General Operatory,10:55,21
A9903,Patient 9903,D241,Checkup/Cleaning,General Operatory,11:20,30
A9904,Patient 9904,D2,X-ray/Imaging,Imaging Room,13:20,13
A9905,Patient 9905,D351,Filling,General Operatory,10:15,39
A9906,Patient 9906,D430,Root Canal,Endodontic Operatory,11:00,87
A9907,Patient 9907,D372,Extraction,General Operatory,10:45,26
A9908,Patient 9908,D603,Extraction,General Operatory,12:20,35
A9909,Patient 9909,D61,Checkup/Cleaning,General Operatory,14:00,43
A9910,Patient 9910,D630,Checkup/Cleaning,General Operatory,11:10,54
A9911,Patient 9911,D248,Checkup/Cleaning,General Operatory,11:20,49
A9912,Patient 9912,D437,Root Canal,Endodontic Operatory,11:00,65
A9913,Patient 9913,D720,Filling,General Operatory,15:50,21
A9914,Patient 9914,D101,Root Canal,Endodontic Operatory,10:55,90
A9915,Patient 9915,D226,Root Canal,Endodontic Operatory,12:10,88
A9916,Patient 9916,D13,Checkup/Cleaning,General Operatory,11:15,54
A9917,Patient 9917,D169,Filling,General Operatory,12:55,20
A9918,Patient 9918,D72,Extraction,General Operatory,11:25,33
A9919,Patient 9919,D208,Checkup/Cleaning,General Operatory,14:30,48
A9920,Patient 9920,D115,Filling,General Operatory,10:00,23
A9921,Patient 9921,D52,Filling,General Operatory,12:55,27
A9922,Patient 9922,D56,Checkup/Cleaning,General Operatory,11:25,57
A9923,Patient 9923,D60,Checkup/Cleaning,General Operatory,10:00,31
A9924,Patient 9924,D123,Filling,General Operatory,14:05,56
A9925,Patient 9925,D454,Extraction,General Operatory,09:50,26
A9926,Patient 9926,D590,X-ray/Imaging,Imaging Room,12:25,13
A9927,Patient 9927,D582,Crown,General Operatory,13:45,42
A9928,Patient 9928,D563,Filling,General Operatory,09:45,59
A9929,Patient 9929,D153,Checkup/Cleaning,General Operatory,13:45,57
A9930,Patient 9930,D19,Filling,General Operatory,13:10,51
A9931,Patient 9931,D319,Extraction,General Operatory,15:50,34
A9932,Patient 9932,D553,Filling,General Operatory,09:25,52
A9933,Patient 9933,D222,Filling,General Operatory,10:15,59
A9934,Patient 9934,D402,Filling,General Operatory,10:10,47
A9935,Patient 9935,D260,Crown,General Operatory,13:00,35
A9936,Patient 9936,D13,Crown,General Operatory,09:45,60
A9937,Patient 9937,D731,Filling,General Operatory,11:45,40
A9938,Patient 9938,D341,Filling,General Operatory,09:15,42
A9939,Patient 9939,D200,Crown,General Operatory,10:05,55
A9940,Patient 9940,D464,Crown,General Operatory,13:40,53
A9941,Patient 9941,D68,Root Canal,Endodontic Operatory,11:35,72
A9942,Patient 9942,D68,Checkup/Cleaning,General Operatory,10:20,47
A9943,Patient 9943,D187,Crown,General Operatory,14:25,54
A9944,Patient 9944,D316,Crown,General Operatory,15:10,50
A9945,Patient 9945,D657,Checkup/Cleaning,General Operatory,11:35,32
A9946,Patient 9946,D58,Filling,General Operatory,10:55,60
A9947,Patient 9947,D677,Checkup/Cleaning,General Operatory,13:55,59
A9948,Patient 9948,D655,Checkup/Cleaning,General Operatory,09:20,47
A9949,Patient 9949,D121,Crown,General Operatory,13:35,56
A9950,Patient 9950,D374,Checkup/Cleaning,General Operatory,11:00,53
A9951,Patient 9951,D391,Root Canal,Endodontic Operatory,09:05,85
A9952,Patient 9952,D283,Crown,General Operatory,09:25,49
A9953,Patient 9953,D443,Extraction,General Operatory,14:05,29
A9954,Patient 9954,D62,Root Canal,Endodontic Operatory,11:15,81
A9955,Patient 9955,D67,Checkup/Cleaning,General Operatory,11:15,49
A9956,Patient 9956,D632,Checkup/Cleaning,General Operatory,12:50,34
A9957,Patient 9957,D579,Crown,General Operatory,11:00,57
A9958,Patient 9958,D75,Extraction,General Operatory,11:55,25
A9959,Patient 9959,D611,Checkup/Cleaning,General Operatory,10:50,49
A9960,Patient 9960,D695,Checkup/Cleaning,General Operatory,14:40,43
A9961,Patient 9961,D75,Crown,General Operatory,11:25,56
A9962,Patient 9962,D83,Filling,General Operatory,12:30,60
A9963,Patient 9963,D99,Checkup/Cleaning,General Operatory,12:20,54
A9964,Patient 9964,D624,Checkup/Cleaning,General Operatory,11:45,30
A9965,Patient 9965,D52,Filling,General Operatory,12:55,21
A9966,Patient 9966,D353,Filling,General Operatory,12:45,37
A9967,Patient 9967,D262,Extraction,General Operatory,11:50,35
A9968,Patient 9968,D720,Checkup/Cleaning,General Operatory,11:05,45
A9969,Patient 9969,D7,Checkup/Cleaning,General Operatory,09:50,31
A9970,Patient 9970,D375,Checkup/Cleaning,General Operatory,13:00,55
A9971,Patient 9971,D95,Filling,General Operatory,11:00,57
A9972,Patient 9972,D446,Checkup/Cleaning,General Operatory,14:05,34
A9973,Patient 9973,D626,Checkup/Cleaning,General Operatory,11:35,59
A9974,Patient 9974,D271,Extraction,General Operatory,13:10,23
A9975,Patient 9975,D604,X-ray/Imaging,Imaging Room,16:05,12
A9976,Patient 9976,D217,Checkup/Cleaning,General Operatory,09:45,41
A9977,Patient 9977,D587,Checkup/Cleaning,General Operatory,10:10,30
A9978,Patient 9978,D238,Checkup/Cleaning,General Operatory,13:40,59
A9979,Patient 9979,D149,Filling,General Operatory,14:05,51
A9980,Patient 9980,D57,Filling,General Operatory,11:20,56
A9981,Patient 9981,D433,Filling,General Operatory,10:55,35
A9982,Patient 9982,D380,Checkup/Cleaning,General Operatory,12:25,52
A9983,Patient 9983,D552,Root Canal,Endodontic Operatory,09:40,62
A9984,Patient 9984,D649,Checkup/Cleaning,General Operatory,11:35,33
A9985,Patient 9985,D489,Filling,General Operatory,15:20,37
A9986,Patient 9986,D689,X-ray/Imaging,Imaging Room,11:30,10
A9987,Patient 9987,D559,Root Canal,Endodontic Operatory,11:20,71
A9988,Patient 9988,D161,Crown,General Operatory,10:15,36
A9989,Patient 9989,D15,Filling,General Operatory,11:05,33
A9990,Patient 9990,D249,Checkup/Cleaning,General Operatory,10:05,40
A9991,Patient 9991,D154,Extraction,General Operatory,09:30,27
A9992,Patient 9992,D241,Checkup/Cleaning,General Operatory,09:25,34
A9993,Patient 9993,D583,Checkup/Cleaning,General Operatory,10:20,53
A9994,Patient 9994,D443,Checkup/Cleaning,General Operatory,11:20,43
A9995,Patient 9995,D7,Filling,General Operatory,11:15,34
A9996,Patient 9996,D13,Filling,General Operatory,11:35,36
A9997,Patient 9997,D334,Extraction,General Operatory,12:55,21
A9998,Patient 9998,D175,Extraction,General Operatory,09:40,29
A9999,Patient 9999,D696,Filling,General Operatory,11:20,53
A10000,Patient 10000,D375,Extraction,General Operatory,11:25,36
A10001,Patient 10001,D591,Checkup/Cleaning,General Operatory,14:00,53
A10002,Patient 10002,D24,Root Canal,Endodontic Operatory,13:45,88
A10003,Patient 10003,D646,Extraction,General Operatory,11:30,36
A10004,Patient 10004,D390,Checkup/Cleaning,General Operatory,12:40,31
A10005,Patient 10005,D552,Checkup/Cleaning,General Operatory,09:35,51
A10006,Patient 10006,D148,Root Canal,Endodontic Operatory,10:10,89
A10007,Patient 10007,D419,X-ray/Imaging,Imaging Room,14:30,12
A10008,Patient 10008,D66,Checkup/Cleaning,General Operatory,14:20,36
A10009,Patient 10009,D652,Crown,General Operatory,09:20,53
A10010,Patient 10010,D308,Root Canal,Endodontic Operatory,13:55,86
A10011,Patient 10011,D455,Filling,General Operatory,15:35,41
A10012,Patient 10012,D715,Filling,General Operatory,09:40,46
A10013,Patient 10013,D92,Checkup/Cleaning,General Operatory,11:05,44
A10014,Patient 10014,D551,Filling,General Operatory,10:05,53
A10015,Patient 10015,D255,Filling,General Operatory,10:55,54
A10016,Patient 10016,D78,Root Canal,Endodontic Operatory,10:55,82
A10017,Patient 10017,D675,Crown,General Operatory,15:30,42
A10018,Patient 10018,D464,Extraction,General Operatory,15:30,31
A10019,Patient 10019,D661,Filling,General Operatory,10:05,44
A10020,Patient 10020,D341,Checkup/Cleaning,General Operatory,10:10,50
A10021,Patient 10021,D159,Crown,General Operatory,10:20,34
A10022,Patient 10022,D673,Checkup/Cleaning,General Operatory,14:35,38
A10023,Patient 10023,D263,Extraction,General Operatory,11:15,24
A10024,Patient 10024,D704,Extraction,General Operatory,10:20,23
A10025,Patient 10025,D59,Filling,General Operatory,12:55,55
A10026,Patient 10026,D46,Crown,General Operatory,13:15,43
A10027,Patient 10027,D668,Checkup/Cleaning,General Operatory,10:05,49
A10028,Patient 10028,D77,Checkup/Cleaning,General Operatory,14:15,42
A10029,Patient 10029,D205,Filling,General Operatory,12:55,29
A10030,Patient 10030,D73,Filling,General Operatory,12:55,57
A10031,Patient 10031,D16,Checkup/Cleaning,General Operatory,12:45,35
A10032,Patient 10032,D383,Extraction,General Operatory,11:25,23
A10033,Patient 10033,D252,Filling,General Operatory,12:45,32
A10034,Patient 10034,D369,Filling,General Operatory,10:55,41
A10035,Patient 10035,D181,Checkup/Cleaning,General Operatory,11:10,31
A10036,Patient 10036,D393,Extraction,General Operatory,10:00,22
A10037,Patient 10037,D327,Checkup/Cleaning,General Operatory,11:05,46
A10038,Patient 10038,D597,Extraction,General Operatory,14:30,20
A10039,Patient 10039,D527,Root Canal,Endodontic Operatory,11:00,76
A10040,Patient 10040,D538,Checkup/Cleaning,General Operatory,09:35,58
A10041,Patient 10041,D102,Checkup/Cleaning,General Operatory,09:20,53
A10042,Patient 10042,D721,Filling,General Operatory,14:40,35
A10043,Patient 10043,D524,Checkup/Cleaning,General Operatory,10:20,50
A10044,Patient 10044,D679,Filling,General Operatory,11:30,36
A10045,Patient 10045,D215,Root Canal,Endodontic Operatory,09:45,75
A10046,Patient 10046,D204,Checkup/Cleaning,General Operatory,14:30,57
A10047,Patient 10047,D508,Crown,General Operatory,15:50,36
A10048,Patient 10048,D230,Root Canal,Endodontic Operatory,14:05,62
A10049,Patient 10049,D78,Extraction,General Operatory,11:05,36
A10050,Patient 10050,D239,Filling,General Operatory,12:55,39
A10051,Patient 10051,D48,Root Canal,Endodontic Operatory,12:55,75
A10052,Patient 10052,D338,X-ray/Imaging,Imaging Room,11:00,13
A10053,Patient 10053,D181,Checkup/Cleaning,General Operatory,10:35,33
A10054,Patient 10054,D68,Root Canal,Endodontic Operatory,12:45,87
A10055,Patient 10055,D286,Filling,General Operatory,10:55,58
A10056,Patient 10056,D108,Checkup/Cleaning,General Operatory,11:30,60
A10057,Patient 10057,D634,Extraction,General Operatory,09:55,29
A10058,Patient 10058,D223,Checkup/Cleaning,General Operatory,09:15,51
A10059,Patient 10059,D137,Checkup/Cleaning,General Operatory,11:15,46
A10060,Patient 10060,D18,Checkup/Cleaning,General Operatory,09:50,52
A10061,Patient 10061,D506,Crown,General Operatory,13:15,46
A10062,Patient 10062,D95,Crown,General Operatory,10:25,47
A10063,Patient 10063,D171,Checkup/Cleaning,General Operatory,10:00,36
A10064,Patient 10064,D120,Filling,General Operatory,15:50,28
A10065,Patient 10065,D172,Crown,General Operatory,14:20,32
A10066,Patient 10066,D106,Checkup/Cleaning,General Operatory,10:50,41
A10067,Patient 10067,D44,Checkup/Cleaning,General Operatory,15:00,58
A10068,Patient 10068,D471,Extraction,General Operatory,15:40,25
A10069,Patient 10069,D66,Checkup/Cleaning,General Operatory,12:40,57
A10070,Patient 10070,D160,Checkup/Cleaning,General Operatory,09:10,50
A10071,Patient 10071,D221,Extraction,General Operatory,09:15,21
A10072,Patient 10072,D580,Extraction,General Operatory,14:15,37
A10073,Patient 10073,D612,Checkup/Cleaning,General Operatory,14:35,32
A10074,Patient 10074,D398,Extraction,General Operatory,15:40,22
A10075,Patient 10075,D413,Checkup/Cleaning,General Operatory,11:20,44
A10076,Patient 10076,D503,Checkup/Cleaning,General Operatory,12:55,50
A10077,Patient 10077,D374,Checkup/Cleaning,General Operatory,14:10,52
A10078,Patient 10078,D8,Filling,General Operatory,13:05,33
A10079,Patient 10079,D235,Checkup/Cleaning,General Operatory,11:15,36
A10080,Patient 10080,D115,X-ray/Imaging,Imaging Room,09:40,15
A10081,Patient 10081,D136,Checkup/Cleaning,General Operatory,11:05,32
A10082,Patient 10082,D591,Checkup/Cleaning,General Operatory,11:15,60
A10083,Patient 10083,D251,Checkup/Cleaning,General Operatory,11:10,58
A10084,Patient 10084,D747,Crown,General Operatory,09:25,33
A10085,Patient 10085,D674,Checkup/Cleaning,General Operatory,10:15,48
A10086,Patient 10086,D208,Checkup/Cleaning,General Operatory,12:40,57
A10087,Patient 10087,D301,X-ray/Imaging,Imaging Room,11:30,13
A10088,Patient 10088,D654,Root Canal,Endodontic Operatory,13:05,70
A10089,Patient 10089,D697,Filling,General Operatory,10:00,41
A10090,Patient 10090,D577,Checkup/Cleaning,General Operatory,10:00,55
A10091,Patient 10091,D677,X-ray/Imaging,Imaging Room,12:40,12
A10092,Patient 10092,D206,Checkup/Cleaning,General Operatory,10:55,33
A10093,Patient 10093,D517,Checkup/Cleaning,General Operatory,11:20,30
A10094,Patient 10094,D306,Checkup/Cleaning,General Operatory,10:55,34
A10095,Patient 10095,D500,Filling,General Operatory,10:55,25
A10096,Patient 10096,D441,Filling,General Operatory,10:20,27
A10097,Patient 10097,D372,Checkup/Cleaning,General Operatory,11:00,56
A10098,Patient 10098,D231,Filling,General Operatory,12:30,60
A10099,Patient 10099,D524,Extraction,General Operatory,10:10,29
A10100,Patient 10100,D659,Checkup/Cleaning,General Operatory,12:50,33
A10101,Patient 10101,D662,Crown,General Operatory,09:25,30
A10102,Patient 10102,D174,Checkup/Cleaning,General Operatory,09:55,42
A10103,Patient 10103,D615,Filling,General Operatory,09:30,58
A10104,Patient 10104,D17,Root Canal,Endodontic Operatory,14:25,63
A10105,Patient 10105,D358,Checkup/Cleaning,General Operatory,10:25,40
A10106,Patient 10106,D166,Filling,General Operatory,10:25,49
A10107,Patient 10107,D363,Root Canal,Endodontic Operatory,09:45,68
A10108,Patient 10108,D401,Extraction,General Operatory,13:30,24
A10109,Patient 10109,D528,Extraction,General Operatory,10:25,29
A10110,Patient 10110,D691,Filling,General Operatory,14:20,47
A10111,Patient 10111,D572,Root Canal,Endodontic Operatory,12:10,80
A10112,Patient 10112,D11,Checkup/Cleaning,General Operatory,10:30,30
A10113,Patient 10113,D498,Checkup/Cleaning,General Operatory,15:30,30
A10114,Patient 10114,D393,Root Canal,Endodontic Operatory,10:00,70
A10115,Patient 10115,D500,Filling,General Operatory,09:25,38
A10116,Patient 10116,D299,Root Canal,Endodontic Operatory,13:50,83
A10117,Patient 10117,D118,Extraction,General Operatory,11:30,38
A10118,Patient 10118,D346,Checkup/Cleaning,General Operatory,12:30,57
A10119,Patient 10119,D595,Filling,General Operatory,13:55,20
A10120,Patient 10120,D51,Checkup/Cleaning,General Operatory,09:35,49
A10121,Patient 10121,D737,Filling,General Operatory,11:25,39
A10122,Patient 10122,D323,Filling,General Operatory,11:15,36
A10123,Patient 10123,D705,Checkup/Cleaning,General Operatory,11:10,38
A10124,Patient 10124,D645,Checkup/Cleaning,General Operatory,11:35,60
A10125,Patient 10125,D26,Filling,General Operatory,11:35,30
A10126,Patient 10126,D59,Extraction,General Operatory,11:45,23
A10127,Patient 10127,D681,Checkup/Cleaning,General Operatory,09:25,31
A10128,Patient 10128,D429,Checkup/Cleaning,General Operatory,10:15,39
A10129,Patient 10129,D61,Root Canal,Endodontic Operatory,10:55,60
A10130,Patient 10130,D372,Checkup/Cleaning,General Operatory,09:15,40
A10131,Patient 10131,D193,Checkup/Cleaning,General Operatory,10:20,32
A10132,Patient 10132,D191,X-ray/Imaging,Imaging Room,09:50,14
A10133,Patient 10133,D355,Checkup/Cleaning,General Operatory,10:15,32
A10134,Patient 10134,D273,Extraction,General Operatory,10:10,23
A10135,Patient 10135,D460,Extraction,General Operatory,11:50,31
A10136,Patient 10136,D275,Filling,General Operatory,11:10,55
A10137,Patient 10137,D193,Extraction,General Operatory,12:00,26
A10138,Patient 10138,D416,Extraction,General Operatory,11:20,23
A10139,Patient 10139,D168,Root Canal,Endodontic Operatory,12:45,73
A10140,Patient 10140,D445,X-ray/Imaging,Imaging Room,14:35,11
A10141,Patient 10141,D392,Checkup/Cleaning,General Operatory,10:55,38
A10142,Patient 10142,D492,Filling,General Operatory,10:45,49
A10143,Patient 10143,D392,Checkup/Cleaning,General Operatory,09:40,58
A10144,Patient 10144,D268,Crown,General Operatory,13:50,31
A10145,Patient 10145,D665,Crown,General Operatory,12:20,58
A10146,Patient 10146,D588,Filling,General Operatory,10:20,29
A10147,Patient 10147,D16,Crown,General Operatory,11:15,48
A10148,Patient 10148,D443,Checkup/Cleaning,General Operatory,14:05,34
A10149,Patient 10149,D644,Checkup/Cleaning,General Operatory,09:25,56
A10150,Patient 10150,D245,Filling,General Operatory,11:40,29
A10151,Patient 10151,D145,Checkup/Cleaning,General Operatory,13:20,35
A10152,Patient 10152,D420,Checkup/Cleaning,General Operatory,11:20,48
A10153,Patient 10153,D126,Crown,General Operatory,14:35,48
A10154,Patient 10154,D37,Root Canal,Endodontic Operatory,12:40,65
A10155,Patient 10155,D620,Root Canal,Endodontic Operatory,10:00,88
A10156,Patient 10156,D200,Checkup/Cleaning,General Operatory,11:25,43
A10157,Patient 10157,D16,Extraction,General Operatory,10:50,37
A10158,Patient 10158,D233,Filling,General Operatory,12:10,53
A10159,Patient 10159,D108,Extraction,General Operatory,11:45,40
A10160,Patient 10160,D412,Filling,General Operatory,10:45,24
A10161,Patient 10161,D18,Checkup/Cleaning,General Operatory,11:15,57
A10162,Patient 10162,D593,Filling,General Operatory,11:40,58
A10163,Patient 10163,D301,X-ray/Imaging,Imaging Room,11:40,12
A10164,Patient 10164,D26,Root Canal,Endodontic Operatory,10:00,78
A10165,Patient 10165,D254,Filling,General Operatory,11:25,47
A10166,Patient 10166,D566,Extraction,General Operatory,11:25,27
A10167,Patient 10167,D326,Extraction,General Operatory,10:25,31
A10168,Patient 10168,D435,Extraction,General Operatory,12:55,39
A10169,Patient 10169,D168,Filling,General Operatory,13:10,31
A10170,Patient 10170,D233,Checkup/Cleaning,General Operatory,10:55,45
A10171,Patient 10171,D271,Crown,General Operatory,14:10,45
A10172,Patient 10172,D196,Extraction,General Operatory,12:45,40
A10173,Patient 10173,D585,Extraction,General Operatory,10:20,21
A10174,Patient 10174,D416,Root Canal,Endodontic Operatory,14:45,81
A10175,Patient 10175,D272,Checkup/Cleaning,General Operatory,11:25,37
A10176,Patient 10176,D22,Crown,General Operatory,10:40,42
A10177,Patient 10177,D154,Crown,General Operatory,10:50,54
A10178,Patient 10178,D394,Root Canal,Endodontic Operatory,10:20,77
A10179,Patient 10179,D442,Checkup/Cleaning,General Operatory,15:50,41
A10180,Patient 10180,D89,Filling,General Operatory,11:00,50
A10181,Patient 10181,D164,Extraction,General Operatory,11:35,25
A10182,Patient 10182,D439,Extraction,General Operatory,11:30,34
A10183,Patient 10183,D474,Checkup/Cleaning,General Operatory,11:00,31
A10184,Patient 10184,D78,Filling,General Operatory,11:05,36
A10185,Patient 10185,D77,Checkup/Cleaning,General Operatory,14:00,57
A10186,Patient 10186,D733,Checkup/Cleaning,General Operatory,13:15,43
A10187,Patient 10187,D147,Filling,General Operatory,10:05,24
A10188,Patient 10188,D473,Filling,General Operatory,10:15,30
A10189,Patient 10189,D210,Checkup/Cleaning,General Operatory,11:25,47
A10190,Patient 10190,D353,Checkup/Cleaning,General Operatory,14:30,38
A10191,Patient 10191,D358,Root Canal,Endodontic Operatory,14:05,73
A10192,Patient 10192,D463,Crown,General Operatory,09:50,36
A10193,Patient 10193,D406,Filling,General Operatory,13:55,40
A10194,Patient 10194,D415,Filling,General Operatory,10:25,50
A10195,Patient 10195,D15,Filling,General Operatory,10:40,53
A10196,Patient 10196,D229,Filling,General Operatory,09:30,22
A10197,Patient 10197,D561,Extraction,General Operatory,13:50,35
A10198,Patient 10198,D415,Filling,General Operatory,09:40,47
A10199,Patient 10199,D543,X-ray/Imaging,Imaging Room,14:45,15
A10200,Patient 10200,D71,Filling,General Operatory,09:50,59
A10201,Patient 10201,D289,Checkup/Cleaning,General Operatory,14:20,42
A10202,Patient 10202,D570,Filling,General Operatory,12:20,30
A10203,Patient 10203,D479,Checkup/Cleaning,General Operatory,11:10,52
A10204,Patient 10204,D559,Filling,General Operatory,14:15,47
A10205,Patient 10205,D81,Checkup/Cleaning,General Operatory,12:50,36
A10206,Patient 10206,D529,Checkup/Cleaning,General Operatory,10:55,44
A10207,Patient 10207,D604,Extraction,General Operatory,13:45,36
A10208,Patient 10208,D313,Checkup/Cleaning,General Operatory,10:45,50
A10209,Patient 10209,D658,Filling,General Operatory,12:50,34
A10210,Patient 10210,D115,Extraction,General Operatory,10:25,32
A10211,Patient 10211,D423,Checkup/Cleaning,General Operatory,11:00,35
A10212,Patient 10212,D203,Filling,General Operatory,10:30,46
A10213,Patient 10213,D209,Crown,General Operatory,10:50,59
A10214,Patient 10214,D665,Checkup/Cleaning,General Operatory,11:25,52
A10215,Patient 10215,D500,Root Canal,Endodontic Operatory,10:10,84
A10216,Patient 10216,D572,Checkup/Cleaning,General Operatory,11:20,41
A10217,Patient 10217,D190,Filling,General Operatory,10:40,52
A10218,Patient 10218,D35,Crown,General Operatory,11:10,32
A10219,Patient 10219,D499,Checkup/Cleaning,General Operatory,13:00,31
A10220,Patient 10220,D251,Filling,General Operatory,13:20,24
A10221,Patient 10221,D534,Filling,General Operatory,10:20,20
A10222,Patient 10222,D505,Checkup/Cleaning,General Operatory,11:25,30
A10223,Patient 10223,D424,Crown,General Operatory,10:20,51
A10224,Patient 10224,D522,Checkup/Cleaning,General Operatory,10:30,40
A10225,Patient 10225,D255,Filling,General Operatory,10:20,46
A10226,Patient 10226,D77,Checkup/Cleaning,General Operatory,13:55,46
A10227,Patient 10227,D455,Extraction,General Operatory,14:25,27
A10228,Patient 10228,D337,Crown,General Operatory,09:10,48
A10229,Patient 10229,D570,Crown,General Operatory,15:05,60
A10230,Patient 10230,D459,Extraction,General Operatory,10:05,36
A10231,Patient 10231,D436,Filling,General Operatory,10:50,35
A10232,Patient 10232,D251,Root Canal,Endodontic Operatory,12:55,73
A10233,Patient 10233,D747,Checkup/Cleaning,General Operatory,11:05,60
A10234,Patient 10234,D44,Filling,General Operatory,12:40,60
A10235,Patient 10235,D425,Checkup/Cleaning,General Operatory,10:05,51
A10236,Patient 10236,D443,Root Canal,Endodontic Operatory,14:50,81
A10237,Patient 10237,D237,X-ray/Imaging,Imaging Room,11:55,15
A10238,Patient 10238,D566,Checkup/Cleaning,General Operatory,13:50,51
A10239,Patient 10239,D395,Filling,General Operatory,10:00,25
A10240,Patient 10240,D155,Filling,General Operatory,12:40,20
A10241,Patient 10241,D449,Checkup/Cleaning,General Operatory,15:05,58
A10242,Patient 10242,D39,X-ray/Imaging,Imaging Room,15:55,11
A10243,Patient 10243,D132,Checkup/Cleaning,General Operatory,10:20,44
A10244,Patient 10244,D338,Filling,General Operatory,11:45,33
A10245,Patient 10245,D558,Extraction,General Operatory,09:55,37
A10246,Patient 10246,D492,Crown,General Operatory,11:05,55
A10247,Patient 10247,D463,Filling,General Operatory,10:10,46
A10248,Patient 10248,D193,Extraction,General Operatory,10:50,40
A10249,Patient 10249,D656,Checkup/Cleaning,General Operatory,11:50,37
A10250,Patient 10250,D583,Crown,General Operatory,10:15,31
A10251,Patient 10251,D486,Checkup/Cleaning,General Operatory,11:45,52
A10252,Patient 10252,D562,Checkup/Cleaning,General Operatory,11:40,37
A10253,Patient 10253,D726,Checkup/Cleaning,General Operatory,10:15,37
A10254,Patient 10254,D427,Root Canal,Endodontic Operatory,15:05,88
A10255,Patient 10255,D279,Filling,General Operatory,10:15,41
A10256,Patient 10256,D494,Extraction,General Operatory,12:50,36
A10257,Patient 10257,D142,Extraction,General Operatory,11:50,28
A10258,Patient 10258,D240,Filling,General Operatory,10:55,54
A10259,Patient 10259,D715,Checkup/Cleaning,General Operatory,10:25,39
A10260,Patient 10260,D580,Crown,General Operatory,14:50,36
A10261,Patient 10261,D387,Checkup/Cleaning,General Operatory,12:35,34
A10262,Patient 10262,D333,Checkup/Cleaning,General Operatory,14:35,41
A10263,Patient 10263,D509,Extraction,General Operatory,11:20,24
A10264,Patient 10264,D530,Checkup/Cleaning,General Operatory,14:45,40
A10265,Patient 10265,D569,Filling,General Operatory,10:00,24
A10266,Patient 10266,D741,Checkup/Cleaning,General Operatory,10:15,37
A10267,Patient 10267,D214,Root Canal,Endodontic Operatory,09:35,78
A10268,Patient 10268,D229,Root Canal,Endodontic Operatory,10:45,76
A10269,Patient 10269,D312,Checkup/Cleaning,General Operatory,11:25,38
A10270,Patient 10270,D161,Filling,General Operatory,09:40,55
A10271,Patient 10271,D749,Filling,General Operatory,14:15,40
A10272,Patient 10272,D16,Filling,General Operatory,14:25,26
A10273,Patient 10273,D474,Crown,General Operatory,15:50,30
A10274,Patient 10274,D743,Extraction,General Operatory,10:50,26
A10275,Patient 10275,D695,Checkup/Cleaning,General Operatory,13:05,34
A10276,Patient 10276,D34,Checkup/Cleaning,General Operatory,11:30,45
A10277,Patient 10277,D603,Checkup/Cleaning,General Operatory,10:50,41
A10278,Patient 10278,D414,Filling,General Operatory,10:10,43
A10279,Patient 10279,D487,Checkup/Cleaning,General Operatory,10:25,42
A10280,Patient 10280,D153,Filling,General Operatory,14:25,20
A10281,Patient 10281,D686,Extraction,General Operatory,15:45,20
A10282,Patient 10282,D404,Checkup/Cleaning,General Operatory,12:25,58
A10283,Patient 10283,D491,Checkup/Cleaning,General Operatory,12:55,52
A10284,Patient 10284,D119,Checkup/Cleaning,General Operatory,09:10,42
A10285,Patient 10285,D442,Crown,General Operatory,11:10,56
A10286,Patient 10286,D691,Crown,General Operatory,12:20,51
A10287,Patient 10287,D82,Filling,General Operatory,10:55,45
A10288,Patient 10288,D301,Checkup/Cleaning,General Operatory,11:50,41
A10289,Patient 10289,D475,Extraction,General Operatory,12:55,22
A10290,Patient 10290,D301,Checkup/Cleaning,General Operatory,13:00,54
A10291,Patient 10291,D635,X-ray/Imaging,Imaging Room,10:20,12
A10292,Patient 10292,D371,Checkup/Cleaning,General Operatory,09:30,55
A10293,Patient 10293,D570,Checkup/Cleaning,General Operatory,11:10,54
A10294,Patient 10294,D22,Filling,General Operatory,11:45,35
A10295,Patient 10295,D560,Checkup/Cleaning,General Operatory,12:50,50
A10296,Patient 10296,D722,Filling,General Operatory,14:05,47
A10297,Patient 10297,D387,Extraction,General Operatory,13:50,37
A10298,Patient 10298,D527,Filling,General Operatory,13:15,40
A10299,Patient 10299,D38,Checkup/Cleaning,General Operatory,10:30,39
A10300,Patient 10300,D198,Filling,General Operatory,12:50,34
A10301,Patient 10301,D456,Checkup/Cleaning,General Operatory,09:35,33
A10302,Patient 10302,D124,Crown,General Operatory,10:10,58
A10303,Patient 10303,D628,Checkup/Cleaning,General Operatory,10:25,35
A10304,Patient 10304,D214,Crown,General Operatory,10:45,49
A10305,Patient 10305,D302,Checkup/Cleaning,General Operatory,10:55,60
A10306,Patient 10306,D87,Root Canal,Endodontic Operatory,11:10,68
A10307,Patient 10307,D339,Root Canal,Endodontic Operatory,10:45,79
A10308,Patient 10308,D32,Crown,General Operatory,10:05,45
A10309,Patient 10309,D411,Filling,General Operatory,09:50,55
A10310,Patient 10310,D256,Checkup/Cleaning,General Operatory,10:10,50
A10311,Patient 10311,D357,Filling,General Operatory,09:35,53
A10312,Patient 10312,D715,Checkup/Cleaning,General Operatory,09:50,51
A10313,Patient 10313,D54,Checkup/Cleaning,General Operatory,10:20,37
A10314,Patient 10314,D467,Filling,General Operatory,11:50,44
A10315,Patient 10315,D370,Root Canal,Endodontic Operatory,10:20,81
A10316,Patient 10316,D132,Extraction,General Operatory,10:35,24
A10317,Patient 10317,D393,Filling,General Operatory,10:20,49
A10318,Patient 10318,D432,Filling,General Operatory,14:35,41
A10319,Patient 10319,D597,X-ray/Imaging,Imaging Room,11:30,11
A10320,Patient 10320,D314,Checkup/Cleaning,General Operatory,10:55,51
A10321,Patient 10321,D552,Extraction,General Operatory,10:05,28
A10322,Patient 10322,D574,Crown,General Operatory,11:10,46
A10323,Patient 10323,D603,Filling,General Operatory,12:15,56
A10324,Patient 10324,D242,Extraction,General Operatory,11:35,32
A10325,Patient 10325,D560,Filling,General Operatory,14:10,52
A10326,Patient 10326,D401,Extraction,General Operatory,13:25,20
A10327,Patient 10327,D531,Filling,General Operatory,09:25,56
A10328,Patient 10328,D126,Filling,General Operatory,11:50,35
A10329,Patient 10329,D40,Extraction,General Operatory,12:55,39
A10330,Patient 10330,D55,Extraction,General Operatory,12:45,29
A10331,Patient 10331,D286,Checkup/Cleaning,General Operatory,12:25,31
A10332,Patient 10332,D371,Checkup/Cleaning,General Operatory,10:40,40
A10333,Patient 10333,D492,Filling,General Operatory,09:50,24
A10334,Patient 10334,D343,Checkup/Cleaning,General Operatory,12:45,56
A10335,Patient 10335,D563,Filling,General Operatory,10:15,23
A10336,Patient 10336,D93,Crown,General Operatory,12:50,37
A10337,Patient 10337,D259,Filling,General Operatory,11:15,20
A10338,Patient 10338,D560,Checkup/Cleaning,General Operatory,11:00,47
A10339,Patient 10339,D322,Filling,General Operatory,13:40,58
A10340,Patient 10340,D693,Crown,General Operatory,14:00,47
A10341,Patient 10341,D548,Filling,General Operatory,10:15,49
A10342,Patient 10342,D367,Checkup/Cleaning,General Operatory,13:25,36
A10343,Patient 10343,D221,Root Canal,Endodontic Operatory,10:20,79
A10344,Patient 10344,D331,Filling,General Operatory,15:45,48
A10345,Patient 10345,D490,Extraction,General Operatory,14:45,29
A10346,Patient 10346,D251,Checkup/Cleaning,General Operatory,14:35,45
A10347,Patient 10347,D69,Filling,General Operatory,11:45,31
A10348,Patient 10348,D749,Filling,General Operatory,11:15,53
A10349,Patient 10349,D414,Crown,General Operatory,09:40,55
A10350,Patient 10350,D402,Checkup/Cleaning,General Operatory,10:00,47
A10351,Patient 10351,D11,Crown,General Operatory,11:00,34
A10352,Patient 10352,D133,Checkup/Cleaning,General Operatory,10:55,56
A10353,Patient 10353,D432,Checkup/Cleaning,General Operatory,11:35,49
A10354,Patient 10354,D407,Filling,General Operatory,11:00,37
A10355,Patient 10355,D464,Checkup/Cleaning,General Operatory,11:10,40
A10356,Patient 10356,D305,Checkup/Cleaning,General Operatory,14:10,60
A10357,Patient 10357,D263,X-ray/Imaging,Imaging Room,10:15,15
A10358,Patient 10358,D106,Checkup/Cleaning,General Operatory,12:35,50
A10359,Patient 10359,D175,Checkup/Cleaning,General Operatory,10:30,47
A10360,Patient 10360,D79,Extraction,General Operatory,10:45,36
A10361,Patient 10361,D261,Crown,General Operatory,10:30,35
A10362,Patient 10362,D25,Root Canal,Endodontic Operatory,09:05,78
A10363,Patient 10363,D364,Checkup/Cleaning,General Operatory,09:50,42
A10364,Patient 10364,D296,Extraction,General Operatory,14:15,32
A10365,Patient 10365,D634,Filling,General Operatory,09:15,22
A10366,Patient 10366,D616,Checkup/Cleaning,General Operatory,09:15,36
A10367,Patient 10367,D324,Checkup/Cleaning,General Operatory,11:05,39
A10368,Patient 10368,D126,Crown,General Operatory,11:30,50
A10369,Patient 10369,D527,Extraction,General Operatory,11:45,24
A10370,Patient 10370,D530,Filling,General Operatory,13:00,25
A10371,Patient 10371,D492,Filling,General Operatory,10:35,56
A10372,Patient 10372,D248,Checkup/Cleaning,General Operatory,10:10,56
A10373,Patient 10373,D631,Checkup/Cleaning,General Operatory,09:50,34
A10374,Patient 10374,D565,Checkup/Cleaning,General Operatory,10:10,55
A10375,Patient 10375,D404,X-ray/Imaging,Imaging Room,12:35,10
A10376,Patient 10376,D590,Root Canal,Endodontic Operatory,13:40,89
A10377,Patient 10377,D55,Extraction,General Operatory,10:45,29
A10378,Patient 10378,D219,Checkup/Cleaning,General Operatory,11:25,39
A10379,Patient 10379,D667,Crown,General Operatory,09:20,45
A10380,Patient 10380,D654,Filling,General Operatory,10:05,28
A10381,Patient 10381,D650,X-ray/Imaging,Imaging Room,13:20,12
A10382,Patient 10382,D289,Filling,General Operatory,09:50,24
A10383,Patient 10383,D226,Root Canal,Endodontic Operatory,12:25,77
A10384,Patient 10384,D466,Extraction,General Operatory,10:10,33
A10385,Patient 10385,D692,Checkup/Cleaning,General Operatory,14:05,57
A10386,Patient 10386,D633,Checkup/Cleaning,General Operatory,13:45,46
A10387,Patient 10387,D308,Extraction,General Operatory,10:10,30
A10388,Patient 10388,D656,Checkup/Cleaning,General Operatory,11:55,35
A10389,Patient 10389,D733,X-ray/Imaging,Imaging Room,10:25,13
A10390,Patient 10390,D685,Crown,General Operatory,13:35,55
A10391,Patient 10391,D509,Extraction,General Operatory,11:00,36
A10392,Patient 10392,D519,Checkup/Cleaning,General Operatory,12:30,52
A10393,Patient 10393,D75,Checkup/Cleaning,General Operatory,11:10,54
A10394,Patient 10394,D475,Extraction,General Operatory,10:20,39
A10395,Patient 10395,D325,Checkup/Cleaning,General Operatory,13:45,52
A10396,Patient 10396,D686,Checkup/Cleaning,General Operatory,12:30,54
A10397,Patient 10397,D276,Filling,General Operatory,10:55,42
A10398,Patient 10398,D61,Filling,General Operatory,14:30,21
A10399,Patient 10399,D661,Filling,General Operatory,11:00,26
A10400,Patient 10400,D607,Filling,General Operatory,09:50,60
A10401,Patient 10401,D337,Checkup/Cleaning,General Operatory,09:20,30
A10402,Patient 10402,D324,Filling,General Operatory,12:25,44
A10403,Patient 10403,D611,Root Canal,Endodontic Operatory,10:55,68
A10404,Patient 10404,D561,Checkup/Cleaning,General Operatory,12:15,40
A10405,Patient 10405,D63,Filling,General Operatory,11:30,30
A10406,Patient 10406,D111,Filling,General Operatory,12:55,23
A10407,Patient 10407,D509,Checkup/Cleaning,General Operatory,15:15,58
A10408,Patient 10408,D701,Checkup/Cleaning,General Operatory,14:20,30
A10409,Patient 10409,D246,Root Canal,Endodontic Operatory,13:00,80
A10410,Patient 10410,D215,Crown,General Operatory,12:45,53
A10411,Patient 10411,D398,Checkup/Cleaning,General Operatory,12:30,58
A10412,Patient 10412,D727,Filling,General Operatory,10:50,42
A10413,Patient 10413,D152,Crown,General Operatory,14:15,39
A10414,Patient 10414,D381,Filling,General Operatory,14:10,42
A10415,Patient 10415,D560,Extraction,General Operatory,14:05,27
A10416,Patient 10416,D617,Filling,General Operatory,09:15,38
A10417,Patient 10417,D31,Filling,General Operatory,11:20,42
A10418,Patient 10418,D517,Filling,General Operatory,14:05,48
A10419,Patient 10419,D544,Crown,General Operatory,13:35,55
A10420,Patient 10420,D696,Root Canal,Endodontic Operatory,11:15,70
A10421,Patient 10421,D744,Crown,General Operatory,10:25,46
A10422,Patient 10422,D457,Filling,General Operatory,12:55,20
A10423,Patient 10423,D575,Extraction,General Operatory,15:40,33
A10424,Patient 10424,D647,Extraction,General Operatory,11:40,36
A10425,Patient 10425,D651,Extraction,General Operatory,11:55,20
A10426,Patient 10426,D300,Checkup/Cleaning,General Operatory,10:05,43
A10427,Patient 10427,D696,Extraction,General Operatory,11:15,40
A10428,Patient 10428,D215,Crown,General Operatory,10:20,44
A10429,Patient 10429,D655,Filling,General Operatory,10:55,42
A10430,Patient 10430,D337,Checkup/Cleaning,General Operatory,10:25,48
A10431,Patient 10431,D681,Checkup/Cleaning,General Operatory,09:55,45
A10432,Patient 10432,D47,Checkup/Cleaning,General Operatory,13:35,55
A10433,Patient 10433,D474,X-ray/Imaging,Imaging Room,14:00,11
A10434,Patient 10434,D648,Filling,General Operatory,14:00,36
A10435,Patient 10435,D492,X-ray/Imaging,Imaging Room,10:55,11
A10436,Patient 10436,D43,Checkup/Cleaning,General Operatory,14:20,50
A10437,Patient 10437,D276,Checkup/Cleaning,General Operatory,11:25,45
A10438,Patient 10438,D104,Filling,General Operatory,13:30,25
A10439,Patient 10439,D689,Checkup/Cleaning,General Operatory,10:50,32
A10440,Patient 10440,D201,Root Canal,Endodontic Operatory,10:20,75
A10441,Patient 10441,D698,X-ray/Imaging,Imaging Room,13:25,10
A10442,Patient 10442,D634,Root Canal,Endodontic Operatory,09:30,68
A10443,Patient 10443,D85,X-ray/Imaging,Imaging Room,10:25,13
A10444,Patient 10444,D282,Filling,General Operatory,10:30,21
A10445,Patient 10445,D226,Checkup/Cleaning,General Operatory,12:40,44
A10446,Patient 10446,D376,Checkup/Cleaning,General Operatory,10:25,52
A10447,Patient 10447,D557,Checkup/Cleaning,General Operatory,10:30,60
A10448,Patient 10448,D12,Extraction,General Operatory,11:05,22
A10449,Patient 10449,D82,Extraction,General Operatory,10:55,36
A10450,Patient 10450,D93,Checkup/Cleaning,General Operatory,09:45,48
A10451,Patient 10451,D505,Checkup/Cleaning,General Operatory,12:55,55
A10452,Patient 10452,D387,Extraction,General Operatory,10:50,28
A10453,Patient 10453,D564,Filling,General Operatory,11:20,38
A10454,Patient 10454,D680,Checkup/Cleaning,General Operatory,12:20,42
A10455,Patient 10455,D218,Checkup/Cleaning,General Operatory,10:05,39
A10456,Patient 10456,D288,Filling,General Operatory,12:25,22
A10457,Patient 10457,D403,Checkup/Cleaning,General Operatory,13:55,44
A10458,Patient 10458,D504,Crown,General Operatory,14:15,46
A10459,Patient 10459,D169,Checkup/Cleaning,General Operatory,13:50,33
A10460,Patient 10460,D41,Checkup/Cleaning,General Operatory,15:50,35
A10461,Patient 10461,D27,Filling,General Operatory,10:30,36
A10462,Patient 10462,D546,Extraction,General Operatory,12:55,23
A10463,Patient 10463,D468,Checkup/Cleaning,General Operatory,15:35,41
A10464,Patient 10464,D278,Filling,General Operatory,14:00,47
A10465,Patient 10465,D553,Extraction,General Operatory,11:35,34
A10466,Patient 10466,D461,Filling,General Operatory,14:30,34
A10467,Patient 10467,D409,Extraction,General Operatory,14:25,30
A10468,Patient 10468,D746,Crown,General Operatory,11:45,54
A10469,Patient 10469,D86,Root Canal,Endodontic Operatory,15:30,60
A10470,Patient 10470,D633,Extraction,General Operatory,15:50,38
A10471,Patient 10471,D223,Extraction,General Operatory,10:50,35
A10472,Patient 10472,D553,Extraction,General Operatory,10:00,32
A10473,Patient 10473,D223,Root Canal,Endodontic Operatory,09:20,77
A10474,Patient 10474,D324,Root Canal,Endodontic Operatory,12:15,66
A10475,Patient 10475,D26,Checkup/Cleaning,General Operatory,12:45,56
A10476,Patient 10476,D27,Root Canal,Endodontic Operatory,09:00,87
A10477,Patient 10477,D25,Checkup/Cleaning,General Operatory,11:25,60
A10478,Patient 10478,D358,Checkup/Cleaning,General Operatory,11:25,44
A10479,Patient 10479,D726,Root Canal,Endodontic Operatory,11:05,73
A10480,Patient 10480,D729,Checkup/Cleaning,General Operatory,09:40,43
A10481,Patient 10481,D143,Checkup/Cleaning,General Operatory,11:25,33
A10482,Patient 10482,D650,Checkup/Cleaning,General Operatory,14:35,36
A10483,Patient 10483,D520,Checkup/Cleaning,General Operatory,15:15,45
A10484,Patient 10484,D398,X-ray/Imaging,Imaging Room,10:50,15
A10485,Patient 10485,D558,Root Canal,Endodontic Operatory,11:10,61
A10486,Patient 10486,D567,Crown,General Operatory,11:40,56
A10487,Patient 10487,D654,Checkup/Cleaning,General Operatory,13:05,58
A10488,Patient 10488,D731,Filling,General Operatory,10:00,25
A10489,Patient 10489,D377,Filling,General Operatory,10:05,39
A10490,Patient 10490,D62,Filling,General Operatory,11:00,40
A10491,Patient 10491,D496,Checkup/Cleaning,General Operatory,09:40,33
A10492,Patient 10492,D110,Extraction,General Operatory,10:45,36
A10493,Patient 10493,D579,Filling,General Operatory,11:50,26
A10494,Patient 10494,D426,Crown,General Operatory,12:25,37
A10495,Patient 10495,D88,Checkup/Cleaning,General Operatory,10:15,59
A10496,Patient 10496,D207,Root Canal,Endodontic Operatory,10:45,74
A10497,Patient 10497,D13,Filling,General Operatory,10:30,20
A10498,Patient 10498,D421,Filling,General Operatory,11:35,47
A10499,Patient 10499,D315,Checkup/Cleaning,General Operatory,10:05,45
A10500,Patient 10500,D622,Root Canal,Endodontic Operatory,14:00,73
A10501,Patient 10501,D344,Checkup/Cleaning,General Operatory,11:25,44
A10502,Patient 10502,D352,Checkup/Cleaning,General Operatory,11:35,44
A10503,Patient 10503,D552,Filling,General Operatory,10:50,56
A10504,Patient 10504,D735,Filling,General Operatory,14:20,34
A10505,Patient 10505,D383,Checkup/Cleaning,General Operatory,09:50,50
A10506,Patient 10506,D230,Extraction,General Operatory,11:15,40
A10507,Patient 10507,D31,Checkup/Cleaning,General Operatory,13:35,51
A10508,Patient 10508,D630,Filling,General Operatory,11:05,23
A10509,Patient 10509,D662,Root Canal,Endodontic Operatory,10:20,71
A10510,Patient 10510,D636,Extraction,General Operatory,13:25,32
A10511,Patient 10511,D228,Checkup/Cleaning,General Operatory,10:55,31
A10512,Patient 10512,D500,Crown,General Operatory,10:30,34
A10513,Patient 10513,D429,Checkup/Cleaning,General Operatory,11:55,32
A10514,Patient 10514,D658,Extraction,General Operatory,14:25,31
A10515,Patient 10515,D236,Checkup/Cleaning,General Operatory,12:50,54
A10516,Patient 10516,D94,Filling,General Operatory,10:20,57
A10517,Patient 10517,D445,Checkup/Cleaning,General Operatory,14:30,53
A10518,Patient 10518,D90,Checkup/Cleaning,General Operatory,13:00,52
A10519,Patient 10519,D408,Checkup/Cleaning,General Operatory,11:10,56
A10520,Patient 10520,D28,X-ray/Imaging,Imaging Room,10:45,14
A10521,Patient 10521,D360,Crown,General Operatory,12:50,50
A10522,Patient 10522,D270,Crown,General Operatory,14:45,38
A10523,Patient 10523,D210,Filling,General Operatory,11:45,40
A10524,Patient 10524,D63,Extraction,General Operatory,10:20,36
A10525,Patient 10525,D631,Extraction,General Operatory,11:50,27
A10526,Patient 10526,D149,Checkup/Cleaning,General Operatory,12:15,52
A10527,Patient 10527,D721,Filling,General Operatory,09:50,44
A10528,Patient 10528,D550,Filling,General Operatory,10:45,38
A10529,Patient 10529,D633,Filling,General Operatory,12:20,51
A10530,Patient 10530,D618,Extraction,General Operatory,12:50,24
A10531,Patient 10531,D242,Extraction,General Operatory,11:15,36
A10532,Patient 10532,D619,Extraction,General Operatory,10:25,40
A10533,Patient 10533,D344,Checkup/Cleaning,General Operatory,10:20,51
A10534,Patient 10534,D727,Filling,General Operatory,10:05,55
A10535,Patient 10535,D272,Filling,General Operatory,11:25,29
A10536,Patient 10536,D449,Filling,General Operatory,10:55,33
A10537,Patient 10537,D192,Checkup/Cleaning,General Operatory,10:20,33
A10538,Patient 10538,D477,Filling,General Operatory,10:00,45
A10539,Patient 10539,D8,Checkup/Cleaning,General Operatory,13:15,33
A10540,Patient 10540,D259,Checkup/Cleaning,General Operatory,12:35,44
A10541,Patient 10541,D733,Checkup/Cleaning,General Operatory,10:00,54
A10542,Patient 10542,D411,Root Canal,Endodontic Operatory,10:35,72
A10543,Patient 10543,D118,Filling,General Operatory,10:15,31
A10544,Patient 10544,D380,Checkup/Cleaning,General Operatory,11:10,33
A10545,Patient 10545,D705,Extraction,General Operatory,14:00,40
A10546,Patient 10546,D336,Checkup/Cleaning,General Operatory,10:25,44
A10547,Patient 10547,D335,Checkup/Cleaning,General Operatory,11:45,30
A10548,Patient 10548,D267,Extraction,General Operatory,10:15,36
A10549,Patient 10549,D426,Filling,General Operatory,12:40,54
A10550,Patient 10550,D306,Checkup/Cleaning,General Operatory,10:40,47
A10551,Patient 10551,D122,Checkup/Cleaning,General Operatory,09:40,43
A10552,Patient 10552,D549,Root Canal,Endodontic Operatory,10:20,66
A10553,Patient 10553,D294,Filling,General Operatory,15:05,60
A10554,Patient 10554,D263,Filling,General Operatory,11:45,38
A10555,Patient 10555,D550,Checkup/Cleaning,General Operatory,10:55,57
A10556,Patient 10556,D374,Root Canal,Endodontic Operatory,11:10,69
A10557,Patient 10557,D435,Extraction,General Operatory,12:45,31
A10558,Patient 10558,D110,Root Canal,Endodontic Operatory,11:20,63
A10559,Patient 10559,D672,Checkup/Cleaning,General Operatory,11:00,50
A10560,Patient 10560,D690,Root Canal,Endodontic Operatory,10:15,87
A10561,Patient 10561,D657,Extraction,General Operatory,13:00,22
A10562,Patient 10562,D591,Filling,General Operatory,15:35,35
A10563,Patient 10563,D533,Checkup/Cleaning,General Operatory,12:40,47
A10564,Patient 10564,D691,Checkup/Cleaning,General Operatory,12:15,44
A10565,Patient 10565,D139,Crown,General Operatory,12:45,45
A10566,Patient 10566,D330,Filling,General Operatory,09:55,52
A10567,Patient 10567,D617,Checkup/Cleaning,General Operatory,09:35,48
A10568,Patient 10568,D289,Checkup/Cleaning,General Operatory,11:10,48
A10569,Patient 10569,D539,Checkup/Cleaning,General Operatory,11:20,36
A10570,Patient 10570,D610,Extraction,General Operatory,13:30,25
A10571,Patient 10571,D46,Crown,General Operatory,14:15,38
A10572,Patient 10572,D620,Extraction,General Operatory,11:50,32
A10573,Patient 10573,D303,Checkup/Cleaning,General Operatory,10:40,52
A10574,Patient 10574,D476,Filling,General Operatory,09:35,40
A10575,Patient 10575,D656,Checkup/Cleaning,General Operatory,10:20,44
A10576,Patient 10576,D15,Crown,General Operatory,10:55,37
A10577,Patient 10577,D328,Filling,General Operatory,09:10,46
A10578,Patient 10578,D568,Checkup/Cleaning,General Operatory,12:40,48
A10579,Patient 10579,D686,Crown,General Operatory,14:05,57
A10580,Patient 10580,D524,Checkup/Cleaning,General Operatory,09:10,52
A10581,Patient 10581,D1,Checkup/Cleaning,General Operatory,10:25,36
A10582,Patient 10582,D158,Filling,General Operatory,11:40,45
A10583,Patient 10583,D491,Extraction,General Operatory,14:50,40
A10584,Patient 10584,D159,Checkup/Cleaning,General Operatory,09:45,54
A10585,Patient 10585,D466,Checkup/Cleaning,General Operatory,10:25,57
A10586,Patient 10586,D435,Filling,General Operatory,11:00,30
A10587,Patient 10587,D725,Filling,General Operatory,14:05,44
A10588,Patient 10588,D172,Checkup/Cleaning,General Operatory,11:10,38
A10589,Patient 10589,D714,Checkup/Cleaning,General Operatory,13:40,48
A10590,Patient 10590,D457,Checkup/Cleaning,General Operatory,12:40,54
A10591,Patient 10591,D466,Extraction,General Operatory,10:40,39
A10592,Patient 10592,D712,Filling,General Operatory,13:25,29
A10593,Patient 10593,D419,Checkup/Cleaning,General Operatory,14:20,47
A10594,Patient 10594,D314,Filling,General Operatory,11:20,44
A10595,Patient 10595,D597,Root Canal,Endodontic Operatory,15:15,80
A10596,Patient 10596,D500,Extraction,General Operatory,10:55,28
A10597,Patient 10597,D360,Extraction,General Operatory,13:00,21
A10598,Patient 10598,D236,Crown,General Operatory,11:45,41
A10599,Patient 10599,D517,Checkup/Cleaning,General Operatory,11:15,57
A10600,Patient 10600,D666,Checkup/Cleaning,General Operatory,13:55,42
A10601,Patient 10601,D664,Filling,General Operatory,09:35,58
A10602,Patient 10602,D84,Extraction,General Operatory,11:40,20
A10603,Patient 10603,D569,Filling,General Operatory,09:50,33
A10604,Patient 10604,D154,Filling,General Operatory,10:30,25
A10605,Patient 10605,D616,Extraction,General Operatory,12:05,21
A10606,Patient 10606,D305,Checkup/Cleaning,General Operatory,13:00,44
A10607,Patient 10607,D643,Extraction,General Operatory,09:55,40
A10608,Patient 10608,D476,Filling,General Operatory,10:30,52
A10609,Patient 10609,D282,Checkup/Cleaning,General Operatory,10:35,38
A10610,Patient 10610,D73,Filling,General Operatory,10:15,59
A10611,Patient 10611,D642,Checkup/Cleaning,General Operatory,11:45,38
A10612,Patient 10612,D309,Filling,General Operatory,11:45,50
A10613,Patient 10613,D264,Checkup/Cleaning,General Operatory,10:45,31
A10614,Patient 10614,D431,Checkup/Cleaning,General Operatory,15:30,59
A10615,Patient 10615,D408,Checkup/Cleaning,General Operatory,11:05,47
A10616,Patient 10616,D506,Extraction,General Operatory,14:30,20
A10617,Patient 10617,D571,Extraction,General Operatory,10:25,20
A10618,Patient 10618,D22,Checkup/Cleaning,General Operatory,10:00,58
A10619,Patient 10619,D216,X-ray/Imaging,Imaging Room,14:15,15
A10620,Patient 10620,D458,Checkup/Cleaning,General Operatory,13:25,34
A10621,Patient 10621,D132,Checkup/Cleaning,General Operatory,10:45,56
A10622,Patient 10622,D652,Filling,General Operatory,11:15,21
A10623,Patient 10623,D275,Filling,General Operatory,13:30,58
A10624,Patient 10624,D2,Checkup/Cleaning,General Operatory,13:10,52
A10625,Patient 10625,D114,Checkup/Cleaning,General Operatory,11:25,36
A10626,Patient 10626,D280,Extraction,General Operatory,13:05,29
A10627,Patient 10627,D496,Extraction,General Operatory,09:35,20
A10628,Patient 10628,D119,Filling,General Operatory,10:25,22
A10629,Patient 10629,D143,Checkup/Cleaning,General Operatory,14:40,38
A10630,Patient 10630,D52,Extraction,General Operatory,15:45,31
A10631,Patient 10631,D706,Filling,General Operatory,15:35,30
A10632,Patient 10632,D546,Filling,General Operatory,11:40,38
A10633,Patient 10633,D249,X-ray/Imaging,Imaging Room,13:30,10
A10634,Patient 10634,D218,Checkup/Cleaning,General Operatory,11:05,34
A10635,Patient 10635,D618,Checkup/Cleaning,General Operatory,10:45,49
A10636,Patient 10636,D38,Extraction,General Operatory,09:30,33
A10637,Patient 10637,D657,Filling,General Operatory,14:00,60
A10638,Patient 10638,D518,Checkup/Cleaning,General Operatory,14:20,38
A10639,Patient 10639,D47,Extraction,General Operatory,10:50,25
A10640,Patient 10640,D324,Root Canal,Endodontic Operatory,12:20,78
A10641,Patient 10641,D468,Checkup/Cleaning,General Operatory,15:25,54
A10642,Patient 10642,D569,Root Canal,Endodontic Operatory,09:35,84
A10643,Patient 10643,D492,Filling,General Operatory,10:10,48
A10644,Patient 10644,D356,Checkup/Cleaning,General Operatory,11:45,46
A10645,Patient 10645,D332,Crown,General Operatory,12:55,58
A10646,Patient 10646,D26,Extraction,General Operatory,14:40,33
A10647,Patient 10647,D274,X-ray/Imaging,Imaging Room,12:55,14
A10648,Patient 10648,D172,Extraction,General Operatory,15:50,29
A10649,Patient 10649,D485,Checkup/Cleaning,General Operatory,09:50,31
A10650,Patient 10650,D180,Checkup/Cleaning,General Operatory,11:30,38
A10651,Patient 10651,D349,Root Canal,Endodontic Operatory,11:30,67
A10652,Patient 10652,D637,Filling,General Operatory,10:50,28
A10653,Patient 10653,D651,Extraction,General Operatory,10:10,36
A10654,Patient 10654,D467,Checkup/Cleaning,General Operatory,10:00,56
A10655,Patient 10655,D381,Checkup/Cleaning,General Operatory,14:00,51
A10656,Patient 10656,D218,Root Canal,Endodontic Operatory,09:30,75
A10657,Patient 10657,D618,Crown,General Operatory,10:50,50
A10658,Patient 10658,D536,Checkup/Cleaning,General Operatory,13:45,42
A10659,Patient 10659,D203,Filling,General Operatory,11:25,48
A10660,Patient 10660,D671,Extraction,General Operatory,10:50,30
A10661,Patient 10661,D168,Checkup/Cleaning,General Operatory,09:55,46
A10662,Patient 10662,D253,Crown,General Operatory,11:00,50
A10663,Patient 10663,D79,Extraction,General Operatory,10:20,39
A10664,Patient 10664,D737,Checkup/Cleaning,General Operatory,09:50,46
A10665,Patient 10665,D731,Extraction,General Operatory,13:15,34
A10666,Patient 10666,D302,Crown,General Operatory,12:20,36
A10667,Patient 10667,D271,Filling,General Operatory,15:00,20
A10668,Patient 10668,D533,Checkup/Cleaning,General Operatory,11:20,34
A10669,Patient 10669,D265,Checkup/Cleaning,General Operatory,10:45,43
A10670,Patient 10670,D482,Checkup/Cleaning,General Operatory,11:25,49
A10671,Patient 10671,D314,Root Canal,Endodontic Operatory,13:55,72
A10672,Patient 10672,D547,Filling,General Operatory,12:15,52
A10673,Patient 10673,D401,Extraction,General Operatory,13:25,22
A10674,Patient 10674,D682,Filling,General Operatory,12:30,49
A10675,Patient 10675,D745,Checkup/Cleaning,General Operatory,11:20,51
A10676,Patient 10676,D300,Checkup/Cleaning,General Operatory,13:00,55
A10677,Patient 10677,D650,Checkup/Cleaning,General Operatory,10:10,53
A10678,Patient 10678,D578,Extraction,General Operatory,15:10,40
A10679,Patient 10679,D329,Checkup/Cleaning,General Operatory,09:35,32
A10680,Patient 10680,D21,Filling,General Operatory,11:15,51
A10681,Patient 10681,D144,Crown,General Operatory,12:50,55
A10682,Patient 10682,D345,Extraction,General Operatory,11:40,37
A10683,Patient 10683,D434,Filling,General Operatory,10:35,43
A10684,Patient 10684,D656,Checkup/Cleaning,General Operatory,10:00,46
A10685,Patient 10685,D36,Filling,General Operatory,11:30,35
A10686,Patient 10686,D112,Root Canal,Endodontic Operatory,13:35,82
A10687,Patient 10687,D357,Filling,General Operatory,09:20,39
A10688,Patient 10688,D242,Root Canal,Endodontic Operatory,11:40,68
A10689,Patient 10689,D735,Checkup/Cleaning,General Operatory,15:35,35
A10690,Patient 10690,D710,Filling,General Operatory,12:40,31
A10691,Patient 10691,D327,Root Canal,Endodontic Operatory,09:30,62
A10692,Patient 10692,D184,Root Canal,Endodontic Operatory,09:50,74
A10693,Patient 10693,D341,Checkup/Cleaning,General Operatory,10:20,55
A10694,Patient 10694,D129,Filling,General Operatory,09:15,46
A10695,Patient 10695,D508,Extraction,General Operatory,10:55,24
A10696,Patient 10696,D476,Checkup/Cleaning,General Operatory,09:15,58
A10697,Patient 10697,D538,Extraction,General Operatory,09:55,21
A10698,Patient 10698,D647,Crown,General Operatory,10:05,42
A10699,Patient 10699,D281,Checkup/Cleaning,General Operatory,10:55,38
A10700,Patient 10700,D3,Checkup/Cleaning,General Operatory,12:55,60
A10701,Patient 10701,D214,Checkup/Cleaning,General Operatory,10:05,41
A10702,Patient 10702,D76,Extraction,General Operatory,11:25,40
A10703,Patient 10703,D561,Extraction,General Operatory,10:55,35
A10704,Patient 10704,D339,Checkup/Cleaning,General Operatory,10:35,41
A10705,Patient 10705,D276,Extraction,General Operatory,12:25,27
A10706,Patient 10706,D487,Checkup/Cleaning,General Operatory,13:10,36
A10707,Patient 10707,D520,Filling,General Operatory,14:05,36
A10708,Patient 10708,D549,Filling,General Operatory,09:50,44
A10709,Patient 10709,D146,Root Canal,Endodontic Operatory,10:00,67
A10710,Patient 10710,D671,Filling,General Operatory,09:55,30
A10711,Patient 10711,D328,Crown,General Operatory,10:00,59
A10712,Patient 10712,D47,Root Canal,Endodontic Operatory,10:45,88
A10713,Patient 10713,D232,Extraction,General Operatory,10:20,20
A10714,Patient 10714,D672,Filling,General Operatory,11:15,58
A10715,Patient 10715,D373,Root Canal,Endodontic Operatory,11:00,65
A10716,Patient 10716,D53,Filling,General Operatory,14:45,22
A10717,Patient 10717,D429,Filling,General Operatory,10:05,34
A10718,Patient 10718,D375,X-ray/Imaging,Imaging Room,10:20,13
A10719,Patient 10719,D380,Filling,General Operatory,14:00,24
A10720,Patient 10720,D570,Checkup/Cleaning,General Operatory,14:20,36
A10721,Patient 10721,D450,Checkup/Cleaning,General Operatory,11:45,55
A10722,Patient 10722,D574,Checkup/Cleaning,General Operatory,12:30,57
A10723,Patient 10723,D501,Extraction,General Operatory,14:30,26
A10724,Patient 10724,D538,Checkup/Cleaning,General Operatory,10:35,49
A10725,Patient 10725,D416,Extraction,General Operatory,14:10,20
A10726,Patient 10726,D11,Checkup/Cleaning,General Operatory,09:50,44
A10727,Patient 10727,D106,Filling,General Operatory,11:05,40
A10728,Patient 10728,D423,Extraction,General Operatory,10:10,32
A10729,Patient 10729,D529,Filling,General Operatory,13:35,59
A10730,Patient 10730,D662,Filling,General Operatory,10:20,54
A10731,Patient 10731,D509,Crown,General Operatory,13:40,53
A10732,Patient 10732,D168,Checkup/Cleaning,General Operatory,09:50,39
A10733,Patient 10733,D259,Checkup/Cleaning,General Operatory,12:30,31
A10734,Patient 10734,D707,Checkup/Cleaning,General Operatory,15:15,33
A10735,Patient 10735,D440,Crown,General Operatory,14:10,45
A10736,Patient 10736,D253,Filling,General Operatory,12:50,35
A10737,Patient 10737,D81,Root Canal,Endodontic Operatory,13:40,85
A10738,Patient 10738,D309,X-ray/Imaging,Imaging Room,14:35,11
A10739,Patient 10739,D158,Filling,General Operatory,09:20,26
A10740,Patient 10740,D222,Checkup/Cleaning,General Operatory,10:35,43
A10741,Patient 10741,D277,Checkup/Cleaning,General Operatory,11:25,54
A10742,Patient 10742,D295,Crown,General Operatory,09:55,39
A10743,Patient 10743,D268,Extraction,General Operatory,11:05,24
A10744,Patient 10744,D246,Checkup/Cleaning,General Operatory,12:50,37
A10745,Patient 10745,D720,Checkup/Cleaning,General Operatory,11:00,30
A10746,Patient 10746,D133,Filling,General Operatory,09:40,58
A10747,Patient 10747,D676,Extraction,General Operatory,14:05,28
A10748,Patient 10748,D341,Checkup/Cleaning,General Operatory,11:35,48
A10749,Patient 10749,D581,Checkup/Cleaning,General Operatory,10:05,59
A10750,Patient 10750,D236,Root Canal,Endodontic Operatory,11:25,79
A10751,Patient 10751,D120,Extraction,General Operatory,12:25,35
A10752,Patient 10752,D603,Checkup/Cleaning,General Operatory,14:05,53
A10753,Patient 10753,D282,Filling,General Operatory,11:25,51
A10754,Patient 10754,D293,Checkup/Cleaning,General Operatory,11:00,54
A10755,Patient 10755,D466,Filling,General Operatory,09:35,43
A10756,Patient 10756,D71,Crown,General Operatory,13:00,30
A10757,Patient 10757,D1,Extraction,General Operatory,10:45,21
A10758,Patient 10758,D402,Checkup/Cleaning,General Operatory,10:05,59
A10759,Patient 10759,D57,Checkup/Cleaning,General Operatory,09:50,60
A10760,Patient 10760,D739,X-ray/Imaging,Imaging Room,12:35,13
A10761,Patient 10761,D432,Checkup/Cleaning,General Operatory,14:10,53
A10762,Patient 10762,D440,Checkup/Cleaning,General Operatory,11:35,34
A10763,Patient 10763,D613,Extraction,General Operatory,12:40,38
A10764,Patient 10764,D466,Checkup/Cleaning,General Operatory,10:35,53
A10765,Patient 10765,D708,Checkup/Cleaning,General Operatory,10:30,60
A10766,Patient 10766,D66,Checkup/Cleaning,General Operatory,12:55,35
A10767,Patient 10767,D170,Checkup/Cleaning,General Operatory,14:00,35
A10768,Patient 10768,D202,Filling,General Operatory,10:20,25
A10769,Patient 10769,D334,Checkup/Cleaning,General Operatory,11:05,35
A10770,Patient 10770,D616,X-ray/Imaging,Imaging Room,09:45,13
A10771,Patient 10771,D698,Checkup/Cleaning,General Operatory,14:20,48
A10772,Patient 10772,D44,Crown,General Operatory,11:00,51
A10773,Patient 10773,D307,Checkup/Cleaning,General Operatory,10:00,39
A10774,Patient 10774,D190,Filling,General Operatory,10:15,29
A10775,Patient 10775,D398,Filling,General Operatory,14:30,21
A10776,Patient 10776,D226,Filling,General Operatory,15:35,34
A10777,Patient 10777,D36,Checkup/Cleaning,General Operatory,10:20,59
A10778,Patient 10778,D709,Checkup/Cleaning,General Operatory,12:25,50
A10779,Patient 10779,D116,Filling,General Operatory,11:35,32
A10780,Patient 10780,D567,Root Canal,Endodontic Operatory,10:50,83
A10781,Patient 10781,D213,Extraction,General Operatory,14:20,34
A10782,Patient 10782,D374,Root Canal,Endodontic Operatory,14:10,62
A10783,Patient 10783,D23,Checkup/Cleaning,General Operatory,09:45,54
A10784,Patient 10784,D655,Extraction,General Operatory,11:05,30
A10785,Patient 10785,D371,Filling,General Operatory,10:50,23
A10786,Patient 10786,D354,Root Canal,Endodontic Operatory,09:55,75
A10787,Patient 10787,D187,Extraction,General Operatory,09:50,26
A10788,Patient 10788,D494,Checkup/Cleaning,General Operatory,15:10,43
A10789,Patient 10789,D571,Filling,General Operatory,10:50,39
A10790,Patient 10790,D404,Extraction,General Operatory,12:55,29
A10791,Patient 10791,D359,Checkup/Cleaning,General Operatory,11:00,49
A10792,Patient 10792,D561,Checkup/Cleaning,General Operatory,14:05,41
A10793,Patient 10793,D372,Checkup/Cleaning,General Operatory,11:25,50
A10794,Patient 10794,D586,Checkup/Cleaning,General Operatory,09:35,56
A10795,Patient 10795,D677,Checkup/Cleaning,General Operatory,12:25,35
A10796,Patient 10796,D694,Extraction,General Operatory,10:45,40
A10797,Patient 10797,D641,Checkup/Cleaning,General Operatory,13:50,33
A10798,Patient 10798,D377,Filling,General Operatory,09:30,46
A10799,Patient 10799,D74,Checkup/Cleaning,General Operatory,11:40,51
A10800,Patient 10800,D431,Crown,General Operatory,11:20,46
A10801,Patient 10801,D272,Crown,General Operatory,11:45,53
A10802,Patient 10802,D412,Checkup/Cleaning,General Operatory,09:25,31
A10803,Patient 10803,D435,Root Canal,Endodontic Operatory,15:10,65
A10804,Patient 10804,D333,Root Canal,Endodontic Operatory,09:40,82
A10805,Patient 10805,D441,Checkup/Cleaning,General Operatory,10:35,57
A10806,Patient 10806,D144,X-ray/Imaging,Imaging Room,10:05,15
A10807,Patient 10807,D226,Checkup/Cleaning,General Operatory,14:00,31
A10808,Patient 10808,D490,Checkup/Cleaning,General Operatory,14:30,34
A10809,Patient 10809,D195,Root Canal,Endodontic Operatory,13:35,61
A10810,Patient 10810,D344,Extraction,General Operatory,13:00,33
A10811,Patient 10811,D667,Crown,General Operatory,10:50,49
A10812,Patient 10812,D247,Extraction,General Operatory,10:50,22
A10813,Patient 10813,D168,X-ray/Imaging,Imaging Room,13:20,11
A10814,Patient 10814,D283,Filling,General Operatory,10:25,38
A10815,Patient 10815,D475,Checkup/Cleaning,General Operatory,13:20,44
A10816,Patient 10816,D685,Filling,General Operatory,11:20,38
A10817,Patient 10817,D424,Extraction,General Operatory,09:40,27
A10818,Patient 10818,D675,Extraction,General Operatory,13:50,34
A10819,Patient 10819,D41,Extraction,General Operatory,10:55,21
A10820,Patient 10820,D302,X-ray/Imaging,Imaging Room,13:55,12
A10821,Patient 10821,D381,Filling,General Operatory,12:15,60
A10822,Patient 10822,D108,Checkup/Cleaning,General Operatory,11:30,46
A10823,Patient 10823,D734,Filling,General Operatory,11:05,21
A10824,Patient 10824,D263,Filling,General Operatory,10:40,23
A10825,Patient 10825,D450,Checkup/Cleaning,General Operatory,12:50,36
A10826,Patient 10826,D750,Root Canal,Endodontic Operatory,13:35,69
A10827,Patient 10827,D32,Checkup/Cleaning,General Operatory,09:45,49
A10828,Patient 10828,D731,X-ray/Imaging,Imaging Room,10:05,12
A10829,Patient 10829,D88,Checkup/Cleaning,General Operatory,09:55,31
A10830,Patient 10830,D688,Root Canal,Endodontic Operatory,09:05,81
A10831,Patient 10831,D30,Root Canal,Endodontic Operatory,10:45,71
A10832,Patient 10832,D223,Checkup/Cleaning,General Operatory,10:55,53
A10833,Patient 10833,D467,Filling,General Operatory,11:45,22
A10834,Patient 10834,D16,Root Canal,Endodontic Operatory,15:05,74
A10835,Patient 10835,D664,Checkup/Cleaning,General Operatory,10:25,33
A10836,Patient 10836,D234,Checkup/Cleaning,General Operatory,11:40,32
A10837,Patient 10837,D22,Filling,General Operatory,10:00,27
A10838,Patient 10838,D469,Filling,General Operatory,10:10,29
A10839,Patient 10839,D236,Filling,General Operatory,10:10,27
A10840,Patient 10840,D126,Checkup/Cleaning,General Operatory,13:00,59
A10841,Patient 10841,D179,Crown,General Operatory,11:10,45
A10842,Patient 10842,D263,Checkup/Cleaning,General Operatory,10:40,41
A10843,Patient 10843,D270,Checkup/Cleaning,General Operatory,10:10,42
A10844,Patient 10844,D334,Checkup/Cleaning,General Operatory,14:15,38
A10845,Patient 10845,D192,Crown,General Operatory,09:50,41
A10846,Patient 10846,D716,Checkup/Cleaning,General Operatory,09:55,36
A10847,Patient 10847,D192,Checkup/Cleaning,General Operatory,10:05,44
A10848,Patient 10848,D33,Filling,General Operatory,12:25,39
A10849,Patient 10849,D308,Crown,General Operatory,13:05,47
A10850,Patient 10850,D737,Root Canal,Endodontic Operatory,12:45,83
A10851,Patient 10851,D691,Filling,General Operatory,15:25,40
A10852,Patient 10852,D241,Filling,General Operatory,10:35,26
A10853,Patient 10853,D597,Extraction,General Operatory,13:55,39
A10854,Patient 10854,D77,Root Canal,Endodontic Operatory,10:55,78
A10855,Patient 10855,D61,Checkup/Cleaning,General Operatory,14:10,49
A10856,Patient 10856,D118,Checkup/Cleaning,General Operatory,14:40,53
A10857,Patient 10857,D463,Crown,General Operatory,14:50,33
A10858,Patient 10858,D139,Extraction,General Operatory,10:20,40
A10859,Patient 10859,D534,Filling,General Operatory,12:45,39
A10860,Patient 10860,D344,Extraction,General Operatory,12:55,28
A10861,Patient 10861,D365,Checkup/Cleaning,General Operatory,11:35,36
A10862,Patient 10862,D46,Checkup/Cleaning,General Operatory,11:25,43
A10863,Patient 10863,D491,Checkup/Cleaning,General Operatory,13:00,59
A10864,Patient 10864,D641,Filling,General Operatory,15:35,45
A10865,Patient 10865,D286,Filling,General Operatory,11:10,25
A10866,Patient 10866,D72,X-ray/Imaging,Imaging Room,14:35,11
A10867,Patient 10867,D748,Checkup/Cleaning,General Operatory,09:50,58
A10868,Patient 10868,D278,Checkup/Cleaning,General Operatory,12:40,53
A10869,Patient 10869,D483,Filling,General Operatory,09:30,53
A10870,Patient 10870,D467,Filling,General Operatory,10:20,24
A10871,Patient 10871,D4,Filling,General Operatory,09:55,28
A10872,Patient 10872,D516,Extraction,General Operatory,14:10,27
A10873,Patient 10873,D86,Extraction,General Operatory,10:55,27
A10874,Patient 10874,D364,Filling,General Operatory,09:45,31
A10875,Patient 10875,D185,Extraction,General Operatory,09:55,33
A10876,Patient 10876,D728,Filling,General Operatory,09:15,30
A10877,Patient 10877,D457,Root Canal,Endodontic Operatory,10:15,89
A10878,Patient 10878,D334,Extraction,General Operatory,12:45,24
A10879,Patient 10879,D60,Crown,General Operatory,11:30,47
A10880,Patient 10880,D601,Filling,General Operatory,10:50,27
A10881,Patient 10881,D568,Checkup/Cleaning,General Operatory,10:25,51
A10882,Patient 10882,D28,Extraction,General Operatory,11:10,25
A10883,Patient 10883,D401,Crown,General Operatory,14:40,36
A10884,Patient 10884,D22,Root Canal,Endodontic Operatory,09:20,73
A10885,Patient 10885,D224,Root Canal,Endodontic Operatory,12:40,79
A10886,Patient 10886,D46,Filling,General Operatory,13:10,45
A10887,Patient 10887,D439,Checkup/Cleaning,General Operatory,11:30,52
A10888,Patient 10888,D21,Filling,General Operatory,12:55,21
A10889,Patient 10889,D348,Root Canal,Endodontic Operatory,10:55,61
A10890,Patient 10890,D55,Filling,General Operatory,13:00,22
A10891,Patient 10891,D637,Checkup/Cleaning,General Operatory,11:10,31
A10892,Patient 10892,D518,Root Canal,Endodontic Operatory,11:30,71
A10893,Patient 10893,D303,Checkup/Cleaning,General Operatory,11:10,32
A10894,Patient 10894,D295,Root Canal,Endodontic Operatory,09:55,87
A10895,Patient 10895,D217,Filling,General Operatory,09:30,45
A10896,Patient 10896,D14,Extraction,General Operatory,13:20,39
A10897,Patient 10897,D625,X-ray/Imaging,Imaging Room,11:30,13
A10898,Patient 10898,D596,Checkup/Cleaning,General Operatory,12:45,50
A10899,Patient 10899,D318,Extraction,General Operatory,10:10,37
A10900,Patient 10900,D506,Filling,General Operatory,10:00,59
A10901,Patient 10901,D138,Root Canal,Endodontic Operatory,11:35,62
A10902,Patient 10902,D286,Filling,General Operatory,11:20,25
A10903,Patient 10903,D446,Filling,General Operatory,10:45,43
A10904,Patient 10904,D286,Checkup/Cleaning,General Operatory,12:25,45
A10905,Patient 10905,D108,Checkup/Cleaning,General Operatory,11:20,44
A10906,Patient 10906,D182,Extraction,General Operatory,14:25,21
A10907,Patient 10907,D254,Root Canal,Endodontic Operatory,09:55,72
A10908,Patient 10908,D598,Checkup/Cleaning,General Operatory,10:05,43
A10909,Patient 10909,D569,Filling,General Operatory,10:20,43
A10910,Patient 10910,D377,Crown,General Operatory,11:20,54
A10911,Patient 10911,D77,Crown,General Operatory,12:45,37
A10912,Patient 10912,D292,Checkup/Cleaning,General Operatory,10:15,59
A10913,Patient 10913,D2,Filling,General Operatory,10:15,30
A10914,Patient 10914,D559,Checkup/Cleaning,General Operatory,12:35,56
A10915,Patient 10915,D213,Filling,General Operatory,15:20,25
A10916,Patient 10916,D119,Checkup/Cleaning,General Operatory,09:10,50
A10917,Patient 10917,D515,Checkup/Cleaning,General Operatory,12:20,37
A10918,Patient 10918,D415,Checkup/Cleaning,General Operatory,10:25,51
A10919,Patient 10919,D591,Filling,General Operatory,14:10,51
A10920,Patient 10920,D548,Root Canal,Endodontic Operatory,10:05,71
A10921,Patient 10921,D409,Checkup/Cleaning,General Operatory,12:40,30
A10922,Patient 10922,D267,Checkup/Cleaning,General Operatory,12:35,58
A10923,Patient 10923,D288,Checkup/Cleaning,General Operatory,12:35,48
A10924,Patient 10924,D735,Checkup/Cleaning,General Operatory,13:40,60
A10925,Patient 10925,D129,Extraction,General Operatory,11:00,34
A10926,Patient 10926,D136,Filling,General Operatory,12:35,21
A10927,Patient 10927,D664,Root Canal,Endodontic Operatory,09:10,90
A10928,Patient 10928,D742,Filling,General Operatory,14:05,31
A10929,Patient 10929,D423,Filling,General Operatory,10:40,41
A10930,Patient 10930,D94,Extraction,General Operatory,10:15,38
A10931,Patient 10931,D554,Filling,General Operatory,10:25,45
A10932,Patient 10932,D590,Crown,General Operatory,11:20,57
A10933,Patient 10933,D461,X-ray/Imaging,Imaging Room,10:30,12
A10934,Patient 10934,D65,Filling,General Operatory,09:45,31
A10935,Patient 10935,D302,Filling,General Operatory,11:25,46
A10936,Patient 10936,D312,Checkup/Cleaning,General Operatory,13:55,37
A10937,Patient 10937,D686,Extraction,General Operatory,11:10,34
A10938,Patient 10938,D660,Extraction,General Operatory,15:15,39
A10939,Patient 10939,D525,Checkup/Cleaning,General Operatory,09:40,40
A10940,Patient 10940,D618,Checkup/Cleaning,General Operatory,15:20,42
A10941,Patient 10941,D108,Filling,General Operatory,13:00,33
A10942,Patient 10942,D185,Extraction,General Operatory,09:25,20
A10943,Patient 10943,D293,Crown,General Operatory,11:05,35
A10944,Patient 10944,D551,Crown,General Operatory,10:00,40
A10945,Patient 10945,D303,Filling,General Operatory,10:00,25
A10946,Patient 10946,D164,Checkup/Cleaning,General Operatory,10:15,56
A10947,Patient 10947,D413,Extraction,General Operatory,13:10,36
A10948,Patient 10948,D46,Checkup/Cleaning,General Operatory,11:35,42
A10949,Patient 10949,D518,Crown,General Operatory,12:50,44
A10950,Patient 10950,D723,Checkup/Cleaning,General Operatory,12:35,53
A10951,Patient 10951,D370,Filling,General Operatory,09:40,56
A10952,Patient 10952,D338,Checkup/Cleaning,General Operatory,09:50,50
A10953,Patient 10953,D675,Checkup/Cleaning,General Operatory,14:05,39
A10954,Patient 10954,D19,Extraction,General Operatory,13:10,38
A10955,Patient 10955,D199,Filling,General Operatory,14:00,32
A10956,Patient 10956,D387,X-ray/Imaging,Imaging Room,13:55,13
A10957,Patient 10957,D536,Checkup/Cleaning,General Operatory,12:50,38
A10958,Patient 10958,D544,Filling,General Operatory,11:25,22
A10959,Patient 10959,D729,Filling,General Operatory,09:20,41
A10960,Patient 10960,D704,Filling,General Operatory,14:20,34
A10961,Patient 10961,D353,Extraction,General Operatory,10:20,26
A10962,Patient 10962,D18,Filling,General Operatory,14:00,58
A10963,Patient 10963,D633,Checkup/Cleaning,General Operatory,14:15,39
A10964,Patient 10964,D713,Filling,General Operatory,10:50,47
A10965,Patient 10965,D368,Checkup/Cleaning,General Operatory,15:40,52
A10966,Patient 10966,D232,Crown,General Operatory,10:10,37
A10967,Patient 10967,D73,Checkup/Cleaning,General Operatory,10:25,46
A10968,Patient 10968,D662,Extraction,General Operatory,10:00,31
A10969,Patient 10969,D521,Checkup/Cleaning,General Operatory,10:20,54
A10970,Patient 10970,D534,Checkup/Cleaning,General Operatory,11:30,50
A10971,Patient 10971,D149,Crown,General Operatory,12:35,30
A10972,Patient 10972,D228,Filling,General Operatory,09:25,28
A10973,Patient 10973,D610,Filling,General Operatory,12:55,23
A10974,Patient 10974,D454,Filling,General Operatory,10:10,48
A10975,Patient 10975,D343,Checkup/Cleaning,General Operatory,11:20,54
A10976,Patient 10976,D327,Filling,General Operatory,10:45,60
A10977,Patient 10977,D731,Checkup/Cleaning,General Operatory,11:45,37
A10978,Patient 10978,D214,Checkup/Cleaning,General Operatory,09:25,42
A10979,Patient 10979,D186,X-ray/Imaging,Imaging Room,11:30,13
A10980,Patient 10980,D365,Root Canal,Endodontic Operatory,14:20,62
A10981,Patient 10981,D230,Checkup/Cleaning,General Operatory,12:40,40
A10982,Patient 10982,D726,Checkup/Cleaning,General Operatory,10:40,38
A10983,Patient 10983,D717,Checkup/Cleaning,General Operatory,11:35,37
A10984,Patient 10984,D559,Checkup/Cleaning,General Operatory,12:50,44
A10985,Patient 10985,D713,Filling,General Operatory,14:10,43
A10986,Patient 10986,D486,Checkup/Cleaning,General Operatory,11:15,54
A10987,Patient 10987,D267,Crown,General Operatory,09:50,42
A10988,Patient 10988,D505,Extraction,General Operatory,13:15,22
A10989,Patient 10989,D314,Checkup/Cleaning,General Operatory,10:45,53
A10990,Patient 10990,D746,Filling,General Operatory,11:45,40
A10991,Patient 10991,D208,Crown,General Operatory,11:50,51
A10992,Patient 10992,D671,Crown,General Operatory,09:35,56
A10993,Patient 10993,D533,Checkup/Cleaning,General Operatory,13:05,55
A10994,Patient 10994,D490,Filling,General Operatory,11:15,41
A10995,Patient 10995,D138,Checkup/Cleaning,General Operatory,11:15,60
A10996,Patient 10996,D290,Checkup/Cleaning,General Operatory,10:10,58
A10997,Patient 10997,D280,Extraction,General Operatory,14:35,20
A10998,Patient 10998,D545,Extraction,General Operatory,10:15,25
A10999,Patient 10999,D661,Root Canal,Endodontic Operatory,09:45,90
A11000,Patient 11000,D584,Checkup/Cleaning,General Operatory,12:40,51
A11001,Patient 11001,D371,Filling,General Operatory,10:00,49
A11002,Patient 11002,D350,Extraction,General Operatory,10:00,28
A11003,Patient 11003,D313,Filling,General Operatory,15:35,52
A11004,Patient 11004,D253,Extraction,General Operatory,14:10,31
A11005,Patient 11005,D338,Checkup/Cleaning,General Operatory,10:25,51
A11006,Patient 11006,D174,Checkup/Cleaning,General Operatory,11:55,31
A11007,Patient 11007,D269,Filling,General Operatory,12:30,41
A11008,Patient 11008,D507,Crown,General Operatory,13:55,41
A11009,Patient 11009,D625,Extraction,General Operatory,10:25,20
A11010,Patient 11010,D747,Extraction,General Operatory,11:55,32
A11011,Patient 11011,D169,Root Canal,Endodontic Operatory,12:20,61
A11012,Patient 11012,D524,Filling,General Operatory,11:50,29
A11013,Patient 11013,D462,Checkup/Cleaning,General Operatory,10:15,58
A11014,Patient 11014,D239,Checkup/Cleaning,General Operatory,14:20,50
A11015,Patient 11015,D231,Checkup/Cleaning,General Operatory,14:10,56
A11016,Patient 11016,D706,Extraction,General Operatory,14:10,27
A11017,Patient 11017,D319,Checkup/Cleaning,General Operatory,11:00,57
A11018,Patient 11018,D63,Checkup/Cleaning,General Operatory,11:10,58
A11019,Patient 11019,D549,Root Canal,Endodontic Operatory,10:40,69
A11020,Patient 11020,D528,Filling,General Operatory,13:05,60
A11021,Patient 11021,D652,Extraction,General Operatory,11:00,37
A11022,Patient 11022,D411,Checkup/Cleaning,General Operatory,11:10,58
A11023,Patient 11023,D673,Checkup/Cleaning,General Operatory,11:45,35
A11024,Patient 11024,D477,Checkup/Cleaning,General Operatory,11:50,41
A11025,Patient 11025,D468,Checkup/Cleaning,General Operatory,13:40,55
A11026,Patient 11026,D350,Crown,General Operatory,14:40,33
A11027,Patient 11027,D161,Checkup/Cleaning,General Operatory,09:35,45
A11028,Patient 11028,D486,Root Canal,Endodontic Operatory,13:00,67
A11029,Patient 11029,D740,Filling,General Operatory,09:55,24
A11030,Patient 11030,D716,Extraction,General Operatory,09:50,26
A11031,Patient 11031,D708,Root Canal,Endodontic Operatory,10:05,72
A11032,Patient 11032,D736,Checkup/Cleaning,General Operatory,12:40,35
A11033,Patient 11033,D633,Extraction,General Operatory,14:20,36
A11034,Patient 11034,D659,Extraction,General Operatory,11:25,35
A11035,Patient 11035,D78,Filling,General Operatory,12:45,31
A11036,Patient 11036,D584,X-ray/Imaging,Imaging Room,10:55,15
A11037,Patient 11037,D264,Filling,General Operatory,10:10,55
A11038,Patient 11038,D44,X-ray/Imaging,Imaging Room,11:15,13
A11039,Patient 11039,D454,Checkup/Cleaning,General Operatory,11:05,38
A11040,Patient 11040,D368,Filling,General Operatory,12:45,29
A11041,Patient 11041,D550,Filling,General Operatory,11:05,31
A11042,Patient 11042,D155,Filling,General Operatory,11:25,23
A11043,Patient 11043,D194,Checkup/Cleaning,General Operatory,11:15,32
A11044,Patient 11044,D245,Checkup/Cleaning,General Operatory,10:05,38
A11045,Patient 11045,D490,Root Canal,Endodontic Operatory,13:40,86
A11046,Patient 11046,D68,Checkup/Cleaning,General Operatory,12:55,40
A11047,Patient 11047,D186,Crown,General Operatory,10:20,47
A11048,Patient 11048,D342,Checkup/Cleaning,General Operatory,15:55,32
A11049,Patient 11049,D2,Filling,General Operatory,11:50,21
A11050,Patient 11050,D484,Extraction,General Operatory,09:15,39
A11051,Patient 11051,D215,Checkup/Cleaning,General Operatory,11:25,57
A11052,Patient 11052,D321,Checkup/Cleaning,General Operatory,11:10,36
A11053,Patient 11053,D304,Checkup/Cleaning,General Operatory,10:00,40
A11054,Patient 11054,D370,Checkup/Cleaning,General Operatory,10:35,52
A11055,Patient 11055,D91,Checkup/Cleaning,General Operatory,10:10,35
A11056,Patient 11056,D715,Filling,General Operatory,11:50,40
A11057,Patient 11057,D71,Checkup/Cleaning,General Operatory,13:15,48
A11058,Patient 11058,D367,Root Canal,Endodontic Operatory,14:05,84
A11059,Patient 11059,D483,Checkup/Cleaning,General Operatory,11:05,33
A11060,Patient 11060,D2,Filling,General Operatory,12:40,54
A11061,Patient 11061,D379,Filling,General Operatory,09:50,31
A11062,Patient 11062,D273,Root Canal,Endodontic Operatory,10:00,66
A11063,Patient 11063,D380,Filling,General Operatory,15:40,32
A11064,Patient 11064,D483,Extraction,General Operatory,10:45,36
A11065,Patient 11065,D448,Filling,General Operatory,10:30,35
A11066,Patient 11066,D308,X-ray/Imaging,Imaging Room,13:15,12
A11067,Patient 11067,D594,Filling,General Operatory,11:10,27
A11068,Patient 11068,D199,Root Canal,Endodontic Operatory,12:25,85
A11069,Patient 11069,D198,Filling,General Operatory,11:05,60
A11070,Patient 11070,D727,Root Canal,Endodontic Operatory,09:40,68
A11071,Patient 11071,D302,Checkup/Cleaning,General Operatory,15:10,49
A11072,Patient 11072,D79,Checkup/Cleaning,General Operatory,09:25,56
A11073,Patient 11073,D458,Checkup/Cleaning,General Operatory,13:25,36
A11074,Patient 11074,D350,Checkup/Cleaning,General Operatory,13:05,49
A11075,Patient 11075,D555,Crown,General Operatory,11:10,31
A11076,Patient 11076,D213,Filling,General Operatory,15:25,28
A11077,Patient 11077,D97,Checkup/Cleaning,General Operatory,10:20,30
A11078,Patient 11078,D155,Extraction,General Operatory,13:55,39
A11079,Patient 11079,D602,Root Canal,Endodontic Operatory,14:40,79
A11080,Patient 11080,D108,Filling,General Operatory,14:50,20
A11081,Patient 11081,D637,Checkup/Cleaning,General Operatory,10:15,39
A11082,Patient 11082,D81,Filling,General Operatory,13:30,23
A11083,Patient 11083,D398,Filling,General Operatory,11:05,35
A11084,Patient 11084,D745,X-ray/Imaging,Imaging Room,11:10,10
A11085,Patient 11085,D699,X-ray/Imaging,Imaging Room,15:55,12
A11086,Patient 11086,D534,Checkup/Cleaning,General Operatory,12:45,55
A11087,Patient 11087,D122,Root Canal,Endodontic Operatory,09:45,88
A11088,Patient 11088,D247,Filling,General Operatory,10:05,42
A11089,Patient 11089,D201,Checkup/Cleaning,General Operatory,09:50,53
A11090,Patient 11090,D353,Checkup/Cleaning,General Operatory,13:20,40
A11091,Patient 11091,D672,Extraction,General Operatory,13:55,24
A11092,Patient 11092,D700,Filling,General Operatory,11:00,26
A11093,Patient 11093,D637,Root Canal,Endodontic Operatory,10:20,61
A11094,Patient 11094,D241,Filling,General Operatory,10:20,24
A11095,Patient 11095,D325,X-ray/Imaging,Imaging Room,10:50,14
A11096,Patient 11096,D378,X-ray/Imaging,Imaging Room,14:35,12
A11097,Patient 11097,D209,Root Canal,Endodontic Operatory,10:20,60
A11098,Patient 11098,D77,Filling,General Operatory,10:50,53
A11099,Patient 11099,D85,Checkup/Cleaning,General Operatory,10:35,56
A11100,Patient 11100,D427,Checkup/Cleaning,General Operatory,12:25,42
A11101,Patient 11101,D624,Checkup/Cleaning,General Operatory,14:15,50
A11102,Patient 11102,D671,Checkup/Cleaning,General Operatory,10:00,49
A11103,Patient 11103,D130,Checkup/Cleaning,General Operatory,10:45,57
A11104,Patient 11104,D35,Crown,General Operatory,11:05,41
A11105,Patient 11105,D207,Root Canal,Endodontic Operatory,11:00,85
A11106,Patient 11106,D226,Checkup/Cleaning,General Operatory,12:35,54
A11107,Patient 11107,D177,Crown,General Operatory,10:55,51
A11108,Patient 11108,D576,Extraction,General Operatory,11:05,37
A11109,Patient 11109,D611,Filling,General Operatory,10:10,36
A11110,Patient 11110,D565,Crown,General Operatory,10:10,40
A11111,Patient 11111,D100,Extraction,General Operatory,13:55,38
A11112,Patient 11112,D167,Extraction,General Operatory,15:45,21
A11113,Patient 11113,D654,Crown,General Operatory,14:15,54
A11114,Patient 11114,D103,Checkup/Cleaning,General Operatory,10:35,50
A11115,Patient 11115,D379,Checkup/Cleaning,General Operatory,12:45,33
A11116,Patient 11116,D241,Filling,General Operatory,09:30,57
A11117,Patient 11117,D410,Filling,General Operatory,11:05,21
A11118,Patient 11118,D159,Checkup/Cleaning,General Operatory,14:25,46
A11119,Patient 11119,D693,Filling,General Operatory,13:40,44
A11120,Patient 11120,D268,Extraction,General Operatory,14:05,26
A11121,Patient 11121,D148,Filling,General Operatory,11:55,22
A11122,Patient 11122,D694,Extraction,General Operatory,09:30,38
A11123,Patient 11123,D553,Root Canal,Endodontic Operatory,10:10,70
A11124,Patient 11124,D205,Extraction,General Operatory,10:00,37
A11125,Patient 11125,D490,Checkup/Cleaning,General Operatory,11:25,44
A11126,Patient 11126,D85,Checkup/Cleaning,General Operatory,11:05,41
A11127,Patient 11127,D420,Filling,General Operatory,14:05,39
A11128,Patient 11128,D211,Extraction,General Operatory,11:50,34
A11129,Patient 11129,D470,Crown,General Operatory,14:30,32
A11130,Patient 11130,D263,X-ray/Imaging,Imaging Room,11:05,15
A11131,Patient 11131,D708,Extraction,General Operatory,09:30,28
A11132,Patient 11132,D59,Extraction,General Operatory,10:00,37
A11133,Patient 11133,D728,Root Canal,Endodontic Operatory,09:35,72
A11134,Patient 11134,D35,Checkup/Cleaning,General Operatory,12:40,60
A11135,Patient 11135,D367,Checkup/Cleaning,General Operatory,09:50,51
A11136,Patient 11136,D699,Checkup/Cleaning,General Operatory,13:50,38
A11137,Patient 11137,D9,Crown,General Operatory,10:05,48
A11138,Patient 11138,D170,Checkup/Cleaning,General Operatory,11:20,58
A11139,Patient 11139,D395,Checkup/Cleaning,General Operatory,10:10,56
A11140,Patient 11140,D81,Checkup/Cleaning,General Operatory,10:25,33
A11141,Patient 11141,D556,Filling,General Operatory,11:25,24
A11142,Patient 11142,D627,Checkup/Cleaning,General Operatory,10:05,34
A11143,Patient 11143,D150,Filling,General Operatory,10:20,26
A11144,Patient 11144,D113,Checkup/Cleaning,General Operatory,14:15,58
A11145,Patient 11145,D528,X-ray/Imaging,Imaging Room,11:25,11
A11146,Patient 11146,D614,Filling,General Operatory,11:15,41
A11147,Patient 11147,D694,Filling,General Operatory,09:20,24
A11148,Patient 11148,D398,Root Canal,Endodontic Operatory,14:00,73
A11149,Patient 11149,D306,Filling,General Operatory,09:05,60
A11150,Patient 11150,D79,Checkup/Cleaning,General Operatory,09:20,52
A11151,Patient 11151,D713,Checkup/Cleaning,General Operatory,12:50,43
A11152,Patient 11152,D391,Checkup/Cleaning,General Operatory,10:55,41
A11153,Patient 11153,D667,Filling,General Operatory,09:25,35
A11154,Patient 11154,D562,Extraction,General Operatory,11:50,26
A11155,Patient 11155,D315,Checkup/Cleaning,General Operatory,11:35,37
A11156,Patient 11156,D403,Crown,General Operatory,15:45,35
A11157,Patient 11157,D24,Extraction,General Operatory,13:25,28
A11158,Patient 11158,D659,Checkup/Cleaning,General Operatory,13:20,36
A11159,Patient 11159,D657,Checkup/Cleaning,General Operatory,12:55,53
A11160,Patient 11160,D8,Extraction,General Operatory,10:20,28
A11161,Patient 11161,D657,Checkup/Cleaning,General Operatory,10:10,47
A11162,Patient 11162,D157,Checkup/Cleaning,General Operatory,12:25,44
A11163,Patient 11163,D88,Checkup/Cleaning,General Operatory,10:00,46
A11164,Patient 11164,D479,Checkup/Cleaning,General Operatory,09:45,59
A11165,Patient 11165,D382,Filling,General Operatory,13:10,42
A11166,Patient 11166,D587,Filling,General Operatory,11:40,25
A11167,Patient 11167,D345,Checkup/Cleaning,General Operatory,10:50,39
A11168,Patient 11168,D736,X-ray/Imaging,Imaging Room,11:30,12
A11169,Patient 11169,D435,Checkup/Cleaning,General Operatory,12:20,50
A11170,Patient 11170,D142,Checkup/Cleaning,General Operatory,10:20,36
A11171,Patient 11171,D313,Checkup/Cleaning,General Operatory,14:05,54
A11172,Patient 11172,D659,Extraction,General Operatory,12:45,38
A11173,Patient 11173,D680,Checkup/Cleaning,General Operatory,11:20,58
A11174,Patient 11174,D78,Extraction,General Operatory,11:10,34
A11175,Patient 11175,D322,Root Canal,Endodontic Operatory,13:35,80
A11176,Patient 11176,D737,Checkup/Cleaning,General Operatory,11:55,31
A11177,Patient 11177,D344,Root Canal,Endodontic Operatory,13:50,76
A11178,Patient 11178,D251,Checkup/Cleaning,General Operatory,14:35,41
A11179,Patient 11179,D141,Extraction,General Operatory,11:00,27
A11180,Patient 11180,D62,Crown,General Operatory,11:15,38
A11181,Patient 11181,D225,Checkup/Cleaning,General Operatory,09:25,33
A11182,Patient 11182,D68,Checkup/Cleaning,General Operatory,14:30,39
A11183,Patient 11183,D190,Checkup/Cleaning,General Operatory,10:20,37
A11184,Patient 11184,D515,Extraction,General Operatory,15:50,20
A11185,Patient 11185,D344,Extraction,General Operatory,09:55,39
A11186,Patient 11186,D490,X-ray/Imaging,Imaging Room,13:05,10
A11187,Patient 11187,D438,Checkup/Cleaning,General Operatory,14:10,39
A11188,Patient 11188,D410,Extraction,General Operatory,10:30,40
A11189,Patient 11189,D598,Extraction,General Operatory,10:00,36
A11190,Patient 11190,D360,Filling,General Operatory,11:25,57
A11191,Patient 11191,D80,Checkup/Cleaning,General Operatory,11:15,41
A11192,Patient 11192,D708,Filling,General Operatory,11:10,38
A11193,Patient 11193,D390,Filling,General Operatory,14:00,48
A11194,Patient 11194,D195,Checkup/Cleaning,General Operatory,13:40,43
A11195,Patient 11195,D42,Filling,General Operatory,13:05,26
A11196,Patient 11196,D512,Checkup/Cleaning,General Operatory,14:25,51
A11197,Patient 11197,D651,Checkup/Cleaning,General Operatory,09:15,31
A11198,Patient 11198,D148,Crown,General Operatory,11:30,55
A11199,Patient 11199,D9,Extraction,General Operatory,09:35,24
A11200,Patient 11200,D584,Extraction,General Operatory,13:55,27
A11201,Patient 11201,D216,Root Canal,Endodontic Operatory,15:10,62
A11202,Patient 11202,D238,Checkup/Cleaning,General Operatory,11:10,43
A11203,Patient 11203,D416,Extraction,General Operatory,14:10,39
A11204,Patient 11204,D315,Extraction,General Operatory,13:15,33
A11205,Patient 11205,D41,Filling,General Operatory,14:20,27
A11206,Patient 11206,D735,Filling,General Operatory,15:30,24
A11207,Patient 11207,D121,Filling,General Operatory,12:15,54
A11208,Patient 11208,D246,Filling,General Operatory,11:25,32
A11209,Patient 11209,D330,Extraction,General Operatory,09:50,36
A11210,Patient 11210,D187,Filling,General Operatory,10:10,28
A11211,Patient 11211,D183,Extraction,General Operatory,10:25,29
A11212,Patient 11212,D551,Extraction,General Operatory,13:10,29
A11213,Patient 11213,D595,Crown,General Operatory,11:00,44
A11214,Patient 11214,D473,Extraction,General Operatory,11:15,35
A11215,Patient 11215,D532,Extraction,General Operatory,14:15,31
A11216,Patient 11216,D643,Checkup/Cleaning,General Operatory,14:25,58
A11217,Patient 11217,D542,Checkup/Cleaning,General Operatory,09:55,39
A11218,Patient 11218,D62,Checkup/Cleaning,General Operatory,11:20,45
A11219,Patient 11219,D522,Extraction,General Operatory,10:15,25
A11220,Patient 11220,D237,Filling,General Operatory,11:40,33
A11221,Patient 11221,D439,X-ray/Imaging,Imaging Room,11:55,12
A11222,Patient 11222,D407,Root Canal,Endodontic Operatory,09:40,83
A11223,Patient 11223,D123,Filling,General Operatory,12:25,24
A11224,Patient 11224,D539,Checkup/Cleaning,General Operatory,14:05,45
A11225,Patient 11225,D661,Checkup/Cleaning,General Operatory,10:15,56
A11226,Patient 11226,D296,Filling,General Operatory,13:55,48
A11227,Patient 11227,D384,Extraction,General Operatory,09:25,34
A11228,Patient 11228,D658,Extraction,General Operatory,14:25,23
A11229,Patient 11229,D533,Checkup/Cleaning,General Operatory,11:30,43
A11230,Patient 11230,D292,Checkup/Cleaning,General Operatory,14:35,36
A11231,Patient 11231,D284,Extraction,General Operatory,11:35,40
A11232,Patient 11232,D678,Filling,General Operatory,12:40,49
A11233,Patient 11233,D742,Filling,General Operatory,12:45,23
A11234,Patient 11234,D658,Checkup/Cleaning,General Operatory,14:20,39
A11235,Patient 11235,D383,Checkup/Cleaning,General Operatory,09:10,36
A11236,Patient 11236,D73,Filling,General Operatory,14:35,26
A11237,Patient 11237,D107,Checkup/Cleaning,General Operatory,11:50,35
A11238,Patient 11238,D180,Checkup/Cleaning,General Operatory,13:25,35
A11239,Patient 11239,D568,Filling,General Operatory,12:45,48
A11240,Patient 11240,D265,Checkup/Cleaning,General Operatory,10:30,41
A11241,Patient 11241,D167,Checkup/Cleaning,General Operatory,11:15,56
A11242,Patient 11242,D481,Checkup/Cleaning,General Operatory,10:15,47
A11243,Patient 11243,D329,Checkup/Cleaning,General Operatory,10:05,50
A11244,Patient 11244,D160,Root Canal,Endodontic Operatory,09:45,83
A11245,Patient 11245,D449,Checkup/Cleaning,General Operatory,13:45,46
A11246,Patient 11246,D158,Checkup/Cleaning,General Operatory,09:25,34
A11247,Patient 11247,D75,Checkup/Cleaning,General Operatory,13:05,39
A11248,Patient 11248,D43,Filling,General Operatory,11:20,44
A11249,Patient 11249,D732,Checkup/Cleaning,General Operatory,13:40,56
A11250,Patient 11250,D742,Checkup/Cleaning,General Operatory,12:15,44
